Дата,Станция,Име,Номер на карта,Име на артикул,Литри,Тип количество,GTA цена,Отстъпка,Марж,Печалба,Сума по GTA цена,ЕКО цена,Сума по ЕКО цена,Час,Километри,Billing_Document,company
2026-06-07,1148 Варна пристанище,В2075СА,78970155027720626,DIESEL EKONOMY,45.66,L15,1.61,0.03,0.0,3.7,73.51,1.64,74.88,15:39:00,0.0,3233012339 3233012339,OП ТАСРУД
2026-06-09,1147 Варна Ситроен,В2108СА,78970155027720642,DIESEL EKONOMY,40.0,L15,1.61,0.03,0.0,3.84,64.4,1.64,65.6,15:25:00,80850.0,3233092964 3233092964,OП ТАСРУД
2026-06-12,1199 Varna Car Osvoboditel,ТУБАТАСРУД1,78970155027720675,95 EKONOMY UNLEADED,10.02,L15,1.53,0.03,0.0,0.86,15.33,1.56,15.63,15:09:00,0.0,3233264325 3233264325,OП ТАСРУД
2026-06-12,1199 Varna Car Osvoboditel,В1485РР,78970155027720618,DIESEL EKONOMY,54.88,L15,1.58,0.03,0.0,3.62,86.71,1.61,88.36,15:10:00,0.0,3233264524 3233264524,OП ТАСРУД
2026-06-17,1147 Варна Ситроен,В9846КН,78970155027720592,DIESEL EKONOMY,36.15,L15,1.56,0.03,0.0,2.21,56.39,1.59,57.48,09:05:00,0.0,3233470868 3233470868,OП ТАСРУД
2026-06-17,1147 Варна Ситроен,ТУБА ТАСРУД2,78970155027720683,95 EKONOMY UNLEADED,3.49,L15,1.52,0.03,0.0,0.34,5.3,1.55,5.41,09:05:00,0.0,3233475738 3233475738,OП ТАСРУД
2026-06-17,1158 Варна Чайка,В2075СА,78970155027720626,DIESEL EKONOMY,50.0,L15,1.56,0.03,0.0,3.05,78.0,1.59,79.5,09:27:00,8641.0,3233471450 3233471450,OП ТАСРУД
2026-06-18,1199 Varna Car Osvoboditel,В7853КР,78970155027720600,95 EKONOMY UNLEADED,44.69,L15,1.52,0.03,0.0,4.29,67.93,1.55,69.27,14:17:00,173704.0,3233540873 3233540873,OП ТАСРУД
2026-06-23,1199 Varna Car Osvoboditel,В3528НН,78970155027720667,DIESEL EKONOMY,63.95,L15,1.49,0.03,0.0,3.26,95.29,1.52,97.2,10:47:00,0.0,3233773957 3233773957,OП ТАСРУД
2026-06-24,1146 Варна Сливница,В7232ВР,78970155027720634,E GAS LPG,26.58,L15,0.65,0.01,0.0,-9.3,17.28,0.66,17.54,13:58:00,72290.0,3233796170 3233796170,OП ТАСРУД
2026-06-25,1146 Варна Сливница,В2108СА,78970155027720642,DIESEL EKONOMY,43.92,L15,1.48,0.03,0.0,2.24,65.0,1.51,66.32,15:29:00,0.0,3233833855 3233833855,OП ТАСРУД
2026-06-26,1146 Варна Сливница,В9846КН,78970155027720592,DIESEL EKONOMY,36.26,L15,1.48,0.03,0.0,2.39,53.66,1.51,54.75,14:15:00,0.0,3233902234 3233902234,OП ТАСРУД
2026-06-29,1146 Варна Сливница,В7853КР,78970155027720600,95 EKONOMY UNLEADED,20.45,L15,1.47,0.03,0.0,2.27,30.06,1.5,30.67,11:58:00,173856.0,3234037747 3234037747,OП ТАСРУД
2026-06-29,1158 Варна Чайка,В7232ВР,78970155027720634,95 EKONOMY UNLEADED,3.56,L15,1.47,0.03,0.0,0.4,5.23,1.5,5.34,13:31:00,49740.0,3234055345 3234055345,OП ТАСРУД
2026-06-29,1158 Варна Чайка,В7232ВР,78970155027720634,E GAS LPG,17.47,L15,0.65,0.01,0.0,-6.11,11.36,0.66,11.53,13:31:00,49740.0,3234055345 3234055345,OП ТАСРУД
2026-06-29,1199 Varna Car Osvoboditel,ТУБАТАСРУД1,78970155027720675,95 EKONOMY UNLEADED,9.83,L15,1.47,0.03,0.0,1.09,14.45,1.5,14.74,11:23:00,0.0,3234066509 3234066509,OП ТАСРУД
2026-06-30,1146 Варна Сливница,В2075СА,78970155027720626,DIESEL EKONOMY,46.26,L15,1.48,0.03,0.0,3.75,68.46,1.51,69.85,09:32:00,86955.0,3234082075 3234082075,OП ТАСРУД
2026-06-30,1148 Варна пристанище,В2108СА,78970155027720642,DIESEL EKONOMY,18.0,L15,1.48,0.03,0.0,1.46,26.64,1.51,27.18,13:13:00,81420.0,3234106919 3234106919,OП ТАСРУД
2026-06-01,1144 Пловдив Стамболийски,АУ3,78970151027720112,DIESEL EKONOMY,48.42,L15,1.65,0.04,0.0,3.92,79.89,1.69,81.83,15:49:00,0.0,3232706548 3232706548,АГРАРЕН УНИВЕРСИТЕТ - ПЛОВДИВ
2026-06-01,1907 О5 Пловдив,АУ10,78970151027720187,DIESEL EKONOMY,24.18,L15,1.64,0.04,0.0,1.72,39.66,1.68,40.62,15:06:00,0.0,3232728364 3232728364,АГРАРЕН УНИВЕРСИТЕТ - ПЛОВДИВ
2026-06-02,1907 О5 Пловдив,АУ2,78970151027720104,95 EKONOMY UNLEADED,9.13,L15,1.53,0.04,0.0,0.42,13.97,1.57,14.33,13:18:00,0.0,3232771124 3232771124,АГРАРЕН УНИВЕРСИТЕТ - ПЛОВДИВ
2026-06-02,1911 O5 Варна,АУ6,78970151027720146,DIESEL EKONOMY,59.0,L15,1.65,0.04,0.0,5.37,97.35,1.69,99.71,14:42:00,0.0,3232742476 3232742476,АГРАРЕН УНИВЕРСИТЕТ - ПЛОВДИВ
2026-06-03,1907 О5 Пловдив,АУ4,78970151027720120,DIESEL EKONOMY,65.01,L15,1.64,0.04,0.0,5.27,106.62,1.68,109.22,14:56:00,0.0,3232811568 3232811568,АГРАРЕН УНИВЕРСИТЕТ - ПЛОВДИВ
2026-06-04,1907 О5 Пловдив,АУ2,78970151027720104,95 EKONOMY UNLEADED,27.0,L15,1.53,0.04,0.0,1.51,41.31,1.57,42.39,08:36:00,0.0,3232862013 3232862013,АГРАРЕН УНИВЕРСИТЕТ - ПЛОВДИВ
2026-06-04,1907 О5 Пловдив,АУ10,78970151027720187,DIESEL EKONOMY,23.47,L15,1.61,0.04,0.0,1.67,37.79,1.65,38.73,13:56:00,0.0,3232862961 3232862961,АГРАРЕН УНИВЕРСИТЕТ - ПЛОВДИВ
2026-06-05,1195 243 Тракия Езеро,АУ6,78970151027720146,DIESEL EKONOMY,60.88,L15,1.64,0.04,0.0,6.15,99.84,1.68,102.28,10:30:00,0.0,3232897160 3232897160,АГРАРЕН УНИВЕРСИТЕТ - ПЛОВДИВ
2026-06-06,"1925 HW Trakia, 243 km. Sofia direc",АУ4,78970151027720120,DIESEL EKONOMY,56.0,L15,1.62,0.04,0.0,5.1,90.72,1.66,92.96,12:45:00,0.0,3232961777 3232961777,АГРАРЕН УНИВЕРСИТЕТ - ПЛОВДИВ
2026-06-08,1907 О5 Пловдив,АУ6,78970151027720146,DIESEL EKONOMY,93.04,L15,1.59,0.04,0.0,5.68,147.93,1.63,151.66,11:49:00,0.0,3233060721 3233060721,АГРАРЕН УНИВЕРСИТЕТ - ПЛОВДИВ
2026-06-10,1907 О5 Пловдив,АУ4,78970151027720120,DIESEL EKONOMY,63.01,L15,1.58,0.04,0.0,4.16,99.56,1.62,102.08,16:42:00,0.0,3233153759 3233153759,АГРАРЕН УНИВЕРСИТЕТ - ПЛОВДИВ
2026-06-11,1106 Пловдив В. Априлов,АУ10,78970151027720187,DIESEL EKONOMY,57.0,L15,1.58,0.04,0.0,3.76,90.06,1.62,92.34,12:17:00,0.0,3233200239 3233200239,АГРАРЕН УНИВЕРСИТЕТ - ПЛОВДИВ
2026-06-12,1907 О5 Пловдив,АУ4,78970151027720120,DIESEL EKONOMY,67.01,L15,1.56,0.04,0.0,3.08,104.54,1.6,107.22,09:41:00,0.0,3233252679 3233252679,АГРАРЕН УНИВЕРСИТЕТ - ПЛОВДИВ
2026-06-12,1907 О5 Пловдив,АУ2,78970151027720104,DIESEL EKONOMY,72.98,L15,1.56,0.04,0.0,3.36,113.85,1.6,116.77,09:28:00,0.0,3233255325 3233255325,АГРАРЕН УНИВЕРСИТЕТ - ПЛОВДИВ
2026-06-12,1907 О5 Пловдив,АУ6,78970151027720146,DIESEL EKONOMY,85.0,L15,1.56,0.04,0.0,3.91,132.6,1.6,136.0,11:33:00,0.0,3233258087 3233258087,АГРАРЕН УНИВЕРСИТЕТ - ПЛОВДИВ
2026-06-16,1907 О5 Пловдив,АУ2,78970151027720104,95 EKONOMY UNLEADED,20.78,L15,1.52,0.04,0.0,1.58,31.59,1.56,32.42,10:18:00,0.0,3233444515 3233444515,АГРАРЕН УНИВЕРСИТЕТ - ПЛОВДИВ
2026-06-19,1907 О5 Пловдив,АУ5,78970151027720138,DIESEL EKONOMY,75.0,L15,1.51,0.04,0.0,0.82,113.25,1.55,116.25,11:47:00,0.0,3233587937 3233587937,АГРАРЕН УНИВЕРСИТЕТ - ПЛОВДИВ
2026-06-22,1106 Пловдив В. Априлов,АУ10,78970151027720187,DIESEL EKONOMY,43.3,L15,1.48,0.04,0.0,1.78,64.08,1.52,65.82,10:42:00,0.0,3233721225 3233721225,АГРАРЕН УНИВЕРСИТЕТ - ПЛОВДИВ
2026-06-23,1119 Асеновград,АУ6,78970151027720146,DIESEL EKONOMY,90.0,L15,1.48,0.04,0.0,3.69,133.2,1.52,136.8,16:08:00,0.0,3233775234 3233775234,АГРАРЕН УНИВЕРСИТЕТ - ПЛОВДИВ
2026-06-23,1907 О5 Пловдив,АУ1,78970151027720096,95 EKONOMY UNLEADED,80.0,L15,1.46,0.04,0.0,5.68,116.8,1.5,120.0,09:43:00,0.0,3233770366 3233770366,АГРАРЕН УНИВЕРСИТЕТ - ПЛОВДИВ
2026-06-25,1907 О5 Пловдив,АУ9,78970151027720179,DIESEL EKONOMY,50.0,L15,1.46,0.04,0.0,1.55,73.0,1.5,75.0,09:50:00,0.0,3233862886 3233862886,АГРАРЕН УНИВЕРСИТЕТ - ПЛОВДИВ
2026-06-25,1907 О5 Пловдив,АУ4,78970151027720120,DIESEL EKONOMY,82.01,L15,1.46,0.04,0.0,2.54,119.73,1.5,123.02,14:34:00,0.0,3233869118 3233869118,АГРАРЕН УНИВЕРСИТЕТ - ПЛОВДИВ
2026-06-29,1130 Пловдив Кукленско шосе,АУ3,78970151027720112,DIESEL EKONOMY,42.44,L15,1.47,0.04,0.0,3.01,62.39,1.51,64.08,09:18:00,0.0,3234060878 3234060878,АГРАРЕН УНИВЕРСИТЕТ - ПЛОВДИВ
2026-06-30,1907 О5 Пловдив,АУ10,78970151027720187,DIESEL EKONOMY,50.01,L15,1.46,0.04,0.0,3.05,73.01,1.5,75.02,15:04:00,0.0,3234113517 3234113517,АГРАРЕН УНИВЕРСИТЕТ - ПЛОВДИВ
2026-06-13,1195 243 Тракия Езеро,A1,78970154027720199,95 EKONOMY UNLEADED,87.71,L15,1.48,0.0,0.04,3.51,129.81,1.57,137.7,15:30:00,0.0,3233301652 3233301652,АГРОПАКТ ЕООД
2026-06-17,1156 Добрич бул. Добруджа,A1,78970154027720199,95 EKONOMY UNLEADED,88.55,L15,1.46,0.0,0.04,3.54,129.28,1.55,137.25,13:16:00,0.0,3233492845 3233492845,АГРОПАКТ ЕООД
2026-06-22,1156 Добрич бул. Добруджа,A1,78970154027720199,95 EKONOMY UNLEADED,93.91,L15,1.43,0.0,0.04,3.76,134.29,1.51,141.8,11:21:00,0.0,3233730474 3233730474,АГРОПАКТ ЕООД
2026-06-04,1199 Varna Car Osvoboditel,ДЛ3,78970151027720534,DIESEL EKONOMY,36.15,L15,1.56,0.0,0.02,0.72,56.39,1.66,60.01,13:19:00,0.0,3232864835 3232864835,АДИГА ЕООД
2026-06-05,1199 Varna Car Osvoboditel,ДЛ3,78970151027720534,DIESEL EKONOMY,62.05,L15,1.56,0.0,0.02,1.24,96.8,1.66,103.0,14:11:00,0.0,3232920255 3232920255,АДИГА ЕООД
2026-06-10,1199 Varna Car Osvoboditel,ДЛ3,78970151027720534,DIESEL EKONOMY,30.7,L15,1.53,0.0,0.02,0.61,46.97,1.63,50.04,10:46:00,0.0,3233155230 3233155230,АДИГА ЕООД
2026-06-16,1199 Varna Car Osvoboditel,ДЛ3,78970151027720534,DIESEL EKONOMY,65.0,L15,1.53,0.0,0.02,1.3,99.45,1.59,103.35,08:59:00,0.0,3233442147 3233442147,АДИГА ЕООД
2026-06-24,1199 Varna Car Osvoboditel,ДЛ3,78970151027720534,95 EKONOMY UNLEADED,49.32,L15,1.4,0.0,0.02,0.99,69.05,1.51,74.47,08:46:00,0.0,3233818731 3233818731,АДИГА ЕООД
2026-06-29,1199 Varna Car Osvoboditel,ДЛ3,78970151027720534,DIESEL EKONOMY,33.13,L15,1.42,0.0,0.02,0.66,47.04,1.51,50.03,10:39:00,0.0,3234064298 3234064298,АДИГА ЕООД
2026-06-06,1165 София К. Величков,CB5768MA,78970154027720223,95 EKONOMY UNLEADED,25.64,L15,1.5,0.0,0.04,1.03,38.46,1.56,40.0,10:53:00,0.0,3232958386 3232958386,АНИВА ЕООД
2026-06-19,"1901 София, Младост 4-ти км",CB5768MA,78970154027720223,95 EKONOMY UNLEADED,25.97,L15,1.46,0.0,0.04,1.04,37.92,1.54,39.99,15:22:00,0.0,3233580327 3233580327,АНИВА ЕООД
2026-06-21,1147 Варна Ситроен,CB3620BM,78970154027720215,DIESEL EKONOMY,26.63,L15,1.5,0.0,0.03,0.8,39.94,1.54,41.01,15:12:00,0.0,3233678447 3233678447,АНИВА ЕООД
2026-06-01,1146 Варна Сливница,В6478ТМ,78970153027721041,DIESEL EKONOMY,46.0,L15,1.61,0.0,0.04,1.84,74.06,1.69,77.74,18:56:00,0.0,3232694809 3232694809,БКС ДОЛНИ ЧИФЛИК ЕООД
2026-06-01,1911 O5 Варна,В5575XK,78970156027720491,95 EKONOMY UNLEADED,60.16,L15,1.51,0.0,0.03,1.8,90.84,1.57,94.45,08:36:00,0.0,3232700595 3232700595,БКС ДОЛНИ ЧИФЛИК ЕООД
2026-06-02,1147 Варна Ситроен,ТУБАБ1,78970153027721033,DIESEL EKONOMY,900.0,L15,1.6,0.0,0.04,36.0,1440.0,1.69,1521.0,11:01:00,0.0,3232721484 3232721484,БКС ДОЛНИ ЧИФЛИК ЕООД
2026-06-04,1147 Варна Ситроен,ТУБАБ1,78970153027721033,DIESEL EKONOMY,400.0,L15,1.58,0.0,0.04,16.0,632.0,1.66,664.0,08:46:00,0.0,3232848909 3232848909,БКС ДОЛНИ ЧИФЛИК ЕООД
2026-06-04,1156 Добрич бул. Добруджа,ТУБАБ1,78970153027721033,DIESEL EKONOMY,900.0,L15,1.58,0.0,0.04,36.0,1422.0,1.66,1494.0,14:14:00,0.0,3232854794 3232854794,БКС ДОЛНИ ЧИФЛИК ЕООД
2026-06-05,1147 Варна Ситроен,ТУБАБ1,78970153027721033,DIESEL EKONOMY,990.0,L15,1.58,0.0,0.04,39.6,1564.2,1.66,1643.4,15:44:00,0.0,3232896169 3232896169,БКС ДОЛНИ ЧИФЛИК ЕООД
2026-06-09,1147 Варна Ситроен,ТУБАБ1,78970153027721033,DIESEL EKONOMY,900.0,L15,1.55,0.0,0.04,36.0,1395.0,1.64,1476.0,11:25:00,0.0,3233091833 3233091833,БКС ДОЛНИ ЧИФЛИК ЕООД
2026-06-10,1911 O5 Варна,В5575XK,78970156027720491,95 EKONOMY UNLEADED,59.81,L15,1.47,0.0,0.03,1.79,87.92,1.56,93.3,13:16:00,0.0,3233143517 3233143517,БКС ДОЛНИ ЧИФЛИК ЕООД
2026-06-12,1147 Варна Ситроен,ТУБАБ1,78970153027721033,DIESEL EKONOMY,800.0,L15,1.55,0.0,0.04,32.0,1240.0,1.61,1288.0,09:13:00,0.0,3233217466 3233217466,БКС ДОЛНИ ЧИФЛИК ЕООД
2026-06-12,1147 Варна Ситроен,ТУБАБ1,78970153027721033,DIESEL EKONOMY,600.0,L15,1.55,0.0,0.04,24.0,930.0,1.61,966.0,15:56:00,0.0,3233248451 3233248451,БКС ДОЛНИ ЧИФЛИК ЕООД
2026-06-12,1911 O5 Варна,В5575XK,78970156027720491,DIESEL EKONOMY,36.43,L15,1.55,0.0,0.04,1.46,56.47,1.61,58.65,14:18:00,0.0,3233246319 3233246319,БКС ДОЛНИ ЧИФЛИК ЕООД
2026-06-16,1147 Варна Ситроен,ТУБАБ1,78970153027721033,DIESEL EKONOMY,800.0,L15,1.55,0.0,0.04,32.0,1240.0,1.59,1272.0,09:04:00,0.0,3233426071 3233426071,БКС ДОЛНИ ЧИФЛИК ЕООД
2026-06-20,1911 O5 Варна,В5575XK,78970156027720491,95 EKONOMY UNLEADED,57.83,L15,1.43,0.0,0.03,1.73,82.7,1.53,88.48,15:26:00,0.0,3233628669 3233628669,БКС ДОЛНИ ЧИФЛИК ЕООД
2026-06-22,1147 Варна Ситроен,ТУБАБ1,78970153027721033,DIESEL EKONOMY,900.0,L15,1.47,0.0,0.03,27.0,1323.0,1.52,1368.0,08:48:00,0.0,3233677384 3233677384,БКС ДОЛНИ ЧИФЛИК ЕООД
2026-06-22,1147 Варна Ситроен,ТУБАБ1,78970153027721033,DIESEL EKONOMY,61.02,L15,1.47,0.0,0.03,1.83,89.7,1.52,92.75,08:54:00,0.0,3233694077 3233694077,БКС ДОЛНИ ЧИФЛИК ЕООД
2026-06-22,1197 Разград,ТУБАБ1,78970153027721033,DIESEL EKONOMY,700.0,L15,1.47,0.0,0.03,21.0,1029.0,1.52,1064.0,12:20:00,0.0,3233723292 3233723292,БКС ДОЛНИ ЧИФЛИК ЕООД
2026-06-25,1147 Варна Ситроен,ТУБАБ1,78970153027721033,DIESEL EKONOMY,700.0,L15,1.46,0.0,0.03,21.0,1022.0,1.51,1057.0,08:40:00,0.0,3233788970 3233788970,БКС ДОЛНИ ЧИФЛИК ЕООД
2026-06-25,1147 Варна Ситроен,ТУБАБ1,78970153027721033,DIESEL EKONOMY,200.0,L15,1.46,0.0,0.03,6.0,292.0,1.51,302.0,08:45:00,0.0,3233851227 3233851227,БКС ДОЛНИ ЧИФЛИК ЕООД
2026-06-25,1197 Разград,ТУБАБ1,78970153027721033,DIESEL EKONOMY,900.0,L15,1.46,0.0,0.03,27.0,1314.0,1.51,1359.0,12:20:00,0.0,3233865372 3233865372,БКС ДОЛНИ ЧИФЛИК ЕООД
2026-06-26,1147 Варна Ситроен,В6478ТМ,78970153027721041,DIESEL EKONOMY,43.6,L15,1.44,0.0,0.03,1.31,62.78,1.51,65.84,13:58:00,0.0,3233920047 3233920047,БКС ДОЛНИ ЧИФЛИК ЕООД
2026-06-29,1911 O5 Варна,В5575XK,78970156027720491,DIESEL EKONOMY,41.54,L15,1.43,0.0,0.03,1.25,59.4,1.51,62.73,17:23:00,0.0,3234057529 3234057529,БКС ДОЛНИ ЧИФЛИК ЕООД
2026-06-30,1147 Варна Ситроен,ТУБАБ1,78970153027721033,DIESEL EKONOMY,700.07,L15,1.43,0.0,0.03,21.0,1001.1,1.51,1057.11,08:51:00,0.0,3234094963 3234094963,БКС ДОЛНИ ЧИФЛИК ЕООД
2026-06-30,1197 Разград,ТУБАБ1,78970153027721033,DIESEL EKONOMY,900.0,L15,1.43,0.0,0.03,27.0,1287.0,1.51,1359.0,12:41:00,0.0,3234116015 3234116015,БКС ДОЛНИ ЧИФЛИК ЕООД
2026-06-30,1911 O5 Варна,В5575XK,78970156027720491,95 EKONOMY UNLEADED,59.63,L15,1.39,0.0,0.03,1.79,82.89,1.5,89.44,09:17:00,0.0,3234096204 3234096204,БКС ДОЛНИ ЧИФЛИК ЕООД
2026-06-01,1199 Varna Car Osvoboditel,ДЛ1,78970151027720518,DIESEL EKONOMY,29.6,L15,1.59,0.0,0.02,0.59,47.06,1.69,50.02,07:18:00,0.0,3232719975 3232719975,ДЕЛОР 20 ЕООД
2026-06-01,1199 Varna Car Osvoboditel,ДЛ1,78970151027720518,95 EKONOMY UNLEADED,18.91,L15,1.5,0.0,0.02,0.38,28.36,1.57,29.69,07:18:00,0.0,3232719975 3232719975,ДЕЛОР 20 ЕООД
2026-06-02,1199 Varna Car Osvoboditel,ДЛ1,78970151027720518,95 EKONOMY UNLEADED,19.01,L15,1.5,0.0,0.02,0.38,28.52,1.57,29.85,08:09:00,0.0,3232768426 3232768426,ДЕЛОР 20 ЕООД
2026-06-03,1199 Varna Car Osvoboditel,ДЛ1,78970151027720518,DIESEL EKONOMY,11.83,L15,1.58,0.0,0.02,0.24,18.69,1.69,19.99,17:05:00,0.0,3232816294 3232816294,ДЕЛОР 20 ЕООД
2026-06-08,1199 Varna Car Osvoboditel,ДЛ1,78970151027720518,95 EKONOMY UNLEADED,19.28,L15,1.48,0.0,0.02,0.39,28.53,1.56,30.08,06:41:00,0.0,3233056129 3233056129,ДЕЛОР 20 ЕООД
2026-06-08,1199 Varna Car Osvoboditel,ДЛ2,78970151027720526,DIESEL EKONOMY,12.2,L15,1.55,0.0,0.02,0.24,18.91,1.64,20.01,16:59:00,0.0,3233063546 3233063546,ДЕЛОР 20 ЕООД
2026-06-11,1199 Varna Car Osvoboditel,ДЛ1,78970151027720518,DIESEL EKONOMY,12.34,L15,1.53,0.0,0.02,0.25,18.88,1.62,19.99,12:27:00,0.0,3233207110 3233207110,ДЕЛОР 20 ЕООД
2026-06-15,1199 Varna Car Osvoboditel,ДЛ1,78970151027720518,DIESEL EKONOMY,12.5,L15,1.53,0.0,0.02,0.25,19.12,1.6,20.0,14:09:00,0.0,3233399941 3233399941,ДЕЛОР 20 ЕООД
2026-06-15,1199 Varna Car Osvoboditel,ДЛ2,78970151027720526,DIESEL EKONOMY,12.5,L15,1.53,0.0,0.02,0.25,19.12,1.6,20.0,17:15:00,0.0,3233404005 3233404005,ДЕЛОР 20 ЕООД
2026-06-17,1199 Varna Car Osvoboditel,ДЛ1,78970151027720518,DIESEL EKONOMY,12.58,L15,1.52,0.0,0.02,0.25,19.12,1.59,20.0,07:01:00,0.0,3233487273 3233487273,ДЕЛОР 20 ЕООД
2026-06-17,1199 Varna Car Osvoboditel,ДЛ1,78970151027720518,95 EKONOMY UNLEADED,5.82,L15,1.44,0.0,0.02,0.12,8.38,1.55,9.02,07:01:00,0.0,3233487273 3233487273,ДЕЛОР 20 ЕООД
2026-06-19,1199 Varna Car Osvoboditel,ДЛ1,78970151027720518,DIESEL EKONOMY,12.82,L15,1.52,0.0,0.02,0.26,19.49,1.56,20.0,06:35:00,0.0,3233590838 3233590838,ДЕЛОР 20 ЕООД
2026-06-19,1199 Varna Car Osvoboditel,ДЛ1,78970151027720518,DIESEL EKONOMY,19.25,L15,1.52,0.0,0.02,0.38,29.26,1.56,30.03,08:39:00,0.0,3233592147 3233592147,ДЕЛОР 20 ЕООД
2026-06-19,1199 Varna Car Osvoboditel,ДЛ1,78970151027720518,95 EKONOMY UNLEADED,8.77,L15,1.44,0.0,0.02,0.18,12.63,1.54,13.51,08:39:00,0.0,3233592147 3233592147,ДЕЛОР 20 ЕООД
2026-06-23,1146 Варна Сливница,ДЛ1,78970151027720518,95 EKONOMY UNLEADED,8.29,L15,1.41,0.0,0.02,0.17,11.69,1.51,12.52,10:01:00,0.0,3233748034 3233748034,ДЕЛОР 20 ЕООД
2026-06-23,1146 Варна Сливница,ДЛ1,78970151027720518,95 EKONOMY UNLEADED,4.95,L15,1.41,0.0,0.02,0.1,6.98,1.51,7.47,14:00:00,0.0,3233748803 3233748803,ДЕЛОР 20 ЕООД
2026-06-23,1199 Varna Car Osvoboditel,ДЛ1,78970151027720518,DIESEL EKONOMY,6.58,L15,1.46,0.0,0.02,0.13,9.61,1.52,10.0,07:56:00,0.0,3233770777 3233770777,ДЕЛОР 20 ЕООД
2026-06-24,1199 Varna Car Osvoboditel,ДЛ1,78970151027720518,DIESEL EKONOMY,13.27,L15,1.45,0.0,0.02,0.27,19.24,1.51,20.04,18:55:00,0.0,3233825630 3233825630,ДЕЛОР 20 ЕООД
2026-06-25,1199 Varna Car Osvoboditel,ДЛ1,78970151027720518,DIESEL EKONOMY,13.24,L15,1.45,0.0,0.02,0.26,19.2,1.51,19.99,05:48:00,0.0,3233864648 3233864648,ДЕЛОР 20 ЕООД
2026-06-25,1199 Varna Car Osvoboditel,ДЛ1,78970151027720518,95 EKONOMY UNLEADED,10.63,L15,1.4,0.0,0.02,0.21,14.88,1.51,16.05,05:48:00,0.0,3233864648 3233864648,ДЕЛОР 20 ЕООД
2026-06-26,1199 Varna Car Osvoboditel,ДЛ1,78970151027720518,DIESEL EKONOMY,9.93,L15,1.43,0.0,0.02,0.2,14.2,1.51,14.99,05:52:00,0.0,3233941724 3233941724,ДЕЛОР 20 ЕООД
2026-06-26,1199 Varna Car Osvoboditel,ДЛ1,78970151027720518,95 EKONOMY UNLEADED,4.7,L15,1.39,0.0,0.02,0.09,6.53,1.5,7.05,05:52:00,0.0,3233941724 3233941724,ДЕЛОР 20 ЕООД
2026-06-28,1199 Varna Car Osvoboditel,ДЛ1,78970151027720518,DIESEL EKONOMY,13.25,L15,1.43,0.0,0.02,0.26,18.95,1.51,20.01,11:37:00,0.0,3234019289 3234019289,ДЕЛОР 20 ЕООД
2026-06-29,1199 Varna Car Osvoboditel,ДЛ1,78970151027720518,DIESEL EKONOMY,9.95,L15,1.42,0.0,0.02,0.2,14.13,1.51,15.02,15:30:00,0.0,3234066758 3234066758,ДЕЛОР 20 ЕООД
2026-06-01,1183 София Чепинци,СВ4064ХА,78970156027720525,DIESEL EKONOMY,310.18,L15,1.61,0.0,0.04,12.41,499.39,1.7,527.31,09:36:00,0.0,3232714362 3232714362,ДЕМАКС АД % ГРУПА 1
2026-06-01,1183 София Чепинци,СВ4064ХА,78970156027720525,ADBLUE 1L,25.0,L15,1.32,0.0,0.0,,33.0,1.32,33.0,09:36:00,0.0,3232714362 3232714362,ДЕМАКС АД % ГРУПА 1
2026-06-02,1122 София Борис III,СВ1283СТ,78970156027720533,DIESEL EKONOMY,77.0,L15,1.6,0.0,0.04,3.08,123.2,1.71,131.67,15:05:00,0.0,3232757073 3232757073,ДЕМАКС АД % ГРУПА 1
2026-06-02,1184 София Дружба2,СВ3481ХА,78970156027720582,10 Л. ДOБABKA ADBLUE ДИЗEЛOBИ ДBИГATEЛИ,1.0,PC,24.99,0.0,0.0,,24.99,24.99,24.99,11:28:00,,3232876130 3232876130,ДЕМАКС АД % ГРУПА 1
2026-06-02,1917 бул. Асен Йорданов,СВ4779СТ,78970156027720558,DIESEL EKONOMY,55.38,L15,1.6,0.0,0.04,2.22,88.61,1.68,93.04,16:12:00,0.0,3232745794 3232745794,ДЕМАКС АД % ГРУПА 1
2026-06-02,1917 бул. Асен Йорданов,СВ0420ХМ,78970156027720616,DIESEL EKONOMY,73.3,L15,1.6,0.0,0.04,2.93,117.28,1.68,123.14,13:07:00,0.0,3232745894 3232745894,ДЕМАКС АД % ГРУПА 1
2026-06-03,1101 София Ихтиман,СВ0422ХМ,78970156027720624,DIESEL EKONOMY,54.71,L15,1.6,0.0,0.04,2.19,87.54,1.72,94.1,06:29:00,0.0,3232783157 3232783157,ДЕМАКС АД % ГРУПА 1
2026-06-03,1184 София Дружба2,СВ7119КК,78970156027720566,DIESEL DOUBLE FILTERED,39.46,L15,1.84,0.0,0.09,3.55,72.61,1.94,76.55,16:30:00,0.0,3232810337 3232810337,ДЕМАКС АД % ГРУПА 1
2026-06-04,1184 София Дружба2,СВ0422ХМ,78970156027720624,DIESEL EKONOMY,79.0,L15,1.58,0.0,0.04,3.16,124.82,1.66,131.14,16:11:00,0.0,3232859663 3232859663,ДЕМАКС АД % ГРУПА 1
2026-06-04,"1925 HW Trakia, 243 km. Sofia direc",СВ4779СТ,78970156027720558,DIESEL EKONOMY,77.38,L15,1.58,0.0,0.04,3.1,122.26,1.68,130.0,09:21:00,0.0,3232861428 3232861428,ДЕМАКС АД % ГРУПА 1
2026-06-07,1152 Бургас езеро,СВ8839НН,78970156027720574,DIESEL EKONOMY,40.06,L15,1.57,0.0,0.04,1.6,62.89,1.65,66.1,10:18:00,0.0,3232997504 3232997504,ДЕМАКС АД % ГРУПА 1
2026-06-08,1184 София Дружба2,СВ1283СТ,78970156027720533,DIESEL EKONOMY,77.8,L15,1.57,0.0,0.04,3.11,122.15,1.64,127.59,11:59:00,0.0,3233048401 3233048401,ДЕМАКС АД % ГРУПА 1
2026-06-08,1917 бул. Асен Йорданов,СА7292АВ,78970156027720509,DIESEL EKONOMY,110.23,L15,1.57,0.0,0.04,4.41,173.06,1.63,179.67,13:03:00,0.0,3233029371 3233029371,ДЕМАКС АД % ГРУПА 1
2026-06-10,1120 Пловдив Радиново,СВ0422ХМ,78970156027720624,DIESEL EKONOMY,70.64,L15,1.55,0.0,0.04,2.83,109.49,1.66,117.26,15:15:00,0.0,3233151860 3233151860,ДЕМАКС АД % ГРУПА 1
2026-06-11,1184 София Дружба2,СВ2261ХН,78970156027720608,DIESEL DOUBLE FILTERED,65.52,L15,1.8,0.0,0.09,5.9,117.94,1.87,122.52,09:10:00,0.0,3233188584 3233188584,ДЕМАКС АД % ГРУПА 1
2026-06-12,1101 София Ихтиман,СВ1283СТ,78970156027720533,DIESEL EKONOMY,74.68,L15,1.55,0.0,0.04,2.99,115.75,1.64,122.48,09:06:00,0.0,3233218791 3233218791,ДЕМАКС АД % ГРУПА 1
2026-06-12,1185 София Дружба 1,СВ1088ЕО,78970156027720632,DIESEL EKONOMY,49.62,L15,1.55,0.0,0.04,1.98,76.91,1.61,79.89,11:38:00,12288.0,3233258124 3233258124,ДЕМАКС АД % ГРУПА 1
2026-06-15,1183 София Чепинци,СВ4064ХА,78970156027720525,DIESEL EKONOMY,356.12,L15,1.55,0.0,0.04,14.24,551.99,1.61,573.35,09:54:00,0.0,3233390603 3233390603,ДЕМАКС АД % ГРУПА 1
2026-06-15,1184 София Дружба2,СВ3481ХА,78970156027720582,DIESEL DOUBLE FILTERED,63.4,L15,1.8,0.0,0.09,5.71,114.12,1.85,117.29,11:32:00,0.0,3233386898 3233386898,ДЕМАКС АД % ГРУПА 1
2026-06-15,1195 243 Тракия Езеро,СВ2261ХН,78970156027720608,DIESEL EKONOMY,25.29,L15,1.55,0.0,0.04,1.01,39.2,1.62,40.97,09:05:00,0.0,3233384530 3233384530,ДЕМАКС АД % ГРУПА 1
2026-06-16,1917 бул. Асен Йорданов,СВ0420ХМ,78970156027720616,DIESEL EKONOMY,71.81,L15,1.55,0.0,0.04,2.87,111.31,1.58,113.46,11:38:00,0.0,3233416006 3233416006,ДЕМАКС АД % ГРУПА 1
2026-06-17,1917 бул. Асен Йорданов,СВ0422ХМ,78970156027720624,DIESEL EKONOMY,40.93,L15,1.54,0.0,0.04,1.64,63.03,1.58,64.67,13:53:00,0.0,3233464089 3233464089,ДЕМАКС АД % ГРУПА 1
2026-06-17,1917 бул. Асен Йорданов,СВ0422ХМ,78970156027720624,10 Л. ДOБABKA ADBLUE ДИЗEЛOBИ ДBИГATEЛИ,1.0,PC,23.79,0.0,0.0,,23.79,23.79,23.79,13:53:00,0.0,3233466995 3233466995,ДЕМАКС АД % ГРУПА 1
2026-06-18,1184 София Дружба2,СВ7119КК,78970156027720566,DIESEL EKONOMY,44.59,L15,1.54,0.0,0.04,1.78,68.67,1.58,70.45,17:04:00,0.0,3233529092 3233529092,ДЕМАКС АД % ГРУПА 1
2026-06-18,"1901 София, Младост 4-ти км",СВ1283СТ,78970156027720533,DIESEL EKONOMY,69.74,L15,1.54,0.0,0.04,2.79,107.4,1.6,111.58,14:13:00,0.0,3233524679 3233524679,ДЕМАКС АД % ГРУПА 1
2026-06-19,1120 Пловдив Радиново,СВ0422ХМ,78970156027720624,DIESEL EKONOMY,82.77,L15,1.54,0.0,0.04,3.31,127.47,1.59,131.6,12:34:00,0.0,3233577042 3233577042,ДЕМАКС АД % ГРУПА 1
2026-06-19,1184 София Дружба2,СВ7594АЕ,78970156027720657,DIESEL EKONOMY,26.21,L15,1.54,0.0,0.04,1.05,40.36,1.56,40.89,12:27:00,0.0,3233578643 3233578643,ДЕМАКС АД % ГРУПА 1
2026-06-19,1184 София Дружба2,СВ5362ТН,78970156027720590,DIESEL EKONOMY,52.21,L15,1.54,0.0,0.04,2.09,80.4,1.56,81.45,10:11:00,0.0,3233578954 3233578954,ДЕМАКС АД % ГРУПА 1
2026-06-19,1184 София Дружба2,СВ2114НН,78970156027720541,DIESEL EKONOMY,55.75,L15,1.54,0.0,0.04,2.23,85.86,1.56,86.97,14:53:00,0.0,3233585024 3233585024,ДЕМАКС АД % ГРУПА 1
2026-06-22,1917 бул. Асен Йорданов,СВ2261ХН,78970156027720608,DIESEL EKONOMY,71.01,L15,1.47,0.0,0.03,2.13,104.38,1.51,107.23,13:42:00,0.0,3233711423 3233711423,ДЕМАКС АД % ГРУПА 1
2026-06-23,1172 Русе Шелф,СВ0420ХМ,78970156027720616,DIESEL EKONOMY,46.05,L15,1.47,0.0,0.03,1.38,67.69,1.52,70.0,11:12:00,0.0,3233774013 3233774013,ДЕМАКС АД % ГРУПА 1
2026-06-24,1139 София Ломско шосе,СВ1283СТ,78970156027720533,DIESEL EKONOMY,81.71,L15,1.46,0.0,0.03,2.45,119.3,1.51,123.38,15:15:00,0.0,3233819073 3233819073,ДЕМАКС АД % ГРУПА 1
2026-06-24,1152 Бургас езеро,СВ8839НН,78970156027720574,DIESEL EKONOMY,28.55,L15,1.46,0.0,0.03,0.86,41.68,1.51,43.11,11:47:00,0.0,3233806951 3233806951,ДЕМАКС АД % ГРУПА 1
2026-06-25,1917 бул. Асен Йорданов,СВ0420ХМ,78970156027720616,DIESEL EKONOMY,68.88,L15,1.46,0.0,0.03,2.07,100.56,1.5,103.32,14:56:00,0.0,3233836310 3233836310,ДЕМАКС АД % ГРУПА 1
2026-06-25,1917 бул. Асен Йорданов,СВ0420ХМ,78970156027720616,10L ADPLUS DIESEL ADDITIVE,1.0,PC,26.83,0.0,0.0,,26.83,26.83,26.83,14:56:00,0.0,3233836310 3233836310,ДЕМАКС АД % ГРУПА 1
2026-06-25,"1925 HW Trakia, 243 km. Sofia direc",СВ0422ХМ,78970156027720624,DIESEL EKONOMY,71.1,L15,1.46,0.0,0.03,2.13,103.81,1.54,109.49,12:29:00,0.0,3233865333 3233865333,ДЕМАКС АД % ГРУПА 1
2026-06-29,"1192 София, Младост Ал. Малинов",СВ7594АЕ,78970156027720657,DIESEL EKONOMY,55.55,L15,1.43,0.0,0.03,1.67,79.44,1.51,83.88,16:21:00,0.0,3234056857 3234056857,ДЕМАКС АД % ГРУПА 1
2026-06-30,1127 Благоевград,СВ0901ОА,78970156027720640,DIESEL EKONOMY,30.0,L15,1.43,0.0,0.03,0.9,42.9,1.5,45.0,12:45:00,0.0,3234106345 3234106345,ДЕМАКС АД % ГРУПА 1
2026-06-30,1183 София Чепинци,СВ4064ХА,78970156027720525,DIESEL EKONOMY,310.16,L15,1.43,0.0,0.03,9.3,443.53,1.51,468.34,09:51:00,0.0,3234102109 3234102109,ДЕМАКС АД % ГРУПА 1
2026-06-30,1183 София Чепинци,СВ4064ХА,78970156027720525,ADBLUE 1L,32.6,L15,1.32,0.0,0.0,,43.03,1.32,43.03,09:51:00,0.0,3234102109 3234102109,ДЕМАКС АД % ГРУПА 1
2026-06-30,"1902 София, О5 Малинова Долина",СВ1283СТ,78970156027720533,DIESEL EKONOMY,80.02,L15,1.43,0.0,0.03,2.4,114.43,1.53,122.43,15:07:00,0.0,3234097180 3234097180,ДЕМАКС АД % ГРУПА 1
2026-06-01,1160 София бул. България,СВ4297ТА,78970156027720772,95 EKONOMY UNLEADED,29.64,L15,1.51,0.0,0.03,0.89,44.76,1.57,46.53,07:44:00,0.0,3232692250 3232692250,ДЕМАКС АД % ГРУПА 2
2026-06-01,1184 София Дружба2,СВ8778ВР,78970156027720673,EKO RACING 100,31.0,L15,1.8,0.0,0.07,2.17,55.8,1.82,56.42,07:51:00,0.0,3232713969 3232713969,ДЕМАКС АД % ГРУПА 2
2026-06-01,"1901 София, Младост 4-ти км",СВ0481НН,78970156027720798,DIESEL EKONOMY,48.25,L15,1.61,0.0,0.04,1.93,77.68,1.71,82.51,21:21:00,139700.0,3232727367 3232727367,ДЕМАКС АД % ГРУПА 2
2026-06-02,1157 Пловдив Тракия,СВ9296ВЕ,78970156027720756,EKO RACING 100,34.97,L15,1.8,0.0,0.07,2.45,62.95,1.83,64.0,19:42:00,0.0,3232771288 3232771288,ДЕМАКС АД % ГРУПА 2
2026-06-03,1184 София Дружба2,СВ0660ТР,78970156027720665,DIESEL DOUBLE FILTERED,48.42,L15,1.84,0.0,0.09,4.36,89.09,1.94,93.93,15:25:00,0.0,3232807095 3232807095,ДЕМАКС АД % ГРУПА 2
2026-06-03,"1925 HW Trakia, 243 km. Sofia direc",СВ4297ТА,78970156027720772,95 EKONOMY UNLEADED,29.37,L15,1.51,0.0,0.03,0.88,44.35,1.58,46.4,12:53:00,0.0,3232818600 3232818600,ДЕМАКС АД % ГРУПА 2
2026-06-04,1132 Хасково Левски,СВ4298ТА,78970156027720780,4 Л. ЛЯTHA TEЧHOCT ЗA ЧИCTAЧKИ ГOTOBA,1.0,PC,9.39,0.0,0.0,,9.39,9.39,9.39,12:28:00,0.0,3232856574 3232856574,ДЕМАКС АД % ГРУПА 2
2026-06-04,1132 Хасково Левски,СВ4298ТА,78970156027720780,95 EKONOMY UNLEADED,24.42,L15,1.5,0.0,0.03,0.73,36.63,1.57,38.34,12:24:00,,3233413059 3233413059,ДЕМАКС АД % ГРУПА 2
2026-06-04,1132 Хасково Левски,СВ4298ТА,78970156027720780,LAVAZZA COFFEE,1.0,PC,1.63,0.0,0.0,,1.63,1.63,1.63,12:24:00,,3233413059 3233413059,ДЕМАКС АД % ГРУПА 2
2026-06-04,1132 Хасково Левски,СВ4298ТА,78970156027720780,KARELIA SLIMS,1.0,PC,3.4,0.0,0.0,,3.4,3.4,3.4,12:24:00,,3233413059 3233413059,ДЕМАКС АД % ГРУПА 2
2026-06-05,1160 София бул. България,СВ4297ТА,78970156027720772,95 EKONOMY UNLEADED,21.12,L15,1.5,0.0,0.03,0.63,31.68,1.57,33.16,07:59:00,0.0,3232877198 3232877198,ДЕМАКС АД % ГРУПА 2
2026-06-05,1160 София бул. България,СВ4297ТА,78970156027720772,2L SUMMER SCREEN WASH LIQUID,1.0,PC,4.99,0.0,0.0,,4.99,4.99,4.99,07:59:00,0.0,3232877198 3232877198,ДЕМАКС АД % ГРУПА 2
2026-06-07,1184 София Дружба2,СВ0660ТР,78970156027720665,DIESEL DOUBLE FILTERED,41.27,L15,1.82,0.0,0.09,3.71,75.11,1.89,78.0,08:33:00,0.0,3232999933 3232999933,ДЕМАКС АД % ГРУПА 2
2026-06-07,"1902 София, О5 Малинова Долина",СВ2318ХТ,78970156027720715,95 EKONOMY UNLEADED,29.89,L15,1.49,0.0,0.03,0.9,44.54,1.56,46.63,08:50:00,0.0,3232993675 3232993675,ДЕМАКС АД % ГРУПА 2
2026-06-07,"1925 HW Trakia, 243 km. Sofia direc",СВ7887РН,78970156027720681,EKO RACING 100,31.59,L15,1.8,0.0,0.07,2.21,56.86,1.82,57.49,14:31:00,0.0,3232999696 3232999696,ДЕМАКС АД % ГРУПА 2
2026-06-10,"1902 София, О5 Малинова Долина",СВ7717МО,78970156027720707,95 EKONOMY UNLEADED,28.74,L15,1.47,0.0,0.03,0.86,42.25,1.56,44.83,19:54:00,0.0,3233151813 3233151813,ДЕМАКС АД % ГРУПА 2
2026-06-11,1101 София Ихтиман,СВ4298ТА,78970156027720780,95 EKONOMY UNLEADED,32.34,L15,1.47,0.0,0.03,0.97,47.54,1.57,50.77,10:00:00,0.0,3233187648 3233187648,ДЕМАКС АД % ГРУПА 2
2026-06-11,1139 София Ломско шосе,СВ0481НН,78970156027720798,DIESEL EKONOMY,35.81,L15,1.55,0.0,0.04,1.43,55.51,1.62,58.01,18:10:00,140140.0,3233209329 3233209329,ДЕМАКС АД % ГРУПА 2
2026-06-11,1180 София Сребърна,СВ4297ТА,78970156027720772,95 EKONOMY UNLEADED,29.89,L15,1.47,0.0,0.03,0.9,43.94,1.56,46.63,16:13:00,0.0,3233203550 3233203550,ДЕМАКС АД % ГРУПА 2
2026-06-11,"1902 София, О5 Малинова Долина",СВ0660ТР,78970156027720665,DIESEL DOUBLE FILTERED,39.7,L15,1.8,0.0,0.09,3.57,71.46,1.89,75.03,08:04:00,0.0,3233184338 3233184338,ДЕМАКС АД % ГРУПА 2
2026-06-11,"1902 София, О5 Малинова Долина",СВ0660ТР,78970156027720665,2L SUMMER SCREEN WASH LIQUID,1.0,PC,4.99,0.0,0.0,,4.99,4.99,4.99,08:04:00,0.0,3233184338 3233184338,ДЕМАКС АД % ГРУПА 2
2026-06-11,1910 О5 Бургас,СВ7717МО,78970156027720707,95 EKONOMY UNLEADED,33.88,L15,1.47,0.0,0.03,1.02,49.8,1.56,52.85,17:06:00,0.0,3233207551 3233207551,ДЕМАКС АД % ГРУПА 2
2026-06-14,1184 София Дружба2,СВ7717МО,78970156027720707,95 EKONOMY UNLEADED,42.95,L15,1.47,0.0,0.03,1.29,63.14,1.56,67.0,15:25:00,0.0,3233344037 3233344037,ДЕМАКС АД % ГРУПА 2
2026-06-14,"1901 София, Младост 4-ти км",СВ5666НВ,78970156027720731,EKO RACING 100,14.78,L15,1.78,0.0,0.07,1.03,26.31,1.81,26.75,08:28:00,0.0,3233340128 3233340128,ДЕМАКС АД % ГРУПА 2
2026-06-15,"1902 София, О5 Малинова Долина",СВ0660ТР,78970156027720665,DIESEL DOUBLE FILTERED,39.59,L15,1.8,0.0,0.09,3.56,71.26,1.87,74.03,07:48:00,0.0,3233382010 3233382010,ДЕМАКС АД % ГРУПА 2
2026-06-15,"1902 София, О5 Малинова Долина",СВ0660ТР,78970156027720665,2L SUMMER SCREEN WASH LIQUID,1.0,PC,4.99,0.0,0.0,,4.99,4.99,4.99,07:48:00,0.0,3233382010 3233382010,ДЕМАКС АД % ГРУПА 2
2026-06-16,1173 Ямбол,СВ9610НА,78970156027720814,95 EKONOMY UNLEADED,44.03,L15,1.47,0.0,0.03,1.32,64.72,1.56,68.69,10:28:00,0.0,3233448540 3233448540,ДЕМАКС АД % ГРУПА 2
2026-06-16,"1925 HW Trakia, 243 km. Sofia direc",СВ9296ВЕ,78970156027720756,EKO RACING 100,31.68,L15,1.78,0.0,0.07,2.22,56.39,1.82,57.66,13:04:00,0.0,3233413186 3233413186,ДЕМАКС АД % ГРУПА 2
2026-06-17,1101 София Ихтиман,СВ7887РН,78970156027720681,EKO RACING 100,23.87,L15,1.77,0.0,0.07,1.67,42.25,1.82,43.44,09:08:00,0.0,3233470870 3233470870,ДЕМАКС АД % ГРУПА 2
2026-06-17,1101 София Ихтиман,СВ7887РН,78970156027720681,2L SUMMER SCREEN WASH LIQUID,1.0,PC,5.49,0.0,0.0,,5.49,5.49,5.49,09:08:00,0.0,3233470870 3233470870,ДЕМАКС АД % ГРУПА 2
2026-06-17,1157 Пловдив Тракия,СВ9296ВЕ,78970156027720756,EKO RACING 100,27.47,L15,1.77,0.0,0.07,1.92,48.62,1.82,50.0,20:31:00,0.0,3233483790 3233483790,ДЕМАКС АД % ГРУПА 2
2026-06-17,1157 Пловдив Тракия,СВ9296ВЕ,78970156027720756,2L SUMMER SCREEN WASH LIQUID,1.0,PC,5.49,0.0,0.0,,5.49,5.49,5.49,20:31:00,0.0,3233483790 3233483790,ДЕМАКС АД % ГРУПА 2
2026-06-18,1195 243 Тракия Езеро,СВ4297ТА,78970156027720772,95 EKONOMY UNLEADED,30.67,L15,1.45,0.0,0.03,0.92,44.47,1.56,47.85,08:44:00,0.0,3233509770 3233509770,ДЕМАКС АД % ГРУПА 2
2026-06-18,"1925 HW Trakia, 243 km. Sofia direc",СВ4297ТА,78970156027720772,95 EKONOMY UNLEADED,20.1,L15,1.45,0.0,0.03,0.6,29.14,1.56,31.36,16:19:00,0.0,3233541548 3233541548,ДЕМАКС АД % ГРУПА 2
2026-06-19,1101 София Ихтиман,СВ2104ТЕ,78970156027720699,EKO RACING 100,51.53,L15,1.77,0.0,0.07,3.61,91.21,1.81,93.27,15:36:00,0.0,3233578527 3233578527,ДЕМАКС АД % ГРУПА 2
2026-06-19,1160 София бул. България,СВ4297ТА,78970156027720772,95 EKONOMY UNLEADED,17.27,L15,1.45,0.0,0.03,0.52,25.04,1.54,26.6,07:35:00,0.0,3233574205 3233574205,ДЕМАКС АД % ГРУПА 2
2026-06-19,"1902 София, О5 Малинова Долина",СВ0660ТР,78970156027720665,DIESEL DOUBLE FILTERED,59.78,L15,1.79,0.0,0.09,5.38,107.01,1.84,110.0,09:02:00,0.0,3233561485 3233561485,ДЕМАКС АД % ГРУПА 2
2026-06-20,1198 Struma Highway,СВ7717МО,78970156027720707,95 EKONOMY UNLEADED,18.83,L15,1.43,0.0,0.03,0.56,26.93,1.54,29.0,16:31:00,0.0,3233603089 3233603089,ДЕМАКС АД % ГРУПА 2
2026-06-21,1195 243 Тракия Езеро,СВ8778ВР,78970156027720673,EKO RACING 100,38.72,L15,1.74,0.0,0.06,2.32,67.37,1.8,69.7,12:29:00,0.0,3233673810 3233673810,ДЕМАКС АД % ГРУПА 2
2026-06-21,"1903 София, О5 Царско село",СВ7717МО,78970156027720707,95 EKONOMY UNLEADED,39.75,L15,1.43,0.0,0.03,1.19,56.84,1.53,60.82,21:47:00,0.0,3233685308 3233685308,ДЕМАКС АД % ГРУПА 2
2026-06-22,"1192 София, Младост Ал. Малинов",СВ0481НН,78970156027720798,DIESEL EKONOMY,49.0,L15,1.47,0.0,0.03,1.47,72.03,1.52,74.48,12:42:00,140700.0,3233719448 3233719448,ДЕМАКС АД % ГРУПА 2
2026-06-24,1910 О5 Бургас,СВ8778ВР,78970156027720673,EKO RACING 100,50.28,L15,1.72,0.0,0.06,3.02,86.48,1.77,89.0,11:00:00,0.0,3233818793 3233818793,ДЕМАКС АД % ГРУПА 2
2026-06-25,1184 София Дружба2,СА5061ХС,78970156027720723,DIESEL DOUBLE FILTERED,39.55,L15,1.72,0.0,0.08,3.16,68.03,1.77,70.0,11:23:00,0.0,3233826760 3233826760,ДЕМАКС АД % ГРУПА 2
2026-06-26,1184 София Дружба2,СВ8778ВР,78970156027720673,EKO RACING 100,45.0,L15,1.71,0.0,0.06,2.7,76.95,1.76,79.2,13:12:00,0.0,3233929761 3233929761,ДЕМАКС АД % ГРУПА 2
2026-06-26,"1903 София, О5 Царско село",СВ4297ТА,78970156027720772,95 EKONOMY UNLEADED,19.66,L15,1.4,0.0,0.03,0.59,27.52,1.5,29.49,14:08:00,0.0,3233917897 3233917897,ДЕМАКС АД % ГРУПА 2
2026-06-26,1917 бул. Асен Йорданов,СВ1818НО,78970156027720749,DIESEL DOUBLE FILTERED,51.06,L15,1.7,0.0,0.08,4.08,86.8,1.76,89.87,10:28:00,300.0,3233896881 3233896881,ДЕМАКС АД % ГРУПА 2
2026-06-27,1157 Пловдив Тракия,СВ2578КК,78970156027720806,DIESEL DOUBLE FILTERED,61.79,L15,1.7,0.0,0.08,4.94,105.04,1.8,111.22,11:22:00,55775.0,3233950744 3233950744,ДЕМАКС АД % ГРУПА 2
2026-06-28,1910 О5 Бургас,СВ5666НВ,78970156027720731,EKO RACING 100,33.53,L15,1.71,0.0,0.06,2.01,57.34,1.76,59.01,13:47:00,0.0,3234020768 3234020768,ДЕМАКС АД % ГРУПА 2
2026-06-29,1157 Пловдив Тракия,СВ4298ТА,78970156027720780,95 EKONOMY UNLEADED,35.04,L15,1.39,0.0,0.03,1.05,48.71,1.51,52.91,09:51:00,0.0,3234049036 3234049036,ДЕМАКС АД % ГРУПА 2
2026-06-29,"1903 София, О5 Царско село",СВ2318ХТ,78970156027720715,EKO RACING 100,32.97,L15,1.71,0.0,0.06,1.98,56.38,1.76,58.03,14:57:00,0.0,3234048501 3234048501,ДЕМАКС АД % ГРУПА 2
2026-06-29,"1925 HW Trakia, 243 km. Sofia direc",СВ2578КК,78970156027720806,DIESEL DOUBLE FILTERED,50.83,L15,1.7,0.0,0.08,4.07,86.41,1.8,91.49,09:41:00,0.0,3234056216 3234056216,ДЕМАКС АД % ГРУПА 2
2026-06-30,1160 София бул. България,СВ4297ТА,78970156027720772,95 EKONOMY UNLEADED,33.26,L15,1.39,0.0,0.03,1.0,46.23,1.5,49.89,08:15:00,0.0,3234095463 3234095463,ДЕМАКС АД % ГРУПА 2
2026-06-15,1184 София Дружба2,СВ2394АО,78970153027721264,DIESEL EKONOMY,52.47,L15,1.55,0.0,0.04,2.1,81.33,1.6,83.95,14:50:00,0.0,3233391591 3233391591,ДЕМАКС ДИ ПИ АЙ АД % ГРУПА 1
2026-06-16,1172 Русе Шелф,СВ2394АО,78970153027721264,DIESEL EKONOMY,35.99,L15,1.55,0.0,0.04,1.44,55.78,1.59,57.22,11:47:00,0.0,3233439654 3233439654,ДЕМАКС ДИ ПИ АЙ АД % ГРУПА 1
2026-06-17,"1925 HW Trakia, 243 km. Sofia direc",СВ2394АО,78970153027721264,DIESEL EKONOMY,45.0,L15,1.54,0.0,0.04,1.8,69.3,1.61,72.45,09:11:00,0.0,3233484947 3233484947,ДЕМАКС ДИ ПИ АЙ АД % ГРУПА 1
2026-06-29,1172 Русе Шелф,СВ2394АО,78970153027721264,DIESEL EKONOMY,38.0,L15,1.43,0.0,0.03,1.14,54.34,1.51,57.38,11:36:00,0.0,3234051524 3234051524,ДЕМАКС ДИ ПИ АЙ АД % ГРУПА 1
2026-06-29,1184 София Дружба2,СВ2394АО,78970153027721264,DIESEL DOUBLE FILTERED,30.03,L15,1.7,0.0,0.08,2.4,51.05,1.77,53.15,05:22:00,0.0,3234048426 3234048426,ДЕМАКС ДИ ПИ АЙ АД % ГРУПА 1
2026-06-03,"1902 София, О5 Малинова Долина",СВ6789ХА,78970153027721223,DIESEL EKONOMY,59.55,L15,1.6,0.0,0.04,2.38,95.28,1.71,101.83,09:10:00,0.0,3232796484 3232796484,ДЕМАКС ДИ ПИ АЙ АД % ГРУПА 2
2026-06-05,"1192 София, Младост Ал. Малинов",СВ0202КЕ,78970153027721249,95 EKONOMY UNLEADED,28.52,L15,1.5,0.0,0.03,0.86,42.78,1.56,44.49,18:59:00,0.0,3232913211 3232913211,ДЕМАКС ДИ ПИ АЙ АД % ГРУПА 2
2026-06-16,1184 София Дружба2,СВ9499ХВ,78970153027721231,DIESEL EKONOMY,46.8,L15,1.55,0.0,0.04,1.87,72.54,1.59,74.41,09:10:00,0.0,3233433921 3233433921,ДЕМАКС ДИ ПИ АЙ АД % ГРУПА 2
2026-06-17,1184 София Дружба2,СВ6789ХА,78970153027721223,DIESEL EKONOMY,43.15,L15,1.54,0.0,0.04,1.73,66.45,1.59,68.61,17:13:00,0.0,3233490347 3233490347,ДЕМАКС ДИ ПИ АЙ АД % ГРУПА 2
2026-06-19,"1901 София, Младост 4-ти км",СВ9499ХВ,78970153027721231,DIESEL EKONOMY,33.14,L15,1.54,0.0,0.04,1.33,51.04,1.58,52.36,15:41:00,0.0,3233578282 3233578282,ДЕМАКС ДИ ПИ АЙ АД % ГРУПА 2
2026-06-19,"1902 София, О5 Малинова Долина",СВ0202КЕ,78970153027721249,95 EKONOMY UNLEADED,25.81,L15,1.45,0.0,0.03,0.77,37.42,1.54,39.75,18:42:00,0.0,3233502880 3233502880,ДЕМАКС ДИ ПИ АЙ АД % ГРУПА 2
2026-06-12,1184 София Дружба2,СВ6868РО,78970153027721256,DIESEL DOUBLE FILTERED,65.59,L15,1.8,0.0,0.09,5.9,118.06,1.86,122.0,08:36:00,0.0,3233242932 3233242932,ДЕМАКС ДИ ПИ АЙ АД % ГРУПА 3
2026-06-27,1149 Кюстендил Николичевски път,СВ6868РО,78970153027721256,DIESEL DOUBLE FILTERED,60.42,L15,1.7,0.0,0.08,4.83,102.71,1.77,106.94,10:37:00,0.0,3233958170 3233958170,ДЕМАКС ДИ ПИ АЙ АД % ГРУПА 3
2026-06-27,1149 Кюстендил Николичевски път,СВ6868РО,78970153027721256,2L SUMMER SCREEN WASH LIQUID,2.0,PC,4.09,0.0,0.0,,8.18,4.09,8.18,10:37:00,0.0,3233958170 3233958170,ДЕМАКС ДИ ПИ АЙ АД % ГРУПА 3
2026-06-21,1120 Пловдив Радиново,СВ3546КР,78970152027720151,DIESEL EKONOMY,48.21,L15,1.49,0.0,0.02,0.96,71.83,1.57,75.69,14:56:00,0.0,3233672785 3233672785,ДЖИ ЕМ ЕКС ЕООД
2026-06-01,1134 Монтана,9,78970110027720092,DIESEL EKONOMY,33.62,L15,1.57,0.0,0.0,0.03,52.78,1.69,56.82,09:52:00,0.0,3232703575 3232703575,ДЖИ ТИ ЕЙ ПЕТРОЛИУМ
2026-06-02,1158 Варна Чайка,4,78970110027720043,DIESEL EKONOMY,58.54,L15,1.56,0.0,0.0,0.06,91.32,1.69,98.93,16:23:00,0.0,3232759459 3232759459,ДЖИ ТИ ЕЙ ПЕТРОЛИУМ
2026-06-03,"1902 София, О5 Малинова Долина",6,78970110027720068,DIESEL EKONOMY,27.27,L15,1.56,0.0,0.0,0.03,42.54,1.71,46.63,18:03:00,0.0,3232785098 3232785098,ДЖИ ТИ ЕЙ ПЕТРОЛИУМ
2026-06-04,1120 Пловдив Радиново,7,78970110027720076,DIESEL EKONOMY,33.53,L15,1.54,0.0,0.0,0.03,51.64,1.69,56.67,09:19:00,0.0,3232851901 3232851901,ДЖИ ТИ ЕЙ ПЕТРОЛИУМ
2026-06-06,1139 София Ломско шосе,3,78970110027720035,E GAS LPG,24.78,L15,0.73,0.0,0.0,,18.09,0.73,18.09,16:52:00,0.0,3232967738 3232967738,ДЖИ ТИ ЕЙ ПЕТРОЛИУМ
2026-06-06,"1903 София, О5 Царско село",12,78970110027720126,DIESEL EKONOMY,72.48,L15,1.53,0.0,0.0,0.07,110.89,1.66,120.32,11:48:00,0.0,3232947571 3232947571,ДЖИ ТИ ЕЙ ПЕТРОЛИУМ
2026-06-06,"1925 HW Trakia, 243 km. Sofia direc",4,78970110027720043,DIESEL EKONOMY,51.23,L15,1.53,0.0,0.0,0.05,78.38,1.66,85.04,12:39:00,0.0,3232960898 3232960898,ДЖИ ТИ ЕЙ ПЕТРОЛИУМ
2026-06-07,1198 Struma Highway,3,78970110027720035,E GAS LPG,25.86,L15,0.73,0.0,0.0,,18.88,0.73,18.88,10:07:00,0.0,3233002442 3233002442,ДЖИ ТИ ЕЙ ПЕТРОЛИУМ
2026-06-08,1121 София Сливница,9,78970110027720092,DIESEL EKONOMY,6.13,L15,1.53,0.0,0.0,0.01,9.38,1.63,9.99,17:40:00,0.0,3233057121 3233057121,ДЖИ ТИ ЕЙ ПЕТРОЛИУМ
2026-06-08,1147 Варна Ситроен,4,78970110027720043,DIESEL EKONOMY,38.26,L15,1.53,0.0,0.0,0.04,58.54,1.64,62.75,11:25:00,0.0,3233034873 3233034873,ДЖИ ТИ ЕЙ ПЕТРОЛИУМ
2026-06-09,"1903 София, О5 Царско село",9,78970110027720092,DIESEL EKONOMY,49.44,L15,1.51,0.0,0.0,-0.2,74.65,1.66,82.07,08:55:00,0.0,3233081299 3233081299,ДЖИ ТИ ЕЙ ПЕТРОЛИУМ
2026-06-09,1908 О5 Стара Загора,7,78970110027720076,DIESEL EKONOMY,42.06,L15,1.51,0.0,0.0,-0.17,63.51,1.64,68.98,13:14:00,0.0,3233097496 3233097496,ДЖИ ТИ ЕЙ ПЕТРОЛИУМ
2026-06-10,1158 Варна Чайка,8,78970110027720084,DIESEL EKONOMY,40.36,L15,1.51,0.0,0.0,-0.16,60.94,1.63,65.79,19:08:00,0.0,3233156635 3233156635,ДЖИ ТИ ЕЙ ПЕТРОЛИУМ
2026-06-10,1163 София Ботевградско шосе,19,78970110027720241,DIESEL EKONOMY,35.77,L15,1.51,0.0,0.0,-0.14,54.01,1.63,58.31,15:03:00,0.0,3233143866 3233143866,ДЖИ ТИ ЕЙ ПЕТРОЛИУМ
2026-06-10,1195 243 Тракия Езеро,4,78970110027720043,DIESEL EKONOMY,57.14,L15,1.51,0.0,0.0,-0.23,86.28,1.65,94.28,16:57:00,0.0,3233146375 3233146375,ДЖИ ТИ ЕЙ ПЕТРОЛИУМ
2026-06-12,1131 София Бояна,9,78970110027720092,95 EKONOMY UNLEADED,33.97,L15,1.44,0.0,0.0,-0.14,48.92,1.56,52.99,15:32:00,0.0,3233233170 3233233170,ДЖИ ТИ ЕЙ ПЕТРОЛИУМ
2026-06-12,1165 София К. Величков,9,78970110027720092,DIESEL EKONOMY,63.25,L15,1.51,0.0,0.0,-0.25,95.51,1.6,101.2,14:03:00,0.0,3233255829 3233255829,ДЖИ ТИ ЕЙ ПЕТРОЛИУМ
2026-06-13,1131 София Бояна,9,78970110027720092,95 EKONOMY UNLEADED,26.31,L15,1.44,0.0,0.0,-0.11,37.89,1.56,41.04,19:46:00,0.0,3233304582 3233304582,ДЖИ ТИ ЕЙ ПЕТРОЛИУМ
2026-06-13,1171 Кулата,3,78970110027720035,E GAS LPG,20.82,L15,0.68,0.0,0.0,,14.16,0.68,14.16,14:43:00,0.0,3233308622 3233308622,ДЖИ ТИ ЕЙ ПЕТРОЛИУМ
2026-06-15,1101 София Ихтиман,18,78970110027720233,95 EKONOMY UNLEADED,11.77,L15,1.44,0.0,0.0,-0.05,16.95,1.57,18.48,09:51:00,0.0,3233383756 3233383756,ДЖИ ТИ ЕЙ ПЕТРОЛИУМ
2026-06-15,1101 София Ихтиман,18,78970110027720233,E GAS LPG,11.03,L15,0.68,0.0,0.0,,7.5,0.68,7.5,09:51:00,0.0,3233383756 3233383756,ДЖИ ТИ ЕЙ ПЕТРОЛИУМ
2026-06-16,1120 Пловдив Радиново,4,78970110027720043,DIESEL EKONOMY,48.34,L15,1.51,0.0,0.0,-0.19,72.99,1.62,78.31,11:46:00,0.0,3233410645 3233410645,ДЖИ ТИ ЕЙ ПЕТРОЛИУМ
2026-06-16,"1902 София, О5 Малинова Долина",3,78970110027720035,E GAS LPG,36.27,L15,0.67,0.0,0.0,,24.3,0.67,24.3,11:01:00,0.0,3233429386 3233429386,ДЖИ ТИ ЕЙ ПЕТРОЛИУМ
2026-06-18,1145 София Вапцаров,11,78970110027720118,95 EKONOMY UNLEADED,19.36,L15,1.42,0.0,0.0,-0.08,27.49,1.55,30.01,09:08:00,0.0,3233522231 3233522231,ДЖИ ТИ ЕЙ ПЕТРОЛИУМ
2026-06-19,1147 Варна Ситроен,4,78970110027720043,DIESEL EKONOMY,41.03,L15,1.5,0.0,0.0,0.04,61.54,1.56,64.01,14:49:00,0.0,3233580071 3233580071,ДЖИ ТИ ЕЙ ПЕТРОЛИУМ
2026-06-19,"1903 София, О5 Царско село",9,78970110027720092,95 EKONOMY UNLEADED,34.94,L15,1.42,0.0,0.0,-0.14,49.61,1.54,53.81,15:25:00,0.0,3233572875 3233572875,ДЖИ ТИ ЕЙ ПЕТРОЛИУМ
2026-06-20,"1904 София, О5 Княжево",9,78970110027720092,E GAS LPG,19.45,L15,0.66,0.0,0.0,,12.84,0.66,12.84,15:05:00,0.0,3233633577 3233633577,ДЖИ ТИ ЕЙ ПЕТРОЛИУМ
2026-06-21,"1904 София, О5 Княжево",9,78970110027720092,DIESEL EKONOMY,18.68,L15,1.47,0.0,0.0,0.02,27.46,1.54,28.77,21:14:00,0.0,3233685662 3233685662,ДЖИ ТИ ЕЙ ПЕТРОЛИУМ
2026-06-23,1136 Димитровград Д. Благоев,7,78970110027720076,DIESEL EKONOMY,43.57,L15,1.44,0.0,0.0,0.04,62.74,1.52,66.23,10:09:00,0.0,3233760692 3233760692,ДЖИ ТИ ЕЙ ПЕТРОЛИУМ
2026-06-24,1101 София Ихтиман,9,78970110027720092,DIESEL EKONOMY,43.35,L15,1.43,0.0,0.0,0.04,61.99,1.54,66.76,09:29:00,0.0,3233806001 3233806001,ДЖИ ТИ ЕЙ ПЕТРОЛИУМ
2026-06-24,1117 София Черни Връх,12,78970110027720126,95 EKONOMY UNLEADED,72.46,L15,1.38,0.0,0.0,0.07,99.99,1.51,109.41,15:31:00,0.0,3233832332 3233832332,ДЖИ ТИ ЕЙ ПЕТРОЛИУМ
2026-06-24,"1903 София, О5 Царско село",9,78970110027720092,95 EKONOMY UNLEADED,47.89,L15,1.38,0.0,0.0,0.05,66.09,1.51,72.31,07:56:00,0.0,3233783635 3233783635,ДЖИ ТИ ЕЙ ПЕТРОЛИУМ
2026-06-25,1189 Дупница,3,78970110027720035,E GAS LPG,21.83,L15,0.66,0.0,0.0,,14.41,0.66,14.41,22:14:00,0.0,3233873364 3233873364,ДЖИ ТИ ЕЙ ПЕТРОЛИУМ
2026-06-27,"1902 София, О5 Малинова Долина",11,78970110027720118,95 EKONOMY UNLEADED,36.9,L15,1.37,0.0,0.0,0.04,50.55,1.5,55.35,18:11:00,0.0,3233959726 3233959726,ДЖИ ТИ ЕЙ ПЕТРОЛИУМ
2026-06-27,"1904 София, О5 Княжево",9,78970110027720092,95 EKONOMY UNLEADED,54.91,L15,1.37,0.0,0.0,0.05,75.23,1.5,82.36,15:49:00,0.0,3233952964 3233952964,ДЖИ ТИ ЕЙ ПЕТРОЛИУМ
2026-06-29,1922 Kardzhali Belomorski,8,78970110027720084,DIESEL EKONOMY,37.67,L15,1.4,0.0,0.0,0.04,52.74,1.51,56.88,08:02:00,0.0,3234052097 3234052097,ДЖИ ТИ ЕЙ ПЕТРОЛИУМ
2026-06-30,1147 Варна Ситроен,4,78970110027720043,DIESEL EKONOMY,49.65,L15,1.4,0.0,0.0,0.05,69.51,1.51,74.97,16:08:00,0.0,3234105003 3234105003,ДЖИ ТИ ЕЙ ПЕТРОЛИУМ
2026-06-30,"1151 Пловдив, бул. България",7,78970110027720076,DIESEL EKONOMY,43.43,L15,1.4,0.0,0.0,0.04,60.8,1.51,65.58,11:50:00,0.0,3234107742 3234107742,ДЖИ ТИ ЕЙ ПЕТРОЛИУМ
2026-06-01,1147 Варна Ситроен,В2487ВН,78970154027720116,DIESEL EKONOMY,407.01,L15,1.63,0.0,0.06,24.42,663.43,1.69,687.85,07:17:00,0.0,3232700578 3232700578,ДИЛЯНА-02 ЕООД
2026-06-01,1147 Варна Ситроен,В9479ХЕ,78970153027721413,DIESEL EKONOMY,450.0,L15,1.63,0.0,0.06,27.0,733.5,1.69,760.5,20:44:00,0.0,3232727318 3232727318,ДИЛЯНА-02 ЕООД
2026-06-02,1199 Varna Car Osvoboditel,ТубаД,78970153027721421,DIESEL EKONOMY,60.22,L15,1.62,0.0,0.06,3.61,97.56,1.69,101.77,16:51:00,0.0,3232769075 3232769075,ДИЛЯНА-02 ЕООД
2026-06-04,1147 Варна Ситроен,В9479ХЕ,78970153027721413,DIESEL EKONOMY,350.0,L15,1.6,0.0,0.06,21.0,560.0,1.66,581.0,07:16:00,0.0,3232839696 3232839696,ДИЛЯНА-02 ЕООД
2026-06-06,1147 Варна Ситроен,В2487ВН,78970154027720116,DIESEL EKONOMY,501.48,L15,1.59,0.0,0.06,30.09,797.35,1.64,822.43,07:07:00,0.0,3232922575 3232922575,ДИЛЯНА-02 ЕООД
2026-06-08,1147 Варна Ситроен,В2487ВН,78970154027720116,DIESEL EKONOMY,409.8,L15,1.59,0.0,0.06,24.59,651.58,1.64,672.07,18:19:00,0.0,3233056026 3233056026,ДИЛЯНА-02 ЕООД
2026-06-09,1147 Варна Ситроен,ТубаД,78970153027721421,DIESEL EKONOMY,54.82,L15,1.57,0.0,0.06,3.29,86.07,1.64,89.9,20:12:00,0.0,3233104495 3233104495,ДИЛЯНА-02 ЕООД
2026-06-10,1147 Варна Ситроен,ТубаД,78970153027721421,DIESEL EKONOMY,470.86,L15,1.57,0.0,0.06,28.25,739.25,1.63,767.5,16:25:00,0.0,3233150437 3233150437,ДИЛЯНА-02 ЕООД
2026-06-11,1147 Варна Ситроен,В2487ВН,78970154027720116,DIESEL EKONOMY,524.94,L15,1.57,0.0,0.06,31.5,824.16,1.62,850.4,15:14:00,0.0,3233194541 3233194541,ДИЛЯНА-02 ЕООД
2026-06-12,1147 Варна Ситроен,В8191ВХ,78970154027720090,DIESEL EKONOMY,421.03,L15,1.57,0.0,0.06,25.26,661.02,1.61,677.86,06:52:00,0.0,3233225370 3233225370,ДИЛЯНА-02 ЕООД
2026-06-12,1147 Варна Ситроен,В9479ХЕ,78970153027721413,DIESEL EKONOMY,399.68,L15,1.57,0.0,0.06,23.98,627.5,1.61,643.48,17:36:00,0.0,3233252226 3233252226,ДИЛЯНА-02 ЕООД
2026-06-15,1147 Варна Ситроен,В9479ХЕ,78970153027721413,DIESEL EKONOMY,385.0,L15,1.57,0.0,0.06,23.1,604.45,1.6,616.0,15:11:00,0.0,3233364863 3233364863,ДИЛЯНА-02 ЕООД
2026-06-16,1147 Варна Ситроен,В2487ВН,78970154027720116,DIESEL EKONOMY,457.62,L15,1.57,0.0,0.06,27.46,718.46,1.59,727.62,06:39:00,0.0,3233428023 3233428023,ДИЛЯНА-02 ЕООД
2026-06-18,1147 Варна Ситроен,В2487ВН,78970154027720116,DIESEL EKONOMY,459.04,L15,1.56,0.0,0.06,27.54,716.1,1.58,725.28,10:47:00,0.0,3233525009 3233525009,ДИЛЯНА-02 ЕООД
2026-06-18,1147 Варна Ситроен,В9479ХЕ,78970153027721413,DIESEL EKONOMY,420.0,L15,1.56,0.0,0.06,25.2,655.2,1.58,663.6,15:42:00,0.0,3233530638 3233530638,ДИЛЯНА-02 ЕООД
2026-06-20,1147 Варна Ситроен,В2487ВН,78970154027720116,DIESEL EKONOMY,532.53,L15,1.51,0.0,0.04,21.3,804.12,1.54,820.1,16:57:00,0.0,3233636760 3233636760,ДИЛЯНА-02 ЕООД
2026-06-20,1147 Варна Ситроен,ТубаД,78970153027721421,DIESEL EKONOMY,55.08,L15,1.51,0.0,0.04,2.2,83.17,1.54,84.82,18:40:00,0.0,3233643381 3233643381,ДИЛЯНА-02 ЕООД
2026-06-23,1147 Варна Ситроен,В9479ХЕ,78970153027721413,DIESEL EKONOMY,550.0,L15,1.48,0.0,0.04,22.0,814.0,1.52,836.0,09:34:00,0.0,3233759538 3233759538,ДИЛЯНА-02 ЕООД
2026-06-23,1199 Varna Car Osvoboditel,ТубаД,78970153027721421,DIESEL EKONOMY,58.78,L15,1.48,0.0,0.04,2.35,86.99,1.52,89.35,08:06:00,0.0,3233767878 3233767878,ДИЛЯНА-02 ЕООД
2026-06-24,1147 Варна Ситроен,В2487ВН,78970154027720116,DIESEL EKONOMY,375.42,L15,1.47,0.0,0.04,15.02,551.87,1.51,566.88,05:40:00,0.0,3233787457 3233787457,ДИЛЯНА-02 ЕООД
2026-06-24,1147 Варна Ситроен,В8191ВХ,78970154027720090,DIESEL EKONOMY,462.3,L15,1.47,0.0,0.04,18.49,679.58,1.51,698.07,12:52:00,0.0,3233806927 3233806927,ДИЛЯНА-02 ЕООД
2026-06-24,1147 Варна Ситроен,В9479ХЕ,78970153027721413,DIESEL EKONOMY,380.0,L15,1.47,0.0,0.04,15.2,558.6,1.51,573.8,15:56:00,0.0,3233810805 3233810805,ДИЛЯНА-02 ЕООД
2026-06-26,1147 Варна Ситроен,В2487ВН,78970154027720116,DIESEL EKONOMY,404.91,L15,1.45,0.0,0.04,16.2,587.12,1.51,611.41,06:06:00,0.0,3233901333 3233901333,ДИЛЯНА-02 ЕООД
2026-06-29,1147 Варна Ситроен,В2487ВН,78970154027720116,DIESEL EKONOMY,494.23,L15,1.44,0.0,0.04,19.77,711.69,1.51,746.29,18:55:00,0.0,3234064328 3234064328,ДИЛЯНА-02 ЕООД
2026-06-30,1147 Варна Ситроен,В9479ХЕ,78970153027721413,DIESEL EKONOMY,430.0,L15,1.44,0.0,0.04,17.2,619.2,1.51,649.3,07:07:00,0.0,3234091276 3234091276,ДИЛЯНА-02 ЕООД
2026-06-02,1158 Варна Чайка,B0264TE,78970153027720829,1 Л. ЛЯTHA TEЧHOCT ЧИCTAЧKИ KOHЦEHTPAT,1.0,PC,2.99,0.0,0.0,,2.99,2.99,2.99,13:16:00,93484.0,3232733195 3232733195,ДИМИТРОВ ЕКСПРЕС КАРГО ООД
2026-06-02,1158 Варна Чайка,B0264TE,78970153027720829,DIESEL EKONOMY,36.74,L15,1.64,0.05,0.0,2.98,60.25,1.69,62.09,13:15:00,93484.0,3232734585 3232734585,ДИМИТРОВ ЕКСПРЕС КАРГО ООД
2026-06-04,1147 Варна Ситроен,B0128XB,78970153027720811,DIESEL EKONOMY,57.49,L15,1.61,0.05,0.0,4.08,92.56,1.66,95.43,14:27:00,29576.0,3232855835 3232855835,ДИМИТРОВ ЕКСПРЕС КАРГО ООД
2026-06-06,1147 Варна Ситроен,B0128XB,78970153027720811,DIESEL EKONOMY,30.27,L15,1.59,0.05,0.0,1.85,48.13,1.64,49.64,10:42:00,29800.0,3232952938 3232952938,ДИМИТРОВ ЕКСПРЕС КАРГО ООД
2026-06-08,1146 Варна Сливница,B8719BH,78970153027720837,DIESEL EKONOMY,75.91,L15,1.59,0.05,0.0,4.63,120.7,1.64,124.49,08:34:00,181698.0,3233034611 3233034611,ДИМИТРОВ ЕКСПРЕС КАРГО ООД
2026-06-10,1147 Варна Ситроен,В8362ХЕ,78970153027720985,DIESEL EKONOMY,42.04,L15,1.58,0.05,0.0,2.77,66.42,1.63,68.53,09:17:00,15420.0,3233140631 3233140631,ДИМИТРОВ ЕКСПРЕС КАРГО ООД
2026-06-10,1147 Варна Ситроен,B0264TE,78970153027720829,DIESEL EKONOMY,42.25,L15,1.58,0.05,0.0,2.79,66.76,1.63,68.87,16:59:00,94317.0,3233151639 3233151639,ДИМИТРОВ ЕКСПРЕС КАРГО ООД
2026-06-17,1147 Варна Ситроен,B5579XA,78970153027720803,DIESEL EKONOMY,79.96,L15,1.54,0.05,0.0,3.28,123.14,1.59,127.14,08:44:00,25018.0,3233475544 3233475544,ДИМИТРОВ ЕКСПРЕС КАРГО ООД
2026-06-17,1147 Варна Ситроен,B5579XA,78970153027720803,4 Л. ЛЯTHA TEЧHOCT ЗA ЧИCTAЧKИ ГOTOBA,1.0,PC,9.49,0.0,0.0,,9.49,9.49,9.49,08:44:00,25018.0,3233475544 3233475544,ДИМИТРОВ ЕКСПРЕС КАРГО ООД
2026-06-18,1147 Варна Ситроен,B0128XB,78970153027720811,DIESEL EKONOMY,68.52,L15,1.53,0.05,0.0,2.12,104.84,1.58,108.26,08:12:00,30510.0,3233502134 3233502134,ДИМИТРОВ ЕКСПРЕС КАРГО ООД
2026-06-18,1147 Варна Ситроен,В8362ХЕ,78970153027720985,DIESEL EKONOMY,81.2,L15,1.53,0.05,0.0,2.52,124.24,1.58,128.3,16:10:00,15920.0,3233530761 3233530761,ДИМИТРОВ ЕКСПРЕС КАРГО ООД
2026-06-18,1156 Добрич бул. Добруджа,B0264TE,78970153027720829,DIESEL EKONOMY,37.41,L15,1.53,0.05,0.0,1.16,57.24,1.58,59.11,07:10:00,95041.0,3233514281 3233514281,ДИМИТРОВ ЕКСПРЕС КАРГО ООД
2026-06-22,1147 Варна Ситроен,B0128XB,78970153027720811,DIESEL EKONOMY,52.29,L15,1.47,0.05,0.0,1.62,76.87,1.52,79.48,08:58:00,31000.0,3233690769 3233690769,ДИМИТРОВ ЕКСПРЕС КАРГО ООД
2026-06-22,1147 Варна Ситроен,B0128XB,78970153027720811,4 Л. ЛЯTHA TEЧHOCT ЗA ЧИCTAЧKИ ГOTOBA,1.0,PC,9.49,0.0,0.0,,9.49,9.49,9.49,08:58:00,31000.0,3233690769 3233690769,ДИМИТРОВ ЕКСПРЕС КАРГО ООД
2026-06-22,1147 Варна Ситроен,B5579XA,78970153027720803,DIESEL EKONOMY,81.02,L15,1.47,0.05,0.0,2.51,119.1,1.52,123.15,18:38:00,25864.0,3233720385 3233720385,ДИМИТРОВ ЕКСПРЕС КАРГО ООД
2026-06-26,1147 Варна Ситроен,B0128XB,78970153027720811,DIESEL EKONOMY,81.96,L15,1.46,0.05,0.0,3.77,119.66,1.51,123.76,10:15:00,31760.0,3233918960 3233918960,ДИМИТРОВ ЕКСПРЕС КАРГО ООД
2026-06-26,1199 Varna Car Osvoboditel,B0264TE,78970153027720829,DIESEL EKONOMY,46.47,L15,1.46,0.05,0.0,2.14,67.85,1.51,70.17,14:08:00,95809.0,3233939071 3233939071,ДИМИТРОВ ЕКСПРЕС КАРГО ООД
2026-06-30,1147 Варна Ситроен,В8362ХЕ,78970153027720985,DIESEL EKONOMY,81.22,L15,1.46,0.05,0.0,4.95,118.58,1.51,122.64,09:01:00,16800.0,3234088368 3234088368,ДИМИТРОВ ЕКСПРЕС КАРГО ООД
2026-06-01,1148 Варна пристанище,В9263РМ,78970152027720029,DIESEL EKONOMY,40.01,L15,1.61,0.0,0.04,1.6,64.42,1.69,67.62,17:09:00,0.0,3232725354 3232725354,ДИЯНИС ВАРНА ООД
2026-06-04,1911 O5 Варна,2,78970152027720052,95 EKONOMY UNLEADED,27.46,L15,1.51,0.0,0.04,1.1,41.46,1.57,43.11,10:23:00,0.0,3232848631 3232848631,ДИЯНИС ВАРНА ООД
2026-06-05,1148 Варна пристанище,В9263РМ,78970152027720029,DIESEL EKONOMY,18.11,L15,1.58,0.0,0.04,0.72,28.61,1.66,30.06,17:15:00,0.0,3232919257 3232919257,ДИЯНИС ВАРНА ООД
2026-06-07,1147 Варна Ситроен,1,78970152027720045,95 EKONOMY UNLEADED,31.17,L15,1.5,0.0,0.04,1.25,46.76,1.56,48.63,20:36:00,0.0,3232994554 3232994554,ДИЯНИС ВАРНА ООД
2026-06-08,1148 Варна пристанище,В9263РМ,78970152027720029,DIESEL EKONOMY,42.01,L15,1.57,0.0,0.04,1.68,65.96,1.64,68.9,15:12:00,0.0,3233056356 3233056356,ДИЯНИС ВАРНА ООД
2026-06-09,1148 Варна пристанище,В1420ТН,78970152027720011,95 EKONOMY UNLEADED,10.6,L15,1.48,0.0,0.04,0.42,15.69,1.56,16.54,07:08:00,0.0,3233092792 3233092792,ДИЯНИС ВАРНА ООД
2026-06-09,1148 Варна пристанище,В1420ТН,78970152027720011,DIESEL EKONOMY,10.04,L15,1.55,0.0,0.04,0.4,15.56,1.64,16.47,07:06:00,0.0,3233095841 3233095841,ДИЯНИС ВАРНА ООД
2026-06-10,1911 O5 Варна,В1420ТН,78970152027720011,DIESEL EKONOMY,55.21,L15,1.55,0.0,0.04,2.21,85.58,1.63,89.99,10:10:00,0.0,3233140904 3233140904,ДИЯНИС ВАРНА ООД
2026-06-10,1911 O5 Варна,В1420ТН,78970152027720011,95 EKONOMY UNLEADED,38.64,L15,1.48,0.0,0.04,1.55,57.19,1.56,60.28,15:16:00,0.0,3233146405 3233146405,ДИЯНИС ВАРНА ООД
2026-06-11,1148 Варна пристанище,В1420ТН,78970152027720011,95 EKONOMY UNLEADED,19.45,L15,1.48,0.0,0.04,0.78,28.79,1.56,30.34,13:33:00,0.0,3233202829 3233202829,ДИЯНИС ВАРНА ООД
2026-06-12,1148 Варна пристанище,2,78970152027720052,95 EKONOMY UNLEADED,28.16,L15,1.48,0.0,0.04,1.13,41.68,1.56,43.93,14:17:00,0.0,3233256109 3233256109,ДИЯНИС ВАРНА ООД
2026-06-16,1147 Варна Ситроен,В9263РМ,78970152027720029,95 EKONOMY UNLEADED,11.04,L15,1.48,0.0,0.04,0.44,16.34,1.56,17.22,12:28:00,0.0,3233433254 3233433254,ДИЯНИС ВАРНА ООД
2026-06-16,1147 Варна Ситроен,2,78970152027720052,95 EKONOMY UNLEADED,26.92,L15,1.48,0.0,0.04,1.08,39.84,1.56,42.0,17:56:00,0.0,3233441796 3233441796,ДИЯНИС ВАРНА ООД
2026-06-17,1147 Варна Ситроен,В9263РМ,78970152027720029,EKO RACING 100,10.5,L15,1.81,0.0,0.0,,19.0,1.81,19.0,12:21:00,0.0,3233478724 3233478724,ДИЯНИС ВАРНА ООД
2026-06-18,1148 Варна пристанище,В9263РМ,78970152027720029,EKO RACING 100,13.62,L15,1.81,0.0,0.0,,24.65,1.81,24.65,20:20:00,0.0,3233543392 3233543392,ДИЯНИС ВАРНА ООД
2026-06-19,1148 Варна пристанище,В9263РМ,78970152027720029,DIESEL EKONOMY,30.0,L15,1.54,0.0,0.04,1.2,46.2,1.56,46.8,15:12:00,0.0,3233591334 3233591334,ДИЯНИС ВАРНА ООД
2026-06-20,1146 Варна Сливница,В9263РМ,78970152027720029,EKO RACING 100,14.22,L15,1.79,0.0,0.0,,25.45,1.79,25.45,00:08:00,0.0,3233613164 3233613164,ДИЯНИС ВАРНА ООД
2026-06-21,1147 Варна Ситроен,2,78970152027720052,95 EKONOMY UNLEADED,27.93,L15,1.44,0.0,0.04,1.12,40.22,1.53,42.73,16:31:00,0.0,3233679663 3233679663,ДИЯНИС ВАРНА ООД
2026-06-23,1148 Варна пристанище,В9263РМ,78970152027720029,EKO RACING 100,12.96,L15,1.77,0.0,0.0,,22.94,1.77,22.94,16:54:00,0.0,3233773171 3233773171,ДИЯНИС ВАРНА ООД
2026-06-24,1147 Варна Ситроен,В9263РМ,78970152027720029,95 EKONOMY UNLEADED,15.1,L15,1.42,0.0,0.04,0.6,21.44,1.51,22.8,15:32:00,0.0,3233809418 3233809418,ДИЯНИС ВАРНА ООД
2026-06-25,1148 Варна пристанище,В9263РМ,78970152027720029,EKO RACING 100,15.55,L15,1.77,0.0,0.0,,27.52,1.77,27.52,07:33:00,0.0,3233856921 3233856921,ДИЯНИС ВАРНА ООД
2026-06-26,1147 Варна Ситроен,2,78970152027720052,95 EKONOMY UNLEADED,26.85,L15,1.41,0.0,0.04,1.07,37.86,1.5,40.28,13:29:00,0.0,3233869765 3233869765,ДИЯНИС ВАРНА ООД
2026-06-29,1148 Варна пристанище,2,78970152027720052,95 EKONOMY UNLEADED,27.39,L15,1.4,0.0,0.04,1.1,38.35,1.5,41.08,13:55:00,0.0,3234062374 3234062374,ДИЯНИС ВАРНА ООД
2026-06-29,1148 Варна пристанище,В9263РМ,78970152027720029,DIESEL EKONOMY,41.36,L15,1.44,0.0,0.04,1.65,59.56,1.51,62.45,18:09:00,0.0,3234068420 3234068420,ДИЯНИС ВАРНА ООД
2026-06-02,1147 Варна Ситроен,В6282ТT,78970152027720128,DIESEL EKONOMY,62.0,L15,1.6,0.0,0.04,2.48,99.2,1.69,104.78,19:45:00,0.0,3232768773 3232768773,ДОК ТРАНС ЕООД
2026-06-08,1199 Varna Car Osvoboditel,В0191ВВ,78970152027720094,DIESEL EKONOMY,53.83,L15,1.57,0.0,0.04,2.15,84.51,1.64,88.28,20:13:00,0.0,3233064469 3233064469,ДОК ТРАНС ЕООД
2026-06-11,1147 Варна Ситроен,В0191ВВ,78970152027720094,DIESEL EKONOMY,71.94,L15,1.55,0.0,0.04,2.88,111.51,1.62,116.54,20:08:00,0.0,3233201867 3233201867,ДОК ТРАНС ЕООД
2026-06-11,1199 Varna Car Osvoboditel,В6202ВС,78970152027720086,DIESEL EKONOMY,150.62,L15,1.55,0.0,0.04,6.02,233.46,1.62,244.0,21:28:00,0.0,3233210758 3233210758,ДОК ТРАНС ЕООД
2026-06-15,1147 Варна Ситроен,В6282ТT,78970152027720128,DIESEL EKONOMY,61.86,L15,1.55,0.0,0.04,2.47,95.88,1.6,98.98,11:03:00,0.0,3233385107 3233385107,ДОК ТРАНС ЕООД
2026-06-24,1147 Варна Ситроен,В1971ТТ,78970152027720078,DIESEL EKONOMY,142.02,L15,1.47,0.0,0.04,5.68,208.77,1.51,214.45,11:24:00,0.0,3233806319 3233806319,ДОК ТРАНС ЕООД
2026-06-24,1199 Varna Car Osvoboditel,В0191ВВ,78970152027720094,DIESEL EKONOMY,70.77,L15,1.47,0.0,0.04,2.83,104.03,1.51,106.86,15:53:00,0.0,3233823367 3233823367,ДОК ТРАНС ЕООД
2026-06-26,1199 Varna Car Osvoboditel,В6282ТT,78970152027720128,DIESEL EKONOMY,61.92,L15,1.45,0.0,0.04,2.48,89.78,1.51,93.5,15:51:00,0.0,3233956812 3233956812,ДОК ТРАНС ЕООД
2026-06-01,1147 Варна Ситроен,B6386HH,78970155027721301,DIESEL EKONOMY,66.88,L15,1.66,0.03,0.0,6.09,111.02,1.69,113.03,09:59:00,75731.0,3232710647 3232710647,ДОМАШЕН СОЦИАЛЕН ПАТРОНАЖ
2026-06-01,1199 Varna Car Osvoboditel,B5379XE,78970155027721244,DIESEL EKONOMY,71.0,L15,1.66,0.03,0.0,6.46,117.86,1.69,119.99,13:19:00,5550.0,3232725451 3232725451,ДОМАШЕН СОЦИАЛЕН ПАТРОНАЖ
2026-06-02,1199 Varna Car Osvoboditel,B8917BP,78970155027721269,DIESEL EKONOMY,30.0,L15,1.66,0.03,0.0,3.03,49.8,1.69,50.7,12:19:00,74130.0,3232770942 3232770942,ДОМАШЕН СОЦИАЛЕН ПАТРОНАЖ
2026-06-03,1147 Варна Ситроен,B5383XE,78970155027721236,DIESEL EKONOMY,63.0,L15,1.66,0.03,0.0,6.36,104.58,1.69,106.47,13:32:00,6520.0,3232809230 3232809230,ДОМАШЕН СОЦИАЛЕН ПАТРОНАЖ
2026-06-04,1199 Varna Car Osvoboditel,B4161TK,78970155027721285,DIESEL EKONOMY,50.0,L15,1.63,0.03,0.0,4.55,81.5,1.66,83.0,12:40:00,53745.0,3232863584 3232863584,ДОМАШЕН СОЦИАЛЕН ПАТРОНАЖ
2026-06-09,1147 Варна Ситроен,B7846TP,78970155027721194,DIESEL EKONOMY,56.75,L15,1.61,0.03,0.0,5.45,91.37,1.64,93.07,12:41:00,30798.0,3233051443 3233051443,ДОМАШЕН СОЦИАЛЕН ПАТРОНАЖ
2026-06-09,1147 Варна Ситроен,B6386HH,78970155027721301,DIESEL EKONOMY,65.33,L15,1.61,0.03,0.0,6.27,105.18,1.64,107.14,09:03:00,76329.0,3233074147 3233074147,ДОМАШЕН СОЦИАЛЕН ПАТРОНАЖ
2026-06-09,1911 O5 Варна,B4160TK,78970155027721293,DIESEL EKONOMY,49.89,L15,1.61,0.03,0.0,4.79,80.32,1.64,81.82,12:48:00,54788.0,3233092804 3233092804,ДОМАШЕН СОЦИАЛЕН ПАТРОНАЖ
2026-06-16,1148 Варна пристанище,B6386HH,78970155027721301,DIESEL EKONOMY,63.0,L15,1.56,0.03,0.0,2.9,98.28,1.59,100.17,10:22:00,76850.0,3233433883 3233433883,ДОМАШЕН СОЦИАЛЕН ПАТРОНАЖ
2026-06-16,1199 Varna Car Osvoboditel,B8917BP,78970155027721269,DIESEL EKONOMY,70.04,L15,1.56,0.03,0.0,3.22,109.26,1.59,111.36,12:49:00,74426.0,3233444888 3233444888,ДОМАШЕН СОЦИАЛЕН ПАТРОНАЖ
2026-06-16,1199 Varna Car Osvoboditel,B7845TP,78970155027721251,DIESEL EKONOMY,50.0,L15,1.56,0.03,0.0,2.3,78.0,1.59,79.5,13:55:00,38170.0,3233447208 3233447208,ДОМАШЕН СОЦИАЛЕН ПАТРОНАЖ
2026-06-17,1146 Варна Сливница,B4161TK,78970155027721285,DIESEL EKONOMY,54.53,L15,1.56,0.03,0.0,3.33,85.07,1.59,86.7,09:58:00,54161.0,3233472278 3233472278,ДОМАШЕН СОЦИАЛЕН ПАТРОНАЖ
2026-06-17,1911 O5 Варна,B4160TK,78970155027721293,DIESEL EKONOMY,44.48,L15,1.56,0.03,0.0,2.71,69.39,1.59,70.72,13:47:00,55160.0,3233479601 3233479601,ДОМАШЕН СОЦИАЛЕН ПАТРОНАЖ
2026-06-18,1147 Варна Ситроен,B8917BP,78970155027721269,DIESEL EKONOMY,25.0,L15,1.55,0.03,0.0,1.27,38.75,1.58,39.5,12:27:00,67720.0,3233524788 3233524788,ДОМАШЕН СОЦИАЛЕН ПАТРОНАЖ
2026-06-22,1146 Варна Сливница,B5379XE,78970155027721244,DIESEL EKONOMY,70.06,L15,1.49,0.03,0.0,3.57,104.39,1.52,106.49,10:14:00,6190.0,3233710347 3233710347,ДОМАШЕН СОЦИАЛЕН ПАТРОНАЖ
2026-06-24,1148 Варна пристанище,B6386HH,78970155027721301,DIESEL EKONOMY,70.01,L15,1.48,0.03,0.0,3.57,103.61,1.51,105.72,10:51:00,77450.0,3233800481 3233800481,ДОМАШЕН СОЦИАЛЕН ПАТРОНАЖ
2026-06-24,1199 Varna Car Osvoboditel,B2207PP,78970155027721178,95 EKONOMY UNLEADED,49.76,L15,1.48,0.03,0.0,5.03,73.64,1.51,75.14,10:52:00,154202.0,3233819349 3233819349,ДОМАШЕН СОЦИАЛЕН ПАТРОНАЖ
2026-06-24,1199 Varna Car Osvoboditel,B4161TK,78970155027721285,DIESEL EKONOMY,19.01,L15,1.48,0.03,0.0,0.97,28.13,1.51,28.71,13:27:00,544500.0,3233820737 3233820737,ДОМАШЕН СОЦИАЛЕН ПАТРОНАЖ
2026-06-24,1911 O5 Варна,B4160TK,78970155027721293,DIESEL EKONOMY,36.82,L15,1.48,0.03,0.0,1.88,54.49,1.51,55.6,13:01:00,55450.0,3233806909 3233806909,ДОМАШЕН СОЦИАЛЕН ПАТРОНАЖ
2026-06-30,1147 Варна Ситроен,B5383XE,78970155027721236,DIESEL EKONOMY,72.08,L15,1.48,0.03,0.0,5.84,106.68,1.51,108.84,12:55:00,6996.0,3234094788 3234094788,ДОМАШЕН СОЦИАЛЕН ПАТРОНАЖ
2026-06-30,1199 Varna Car Osvoboditel,B2207PP,78970155027721178,95 EKONOMY UNLEADED,19.2,L15,1.47,0.03,0.0,2.13,28.22,1.5,28.8,11:05:00,1543333336.0,3234110039 3234110039,ДОМАШЕН СОЦИАЛЕН ПАТРОНАЖ
2026-06-30,1911 O5 Варна,B4160TK,78970155027721293,DIESEL EKONOMY,30.72,L15,1.48,0.03,0.0,2.49,45.47,1.51,46.39,12:02:00,55695.0,3234095852 3234095852,ДОМАШЕН СОЦИАЛЕН ПАТРОНАЖ
2026-06-02,1198 Struma Highway,Р2947КН,78970110027720175,DIESEL EKONOMY,210.02,L15,1.56,0.0,0.0,0.21,327.63,1.72,361.23,10:58:00,0.0,3232764123 3232764123,ЕВРОУЕЙ СЪРВИЗ ООД
2026-06-02,1198 Struma Highway,Р2947КН,78970110027720175,ADBLUE 1L,22.25,L15,1.22,0.0,0.0,,27.14,1.22,27.14,10:58:00,0.0,3232764123 3232764123,ЕВРОУЕЙ СЪРВИЗ ООД
2026-06-03,1139 София Ломско шосе,Р2948КН,78970110027720167,DIESEL EKONOMY,211.01,L15,1.56,0.0,0.0,0.21,329.18,1.69,356.61,09:58:00,0.0,3232810769 3232810769,ЕВРОУЕЙ СЪРВИЗ ООД
2026-06-03,"1178 Русе, бул. България",СВ2201СС,78970110027720415,DIESEL EKONOMY,224.58,L15,1.56,0.0,0.0,0.22,350.34,1.69,379.54,18:09:00,0.0,3232822020 3232822020,ЕВРОУЕЙ СЪРВИЗ ООД
2026-06-03,1913 О5 Шумен 2,Р7826КН,78970110027720183,DIESEL EKONOMY,185.1,L15,1.56,0.0,0.0,0.19,288.76,1.69,312.82,15:10:00,0.0,3232821508 3232821508,ЕВРОУЕЙ СЪРВИЗ ООД
2026-06-04,"1178 Русе, бул. България",Р7826КН,78970110027720183,DIESEL EKONOMY,180.01,L15,1.54,0.0,0.0,0.18,277.22,1.66,298.82,17:17:00,0.0,3232866399 3232866399,ЕВРОУЕЙ СЪРВИЗ ООД
2026-06-05,1147 Варна Ситроен,Р9581МА,78970153027721017,DIESEL EKONOMY,248.41,L15,1.54,0.0,0.0,0.25,382.55,1.66,412.36,11:18:00,0.0,3232899524 3232899524,ЕВРОУЕЙ СЪРВИЗ ООД
2026-06-05,"1178 Русе, бул. България",СВ2201СС,78970110027720415,DIESEL EKONOMY,52.61,L15,1.54,0.0,0.0,0.05,81.02,1.66,87.33,18:10:00,0.0,3232924523 3232924523,ЕВРОУЕЙ СЪРВИЗ ООД
2026-06-05,1198 Struma Highway,Р2947КН,78970110027720175,DIESEL EKONOMY,460.0,L15,1.54,0.0,0.0,0.46,708.4,1.69,777.4,08:35:00,0.0,3232900809 3232900809,ЕВРОУЕЙ СЪРВИЗ ООД
2026-06-05,1198 Struma Highway,Р2947КН,78970110027720175,ADBLUE 1L,24.66,L15,1.22,0.0,0.0,,30.09,1.22,30.09,08:35:00,0.0,3232900809 3232900809,ЕВРОУЕЙ СЪРВИЗ ООД
2026-06-08,"1178 Русе, бул. България",СВ2201СС,78970110027720415,DIESEL EKONOMY,52.97,L15,1.53,0.0,0.0,0.05,81.04,1.64,86.87,16:04:00,0.0,3233058553 3233058553,ЕВРОУЕЙ СЪРВИЗ ООД
2026-06-09,"1178 Русе, бул. България",СВ0305ТТ,78970110027720209,DIESEL EKONOMY,480.0,L15,1.51,0.0,0.0,-1.92,724.8,1.64,787.2,13:10:00,0.0,3233106931 3233106931,ЕВРОУЕЙ СЪРВИЗ ООД
2026-06-11,1112 София Резбарска,Р2948КН,78970110027720167,DIESEL EKONOMY,100.0,L15,1.51,0.0,0.0,-0.4,151.0,1.62,162.0,07:31:00,0.0,3233171356 3233171356,ЕВРОУЕЙ СЪРВИЗ ООД
2026-06-11,"1178 Русе, бул. България",СВ2201СС,78970110027720415,DIESEL EKONOMY,209.38,L15,1.51,0.0,0.0,-0.84,316.16,1.62,339.2,13:14:00,0.0,3233211486 3233211486,ЕВРОУЕЙ СЪРВИЗ ООД
2026-06-12,"1178 Русе, бул. България",Р2947КН,78970110027720175,DIESEL EKONOMY,420.0,L15,1.51,0.0,0.0,-1.68,634.2,1.61,676.2,13:31:00,0.0,3233259268 3233259268,ЕВРОУЕЙ СЪРВИЗ ООД
2026-06-12,"1178 Русе, бул. България",СВ2201СС,78970110027720415,DIESEL EKONOMY,100.0,L15,1.51,0.0,0.0,-0.4,151.0,1.61,161.0,18:41:00,0.0,3233264994 3233264994,ЕВРОУЕЙ СЪРВИЗ ООД
2026-06-12,1198 Struma Highway,Р2948КН,78970110027720167,DIESEL EKONOMY,180.0,L15,1.51,0.0,0.0,-0.72,271.8,1.64,295.2,11:25:00,0.0,3233241596 3233241596,ЕВРОУЕЙ СЪРВИЗ ООД
2026-06-15,1147 Варна Ситроен,Р9581МА,78970153027721017,DIESEL EKONOMY,221.1,L15,1.51,0.0,0.0,-0.88,333.86,1.6,353.76,23:28:00,0.0,3233402300 3233402300,ЕВРОУЕЙ СЪРВИЗ ООД
2026-06-15,"1178 Русе, бул. България",СВ2201СС,78970110027720415,DIESEL EKONOMY,54.43,L15,1.51,0.0,0.0,-0.22,82.19,1.6,87.09,18:59:00,0.0,3233350243 3233350243,ЕВРОУЕЙ СЪРВИЗ ООД
2026-06-15,"1178 Русе, бул. България",Р2947КН,78970110027720175,DIESEL EKONOMY,295.0,L15,1.51,0.0,0.0,-1.18,445.45,1.6,472.0,17:28:00,0.0,3233400194 3233400194,ЕВРОУЕЙ СЪРВИЗ ООД
2026-06-15,"1178 Русе, бул. България",Р2947КН,78970110027720175,ADBLUE 1L,31.94,L15,1.22,0.0,0.0,,38.97,1.22,38.97,17:28:00,0.0,3233400194 3233400194,ЕВРОУЕЙ СЪРВИЗ ООД
2026-06-15,1918 O5 Търговище,СВ2201СС,78970110027720415,DIESEL EKONOMY,138.66,L15,1.51,0.0,0.0,-0.55,209.38,1.6,221.86,10:13:00,0.0,3233388294 3233388294,ЕВРОУЕЙ СЪРВИЗ ООД
2026-06-17,1169 Видин Кула,СВ2201СС,78970110027720415,DIESEL EKONOMY,188.91,L15,1.5,0.0,0.0,0.19,283.36,1.59,300.37,12:09:00,0.0,3233496017 3233496017,ЕВРОУЕЙ СЪРВИЗ ООД
2026-06-17,"1178 Русе, бул. България",Р7826КН,78970110027720183,DIESEL EKONOMY,260.0,L15,1.5,0.0,0.0,0.26,390.0,1.59,413.4,13:25:00,0.0,3233493914 3233493914,ЕВРОУЕЙ СЪРВИЗ ООД
2026-06-18,"1178 Русе, бул. България",СВ2201СС,78970110027720415,DIESEL EKONOMY,129.58,L15,1.5,0.0,0.0,0.13,194.37,1.58,204.74,14:48:00,0.0,3233524829 3233524829,ЕВРОУЕЙ СЪРВИЗ ООД
2026-06-18,"1178 Русе, бул. България",Р7826КН,78970110027720183,DIESEL EKONOMY,130.0,L15,1.5,0.0,0.0,0.13,195.0,1.58,205.4,18:53:00,0.0,3233528550 3233528550,ЕВРОУЕЙ СЪРВИЗ ООД
2026-06-20,"1178 Русе, бул. България",СВ2201СС,78970110027720415,DIESEL EKONOMY,124.21,L15,1.47,0.0,0.0,0.12,182.59,1.54,191.28,13:17:00,0.0,3233648059 3233648059,ЕВРОУЕЙ СЪРВИЗ ООД
2026-06-21,1121 София Сливница,Р2948КН,78970110027720167,DIESEL EKONOMY,280.0,L15,1.47,0.0,0.0,0.28,411.6,1.53,428.4,16:14:00,0.0,3233686451 3233686451,ЕВРОУЕЙ СЪРВИЗ ООД
2026-06-23,"1178 Русе, бул. България",Р7826КН,78970110027720183,DIESEL EKONOMY,160.0,L15,1.44,0.0,0.0,0.16,230.4,1.52,243.2,08:07:00,0.0,3233765185 3233765185,ЕВРОУЕЙ СЪРВИЗ ООД
2026-06-23,"1178 Русе, бул. България",Р7826КН,78970110027720183,ADBLUE 1L,22.38,L15,1.22,0.0,0.0,,27.3,1.22,27.3,08:07:00,0.0,3233765185 3233765185,ЕВРОУЕЙ СЪРВИЗ ООД
2026-06-23,"1178 Русе, бул. България",СВ2201СС,78970110027720415,DIESEL EKONOMY,162.23,L15,1.44,0.0,0.0,0.16,233.61,1.52,246.59,19:31:00,0.0,3233775374 3233775374,ЕВРОУЕЙ СЪРВИЗ ООД
2026-06-23,"1178 Русе, бул. България",Р2947КН,78970110027720175,DIESEL EKONOMY,235.0,L15,1.44,0.0,0.0,0.23,338.4,1.52,357.2,16:30:00,0.0,3233777427 3233777427,ЕВРОУЕЙ СЪРВИЗ ООД
2026-06-24,1161 София Шипченски проход,Р2948КН,78970110027720167,DIESEL EKONOMY,333.33,L15,1.43,0.0,0.0,0.33,476.66,1.5,500.0,04:53:00,0.0,3233783178 3233783178,ЕВРОУЕЙ СЪРВИЗ ООД
2026-06-24,"1178 Русе, бул. България",СВ2201СС,78970110027720415,DIESEL EKONOMY,172.43,L15,1.43,0.0,0.0,0.17,246.57,1.51,260.37,21:04:00,0.0,3233813348 3233813348,ЕВРОУЕЙ СЪРВИЗ ООД
2026-06-25,"1178 Русе, бул. България",Р2947КН,78970110027720175,DIESEL EKONOMY,315.0,L15,1.43,0.0,0.0,0.31,450.45,1.51,475.65,11:32:00,0.0,3233867906 3233867906,ЕВРОУЕЙ СЪРВИЗ ООД
2026-06-25,"1178 Русе, бул. България",Р2947КН,78970110027720175,ADBLUE 1L,27.48,L15,1.22,0.0,0.0,,33.53,1.22,33.53,11:32:00,0.0,3233867906 3233867906,ЕВРОУЕЙ СЪРВИЗ ООД
2026-06-27,"1178 Русе, бул. България",Р7826КН,78970110027720183,DIESEL EKONOMY,197.02,L15,1.41,0.0,0.0,-0.79,277.8,1.51,297.5,18:40:00,0.0,3233979882 3233979882,ЕВРОУЕЙ СЪРВИЗ ООД
2026-06-28,"1178 Русе, бул. България",Р2947КН,78970110027720175,DIESEL EKONOMY,290.0,L15,1.41,0.0,0.0,-1.16,408.9,1.51,437.9,14:06:00,0.0,3234019261 3234019261,ЕВРОУЕЙ СЪРВИЗ ООД
2026-06-28,"1178 Русе, бул. България",Р2947КН,78970110027720175,ADBLUE 1L,20.77,L15,1.22,0.0,0.0,,25.34,1.22,25.34,14:06:00,0.0,3234019261 3234019261,ЕВРОУЕЙ СЪРВИЗ ООД
2026-06-29,1139 София Ломско шосе,Р2948КН,78970110027720167,DIESEL EKONOMY,430.0,L15,1.4,0.0,0.0,0.43,602.0,1.51,649.3,04:47:00,0.0,3234053988 3234053988,ЕВРОУЕЙ СЪРВИЗ ООД
2026-06-29,"1178 Русе, бул. България",Р7826КН,78970110027720183,DIESEL EKONOMY,105.67,L15,1.4,0.0,0.0,0.11,147.94,1.51,159.56,19:49:00,0.0,3234066482 3234066482,ЕВРОУЕЙ СЪРВИЗ ООД
2026-06-30,"1178 Русе, бул. България",Р2947КН,78970110027720175,DIESEL EKONOMY,335.0,L15,1.4,0.0,0.0,0.33,469.0,1.51,505.85,16:44:00,0.0,3234116737 3234116737,ЕВРОУЕЙ СЪРВИЗ ООД
2026-06-30,"1178 Русе, бул. България",Р2947КН,78970110027720175,ADBLUE 1L,24.71,L15,1.22,0.0,0.0,,30.15,1.22,30.15,16:44:00,0.0,3234116737 3234116737,ЕВРОУЕЙ СЪРВИЗ ООД
2026-06-30,"1178 Русе, бул. България",Р7826КН,78970110027720183,DIESEL EKONOMY,48.96,L15,1.4,0.0,0.0,0.05,68.54,1.51,73.93,17:09:00,0.0,3234119624 3234119624,ЕВРОУЕЙ СЪРВИЗ ООД
2026-06-08,1117 София Черни Връх,16,78970110027720217,EKO RACING 100,59.75,L15,1.81,0.0,0.0,,108.15,1.81,108.15,13:07:00,0.0,3233022819 3233022819,ЕНЕРДЖИ ПЛЮС ЕООД
2026-06-01,1147 Варна Ситроен,В3931НА,78970151027720021,DIESEL EKONOMY,25.52,L15,1.62,0.0,0.05,1.28,41.34,1.69,43.13,07:22:00,0.0,3232708819 3232708819,ЖЕЛЯЗКОВ ИНЖЕНЕРИНГ - ПРОИЗВОДС
2026-06-01,1147 Варна Ситроен,В3164НА,78970151027720039,DIESEL EKONOMY,30.48,L15,1.62,0.0,0.05,1.52,49.38,1.69,51.51,19:58:00,433115.0,3232724287 3232724287,ЖЕЛЯЗКОВ ИНЖЕНЕРИНГ - ПРОИЗВОДС
2026-06-01,1147 Варна Ситроен,В3164НА,78970151027720039,DIESEL EKONOMY,14.73,L15,1.62,0.0,0.05,0.74,23.86,1.69,24.89,19:54:00,433115.0,3232724739 3232724739,ЖЕЛЯЗКОВ ИНЖЕНЕРИНГ - ПРОИЗВОДС
2026-06-01,1148 Варна пристанище,В0922ТК,78970151027720054,DIESEL EKONOMY,56.74,L15,1.62,0.0,0.05,2.84,91.92,1.69,95.89,16:50:00,323995.0,3232724528 3232724528,ЖЕЛЯЗКОВ ИНЖЕНЕРИНГ - ПРОИЗВОДС
2026-06-04,1148 Варна пристанище,В0922ТК,78970151027720054,DIESEL EKONOMY,20.48,L15,1.59,0.0,0.05,1.02,32.56,1.66,34.0,16:35:00,324340.0,3232864039 3232864039,ЖЕЛЯЗКОВ ИНЖЕНЕРИНГ - ПРОИЗВОДС
2026-06-09,1147 Варна Ситроен,В3931НА,78970151027720021,DIESEL EKONOMY,36.27,L15,1.56,0.0,0.05,1.81,56.58,1.64,59.48,07:28:00,0.0,3233067079 3233067079,ЖЕЛЯЗКОВ ИНЖЕНЕРИНГ - ПРОИЗВОДС
2026-06-10,1146 Варна Сливница,В0922ТК,78970151027720054,DIESEL DOUBLE FILTERED,50.01,L15,1.88,0.0,0.0,,94.02,1.88,94.02,16:34:00,324640.0,3233124585 3233124585,ЖЕЛЯЗКОВ ИНЖЕНЕРИНГ - ПРОИЗВОДС
2026-06-10,1147 Варна Ситроен,В3164НА,78970151027720039,DIESEL EKONOMY,46.48,L15,1.56,0.0,0.05,2.32,72.51,1.63,75.76,17:16:00,433713.0,3233151762 3233151762,ЖЕЛЯЗКОВ ИНЖЕНЕРИНГ - ПРОИЗВОДС
2026-06-15,1148 Варна пристанище,В0922ТК,78970151027720054,DIESEL EKONOMY,39.09,L15,1.56,0.0,0.05,1.95,60.98,1.6,62.54,17:07:00,325000.0,3233399021 3233399021,ЖЕЛЯЗКОВ ИНЖЕНЕРИНГ - ПРОИЗВОДС
2026-06-18,1148 Варна пристанище,В0922ТК,78970151027720054,DIESEL EKONOMY,25.32,L15,1.55,0.0,0.05,1.27,39.25,1.58,40.01,17:15:00,325375.0,3233539883 3233539883,ЖЕЛЯЗКОВ ИНЖЕНЕРИНГ - ПРОИЗВОДС
2026-06-22,1147 Варна Ситроен,В3931НА,78970151027720021,DIESEL EKONOMY,39.45,L15,1.48,0.0,0.04,1.58,58.39,1.52,59.96,07:21:00,0.0,3233715211 3233715211,ЖЕЛЯЗКОВ ИНЖЕНЕРИНГ - ПРОИЗВОДС
2026-06-22,1148 Варна пристанище,В0922ТК,78970151027720054,DIESEL EKONOMY,48.93,L15,1.48,0.0,0.04,1.96,72.42,1.52,74.37,16:44:00,325675.0,3233727467 3233727467,ЖЕЛЯЗКОВ ИНЖЕНЕРИНГ - ПРОИЗВОДС
2026-06-25,1148 Варна пристанище,В0922ТК,78970151027720054,DIESEL EKONOMY,26.5,L15,1.47,0.0,0.04,1.06,38.96,1.51,40.02,16:45:00,326110.0,3233867596 3233867596,ЖЕЛЯЗКОВ ИНЖЕНЕРИНГ - ПРОИЗВОДС
2026-06-28,1147 Варна Ситроен,В3164НА,78970151027720039,DIESEL EKONOMY,48.55,L15,1.45,0.0,0.04,1.94,70.4,1.51,73.31,14:43:00,434351.0,3234008251 3234008251,ЖЕЛЯЗКОВ ИНЖЕНЕРИНГ - ПРОИЗВОДС
2026-06-29,1148 Варна пристанище,В0922ТК,78970151027720054,DIESEL EKONOMY,46.76,L15,1.44,0.0,0.04,1.87,67.33,1.51,70.61,17:02:00,326345.0,3234065992 3234065992,ЖЕЛЯЗКОВ ИНЖЕНЕРИНГ - ПРОИЗВОДС
2026-06-01,1148 Варна пристанище,B0847TK,78970153027720878,95 EKONOMY UNLEADED,41.4,L15,1.52,0.05,0.0,1.49,62.93,1.57,65.0,09:16:00,0.0,3232716854 3232716854,ЖИВКО НЕДЕЛЧЕВ ДИМИТРОВ
2026-06-02,1148 Варна пристанище,В2968XB,78970153027720845,EKO RACING 100,26.36,L15,1.77,0.05,0.0,1.11,46.66,1.82,47.98,12:06:00,0.0,3232765470 3232765470,ЖИВКО НЕДЕЛЧЕВ ДИМИТРОВ
2026-06-05,1160 София бул. България,СB6072HO,78970153027720852,EKO RACING 100,40.86,L15,1.77,0.05,0.0,1.72,72.32,1.82,74.37,16:48:00,21934.0,3232908189 3232908189,ЖИВКО НЕДЕЛЧЕВ ДИМИТРОВ
2026-06-09,1158 Варна Чайка,B0847TK,78970153027720878,95 EKONOMY UNLEADED,40.44,L15,1.51,0.05,0.0,2.67,61.06,1.56,63.09,12:51:00,0.0,3233096628 3233096628,ЖИВКО НЕДЕЛЧЕВ ДИМИТРОВ
2026-06-11,1148 Варна пристанище,В2968XB,78970153027720845,EKO RACING 100,22.35,L15,1.76,0.05,0.0,1.03,39.34,1.81,40.45,14:45:00,0.0,3233204651 3233204651,ЖИВКО НЕДЕЛЧЕВ ДИМИТРОВ
2026-06-17,"1903 София, О5 Царско село",СB6072HO,78970153027720852,EKO RACING 100,40.69,L15,1.76,0.05,0.0,2.48,71.61,1.81,73.65,10:57:00,0.0,3233475763 3233475763,ЖИВКО НЕДЕЛЧЕВ ДИМИТРОВ
2026-06-19,1148 Варна пристанище,В2968XB,78970153027720845,EKO RACING 100,24.91,L15,1.76,0.05,0.0,1.52,43.84,1.81,45.09,00:11:00,0.0,3233554325 3233554325,ЖИВКО НЕДЕЛЧЕВ ДИМИТРОВ
2026-06-19,1186 Севлиево,СB6072HO,78970153027720852,EKO RACING 100,26.25,L15,1.75,0.05,0.0,1.34,45.94,1.8,47.25,15:22:00,22617.0,3233594320 3233594320,ЖИВКО НЕДЕЛЧЕВ ДИМИТРОВ
2026-06-21,1173 Ямбол,СB6072HO,78970153027720852,95 EKONOMY UNLEADED,24.68,L15,1.47,0.05,0.0,1.75,36.28,1.52,37.51,16:55:00,23140.0,3233683580 3233683580,ЖИВКО НЕДЕЛЧЕВ ДИМИТРОВ
2026-06-21,"1902 София, О5 Малинова Долина",СB6072HO,78970153027720852,EKO RACING 100,40.0,L15,1.74,0.05,0.0,2.44,69.6,1.79,71.6,19:44:00,23444.0,3233683571 3233683571,ЖИВКО НЕДЕЛЧЕВ ДИМИТРОВ
2026-06-26,1148 Варна пристанище,В2968XB,78970153027720845,EKO RACING 100,25.36,L15,1.71,0.05,0.0,1.55,43.37,1.76,44.63,15:41:00,0.0,3233944292 3233944292,ЖИВКО НЕДЕЛЧЕВ ДИМИТРОВ
2026-06-30,1148 Варна пристанище,B0847TK,78970153027720878,95 EKONOMY UNLEADED,43.57,L15,1.45,0.05,0.0,3.96,63.18,1.5,65.36,09:32:00,0.0,3234099071 3234099071,ЖИВКО НЕДЕЛЧЕВ ДИМИТРОВ
2026-06-01,1156 Добрич бул. Добруджа,ТХ6051МТ,78970153027720688,95 EKONOMY UNLEADED,39.97,L15,1.52,0.0,0.04,1.6,60.75,1.57,62.75,20:39:00,0.0,3232732410 3232732410,ЗЕМЕДЕЛСКА ТЕХНИКА ООД
2026-06-03,1156 Добрич бул. Добруджа,ТХ7964АР,78970153027720670,DIESEL EKONOMY,50.3,L15,1.6,0.0,0.04,2.01,80.48,1.69,85.01,08:42:00,0.0,3232816065 3232816065,ЗЕМЕДЕЛСКА ТЕХНИКА ООД
2026-06-07,1156 Добрич бул. Добруджа,ТХ6051МТ,78970153027720688,95 EKONOMY UNLEADED,37.88,L15,1.5,0.0,0.04,1.52,56.82,1.56,59.09,10:22:00,0.0,3233011748 3233011748,ЗЕМЕДЕЛСКА ТЕХНИКА ООД
2026-06-11,1156 Добрич бул. Добруджа,ЗТ1,78970153027720696,DIESEL EKONOMY,64.4,L15,1.55,0.0,0.04,2.58,99.82,1.62,104.33,18:16:00,0.0,3233210181 3233210181,ЗЕМЕДЕЛСКА ТЕХНИКА ООД
2026-06-12,1156 Добрич бул. Добруджа,ТХ6051МТ,78970153027720688,95 EKONOMY UNLEADED,39.99,L15,1.48,0.0,0.04,1.6,59.19,1.56,62.38,19:55:00,0.0,3233267114 3233267114,ЗЕМЕДЕЛСКА ТЕХНИКА ООД
2026-06-18,1156 Добрич бул. Добруджа,ТХ6051МТ,78970153027720688,95 EKONOMY UNLEADED,27.58,L15,1.46,0.0,0.04,1.1,40.27,1.55,42.75,08:58:00,176134.0,3233535087 3233535087,ЗЕМЕДЕЛСКА ТЕХНИКА ООД
2026-06-21,1156 Добрич бул. Добруджа,ТХ6051МТ,78970153027720688,95 EKONOMY UNLEADED,36.29,L15,1.43,0.0,0.03,1.09,51.89,1.53,55.52,09:44:00,0.0,3233687360 3233687360,ЗЕМЕДЕЛСКА ТЕХНИКА ООД
2026-06-01,1147 Варна Ситроен,B3211HA,78970151027720088,DIESEL EKONOMY,50.92,L15,1.62,0.0,0.05,2.55,82.49,1.69,86.05,16:17:00,0.0,3232717245 3232717245,ЗП ВЕСЕЛИН СТЕФАНОВ ЖЕЛЯЗКОВ
2026-06-05,1927 Пирдоп,B1628TM,78970151027720062,DIESEL EKONOMY,58.19,L15,1.59,0.0,0.05,2.91,92.52,1.66,96.6,10:57:00,0.0,3232913041 3232913041,ЗП ВЕСЕЛИН СТЕФАНОВ ЖЕЛЯЗКОВ
2026-06-10,1146 Варна Сливница,B1648HH,78970151027720070,95 EKONOMY UNLEADED,45.26,L15,1.48,0.0,0.04,1.81,66.98,1.56,70.61,11:17:00,0.0,3233124502 3233124502,ЗП ВЕСЕЛИН СТЕФАНОВ ЖЕЛЯЗКОВ
2026-06-21,1147 Варна Ситроен,B1628TM,78970151027720062,DIESEL EKONOMY,64.94,L15,1.51,0.0,0.04,2.6,98.06,1.54,100.01,06:52:00,0.0,3233607079 3233607079,ЗП ВЕСЕЛИН СТЕФАНОВ ЖЕЛЯЗКОВ
2026-06-24,1147 Варна Ситроен,B1648HH,78970151027720070,95 EKONOMY UNLEADED,48.63,L15,1.42,0.0,0.04,1.95,69.05,1.51,73.43,16:18:00,0.0,3233811726 3233811726,ЗП ВЕСЕЛИН СТЕФАНОВ ЖЕЛЯЗКОВ
2026-06-04,1199 Varna Car Osvoboditel,ДЛ5,78970151027720559,DIESEL EKONOMY,65.53,L15,1.56,0.0,0.02,1.31,102.23,1.66,108.78,10:00:00,0.0,3232859290 3232859290,ИВОН СТРОЙ 2015 ЕООД
2026-06-04,1199 Varna Car Osvoboditel,ДЛ5,78970151027720559,95 EKONOMY UNLEADED,10.0,L15,1.49,0.0,0.02,0.2,14.9,1.57,15.7,10:00:00,0.0,3232859290 3232859290,ИВОН СТРОЙ 2015 ЕООД
2026-06-11,1199 Varna Car Osvoboditel,ДЛ5,78970151027720559,95 EKONOMY UNLEADED,10.0,L15,1.46,0.0,0.02,0.2,14.6,1.56,15.6,08:23:00,0.0,3233203713 3233203713,ИВОН СТРОЙ 2015 ЕООД
2026-06-13,1199 Varna Car Osvoboditel,ДЛ5,78970151027720559,DIESEL EKONOMY,49.91,L15,1.53,0.0,0.02,1.0,76.36,1.6,79.86,10:18:00,0.0,3233289986 3233289986,ИВОН СТРОЙ 2015 ЕООД
2026-06-20,1199 Varna Car Osvoboditel,ДЛ5,78970151027720559,DIESEL EKONOMY,73.94,L15,1.49,0.0,0.02,1.48,110.17,1.54,113.87,17:12:00,0.0,3233627559 3233627559,ИВОН СТРОЙ 2015 ЕООД
2026-06-20,1199 Varna Car Osvoboditel,ДЛ5,78970151027720559,95 EKONOMY UNLEADED,10.0,L15,1.42,0.0,0.02,0.2,14.2,1.53,15.3,17:12:00,0.0,3233627559 3233627559,ИВОН СТРОЙ 2015 ЕООД
2026-06-04,1156 Добрич бул. Добруджа,ТХ7410АК,78970153027720621,DIESEL EKONOMY,70.79,L15,1.58,0.0,0.04,2.83,111.85,1.66,117.51,17:32:00,0.0,3232870610 3232870610,КИРОВ ТУР ООД
2026-06-18,1156 Добрич бул. Добруджа,КТ1,78970153027720639,DIESEL EKONOMY,40.41,L15,1.54,0.0,0.04,1.62,62.23,1.58,63.85,07:00:00,0.0,3233536557 3233536557,КИРОВ ТУР ООД
2026-06-18,1156 Добрич бул. Добруджа,ТХ7410АК,78970153027720621,DIESEL EKONOMY,75.33,L15,1.54,0.0,0.04,3.01,116.01,1.58,119.02,10:44:00,0.0,3233537973 3233537973,КИРОВ ТУР ООД
2026-06-23,1156 Добрич бул. Добруджа,КТ1,78970153027720639,DIESEL EKONOMY,39.89,L15,1.47,0.0,0.03,1.2,58.64,1.52,60.63,09:25:00,0.0,3233772008 3233772008,КИРОВ ТУР ООД
2026-06-29,1156 Добрич бул. Добруджа,КТ1,78970153027720639,DIESEL EKONOMY,36.47,L15,1.43,0.0,0.03,1.09,52.15,1.51,55.07,21:06:00,0.0,3234062045 3234062045,КИРОВ ТУР ООД
2026-06-01,1148 Варна пристанище,В0583ВТ,78970155027721806,95 EKONOMY UNLEADED,10.0,L15,1.54,0.03,0.0,0.56,15.4,1.57,15.7,09:27:00,0.0,3232717828 3232717828,КМЕТСТВО ЗВЕЗДИЦА
2026-06-01,1148 Варна пристанище,ТубаЗвездица,78970155027722747,95 EKONOMY UNLEADED,19.99,L15,1.54,0.03,0.0,1.12,30.78,1.57,31.38,09:27:00,0.0,3232718013 3232718013,КМЕТСТВО ЗВЕЗДИЦА
2026-06-10,1148 Варна пристанище,ТубаЗвездица,78970155027722747,95 EKONOMY UNLEADED,20.0,L15,1.53,0.03,0.0,1.72,30.6,1.56,31.2,08:51:00,0.0,3233136091 3233136091,КМЕТСТВО ЗВЕЗДИЦА
2026-06-22,1148 Варна пристанище,В0583ВТ,78970155027721806,E GAS LPG,24.48,L15,0.65,0.01,0.0,-8.57,15.91,0.66,16.16,12:11:00,119457.0,3233721271 3233721271,КМЕТСТВО ЗВЕЗДИЦА
2026-06-24,1148 Варна пристанище,ТубаЗвездица,78970155027722747,95 EKONOMY UNLEADED,20.0,L15,1.48,0.03,0.0,2.02,29.6,1.51,30.2,09:19:00,0.0,3233811206 3233811206,КМЕТСТВО ЗВЕЗДИЦА
2026-06-30,1148 Варна пристанище,ТубаЗвездица,78970155027722747,95 EKONOMY UNLEADED,20.0,L15,1.47,0.03,0.0,2.22,29.4,1.5,30.0,09:05:00,0.0,3234100056 3234100056,КМЕТСТВО ЗВЕЗДИЦА
2026-06-30,1148 Варна пристанище,В0583ВТ,78970155027721806,E GAS LPG,21.27,L15,0.65,0.01,0.0,-7.44,13.83,0.66,14.04,09:06:00,119677.0,3234101420 3234101420,КМЕТСТВО ЗВЕЗДИЦА
2026-06-02,1146 Варна Сливница,В3914РТ,78970155027720816,95 EKONOMY UNLEADED,31.65,L15,1.54,0.03,0.0,1.77,48.74,1.57,49.69,12:22:00,180188.0,3232749349 3232749349,КМЕТСТВО КАМЕНАР
2026-06-02,1146 Варна Сливница,В3914РТ,78970155027720816,E GAS LPG,31.19,L15,0.74,0.01,0.0,-8.11,23.08,0.75,23.39,12:22:00,180188.0,3232749349 3232749349,КМЕТСТВО КАМЕНАР
2026-06-05,1146 Варна Сливница,ТубаКам1,78970155027720824,95 EKONOMY UNLEADED,9.55,L15,1.54,0.03,0.0,0.63,14.71,1.57,14.99,13:18:00,0.0,3232882927 3232882927,КМЕТСТВО КАМЕНАР
2026-06-09,1199 Varna Car Osvoboditel,В3914РТ,78970155027720816,E GAS LPG,34.72,L15,0.71,0.01,0.0,-10.07,24.65,0.72,25.0,13:28:00,180463.0,3233108119 3233108119,КМЕТСТВО КАМЕНАР
2026-06-11,1146 Варна Сливница,ТубаКам1,78970155027720824,95 EKONOMY UNLEADED,11.16,L15,1.53,0.03,0.0,0.96,17.07,1.56,17.41,11:44:00,0.0,3233179410 3233179410,КМЕТСТВО КАМЕНАР
2026-06-17,1146 Варна Сливница,ТубаКам1,78970155027720824,95 EKONOMY UNLEADED,10.0,L15,1.52,0.03,0.0,0.96,15.2,1.55,15.5,12:04:00,0.0,3233473073 3233473073,КМЕТСТВО КАМЕНАР
2026-06-17,1146 Варна Сливница,В3914РТ,78970155027720816,E GAS LPG,29.85,L15,0.66,0.01,0.0,-10.15,19.7,0.67,20.0,12:07:00,180722.0,3233473074 3233473074,КМЕТСТВО КАМЕНАР
2026-06-22,1146 Варна Сливница,ТубаКам1,78970155027720824,95 EKONOMY UNLEADED,11.85,L15,1.48,0.03,0.0,1.08,17.54,1.51,17.89,12:33:00,0.0,3233710381 3233710381,КМЕТСТВО КАМЕНАР
2026-06-24,1158 Варна Чайка,В3914РТ,78970155027720816,E GAS LPG,30.3,L15,0.65,0.01,0.0,-10.6,19.7,0.66,20.0,13:59:00,181002.0,3233809335 3233809335,КМЕТСТВО КАМЕНАР
2026-06-30,1158 Варна Чайка,ТубаКам1,78970155027720824,95 EKONOMY UNLEADED,10.67,L15,1.47,0.03,0.0,1.18,15.68,1.5,16.0,09:11:00,0.0,3234095857 3234095857,КМЕТСТВО КАМЕНАР
2026-06-03,1148 Варна пристанище,ТУБАКон1,78970155027720840,95 EKONOMY UNLEADED,20.0,L15,1.54,0.03,0.0,1.12,30.8,1.57,31.4,18:55:00,0.0,3232818490 3232818490,КМЕТСТВО КОНСТАНТИНОВО
2026-06-05,1910 О5 Бургас,В0587ВТ,78970155027720832,E GAS LPG,21.43,L15,0.73,0.01,0.0,-5.79,15.64,0.74,15.86,11:00:00,1.0,3232913825 3232913825,КМЕТСТВО КОНСТАНТИНОВО
2026-06-11,1148 Варна пристанище,В0587ВТ,78970155027720832,E GAS LPG,22.51,L15,0.68,0.01,0.0,-7.2,15.31,0.69,15.53,07:51:00,0.0,3233196105 3233196105,КМЕТСТВО КОНСТАНТИНОВО
2026-06-16,1148 Варна пристанище,ТУБАКон1,78970155027720840,95 EKONOMY UNLEADED,21.76,L15,1.53,0.03,0.0,1.87,33.29,1.56,33.95,10:10:00,0.0,3233434647 3233434647,КМЕТСТВО КОНСТАНТИНОВО
2026-06-19,1148 Варна пристанище,В0587ВТ,78970155027720832,E GAS LPG,22.94,L15,0.65,0.01,0.0,-8.03,14.91,0.66,15.14,16:00:00,0.0,3233592262 3233592262,КМЕТСТВО КОНСТАНТИНОВО
2026-06-01,1147 Варна Ситроен,ТубаТоп1,78970155027720865,95 EKONOMY UNLEADED,19.3,L15,1.54,0.03,0.0,1.08,29.72,1.57,30.3,14:50:00,0.0,3232714356 3232714356,КМЕТСТВО ТОПОЛИ
2026-06-10,1147 Варна Ситроен,В0584ВТ,78970155027720857,E GAS LPG,24.75,L15,0.7,0.01,0.0,-7.43,17.32,0.71,17.57,14:59:00,81293.0,3233147476 3233147476,КМЕТСТВО ТОПОЛИ
2026-06-15,1147 Варна Ситроен,ТубаТоп1,78970155027720865,95 EKONOMY UNLEADED,18.05,L15,1.53,0.03,0.0,1.55,27.62,1.56,28.16,15:10:00,0.0,3233390929 3233390929,КМЕТСТВО ТОПОЛИ
2026-06-19,1147 Варна Ситроен,В0584ВТ,78970155027720857,E GAS LPG,18.7,L15,0.65,0.01,0.0,-6.54,12.16,0.66,12.34,12:23:00,81432.0,3233575852 3233575852,КМЕТСТВО ТОПОЛИ
2026-06-05,1119 Асеновград,13,78970110027720134,95 EKONOMY UNLEADED,84.62,L15,1.51,0.0,0.04,3.38,127.78,1.57,132.85,15:29:00,0.0,3232912635 3232912635,КОМЕРС НОВИ ПАЗАР ЕООД
2026-06-11,1163 София Ботевградско шосе,13,78970110027720134,95 EKONOMY UNLEADED,61.84,L15,1.48,0.0,0.04,2.47,91.52,1.56,96.47,10:16:00,0.0,3233190353 3233190353,КОМЕРС НОВИ ПАЗАР ЕООД
2026-06-12,1103 Велико Търново изход,13,78970110027720134,95 EKONOMY UNLEADED,82.06,L15,1.48,0.0,0.04,3.28,121.45,1.56,128.01,17:23:00,0.0,3233261235 3233261235,КОМЕРС НОВИ ПАЗАР ЕООД
2026-06-17,1101 София Ихтиман,13,78970110027720134,95 EKONOMY UNLEADED,53.51,L15,1.46,0.0,0.04,2.14,78.12,1.56,83.48,09:37:00,0.0,3233476933 3233476933,КОМЕРС НОВИ ПАЗАР ЕООД
2026-06-19,1918 O5 Търговище,13,78970110027720134,95 EKONOMY UNLEADED,76.22,L15,1.46,0.0,0.04,3.05,111.28,1.54,117.38,11:24:00,0.0,3233587028 3233587028,КОМЕРС НОВИ ПАЗАР ЕООД
2026-06-25,1101 София Ихтиман,13,78970110027720134,95 EKONOMY UNLEADED,75.26,L15,1.42,0.0,0.04,3.01,106.87,1.52,114.4,13:30:00,0.0,3233855007 3233855007,КОМЕРС НОВИ ПАЗАР ЕООД
2026-06-10,1146 Варна Сливница,В8986ВР,78970155027720873,E GAS LPG,32.77,L15,0.7,0.01,0.0,-9.83,22.94,0.71,23.27,15:36:00,0.0,3233124571 3233124571,КСУБЛС
2026-06-25,1146 Варна Сливница,В8986ВР,78970155027720873,E GAS LPG,29.33,L15,0.65,0.01,0.0,-10.27,19.06,0.66,19.36,09:41:00,0.0,3233835178 3233835178,КСУБЛС
2026-06-29,1146 Варна Сливница,В8986ВР,78970155027720873,E GAS LPG,12.56,L15,0.65,0.01,0.0,-4.4,8.16,0.66,8.29,08:10:00,0.0,3234037074 3234037074,КСУБЛС
2026-06-29,1146 Варна Сливница,В8986ВР,78970155027720873,95 EKONOMY UNLEADED,12.09,L15,1.47,0.03,0.0,1.34,17.77,1.5,18.13,08:11:00,0.0,3234037075 3234037075,КСУБЛС
2026-06-29,"1909 О5, Хасково",В8986ВР,78970155027720873,E GAS LPG,31.39,L15,0.65,0.01,0.0,-10.99,20.4,0.66,20.72,14:16:00,0.0,3234060252 3234060252,КСУБЛС
2026-06-09,1911 O5 Варна,В8972ВР,78970155027721343,E GAS LPG,29.83,L15,0.71,0.01,0.0,-8.65,21.18,0.72,21.48,08:35:00,104940.0,3233073916 3233073916,КСУВХ ГЕРГАНА ДСХ И ДПЛФУ
2026-06-09,1911 O5 Варна,В8972ВР,78970155027721343,95 EKONOMY UNLEADED,8.02,L15,1.53,0.03,0.0,0.69,12.27,1.56,12.51,08:37:00,104940.0,3233074030 3233074030,КСУВХ ГЕРГАНА ДСХ И ДПЛФУ
2026-06-09,1911 O5 Варна,В7580ТЕ,78970155027721335,DIESEL EKONOMY,69.62,L15,1.61,0.03,0.0,6.68,112.09,1.64,114.18,13:08:00,13912.0,3233092713 3233092713,КСУВХ ГЕРГАНА ДСХ И ДПЛФУ
2026-06-15,1199 Varna Car Osvoboditel,В3018ХЕ,78970155027721350,DIESEL EKONOMY,37.97,L15,1.57,0.03,0.0,2.13,59.61,1.6,60.75,13:23:00,1632.0,3233400523 3233400523,КСУВХ ГЕРГАНА ДСХ И ДПЛФУ
2026-06-19,1911 O5 Варна,ТубаКСУВХ1,78970155027721368,95 EKONOMY UNLEADED,5.0,L15,1.51,0.03,0.0,0.43,7.55,1.54,7.7,09:01:00,0.0,3233572665 3233572665,КСУВХ ГЕРГАНА ДСХ И ДПЛФУ
2026-06-24,1911 O5 Варна,В8972ВР,78970155027721343,E GAS LPG,28.3,L15,0.65,0.01,0.0,-9.9,18.4,0.66,18.68,08:42:00,105290.0,3233805116 3233805116,КСУВХ ГЕРГАНА ДСХ И ДПЛФУ
2026-06-02,1147 Варна Ситроен,В4450ТТ,78970155027721160,DIESEL EKONOMY,53.19,L15,1.66,0.03,0.0,5.37,88.3,1.69,89.89,16:56:00,46055.0,3232765219 3232765219,КСУДМ
2026-06-05,1199 Varna Car Osvoboditel,В3270ВН,78970155027721152,DIESEL EKONOMY,71.42,L15,1.63,0.03,0.0,6.5,116.41,1.66,118.56,14:03:00,184162.0,3232920367 3232920367,КСУДМ
2026-06-11,1158 Варна Чайка,В4450ТТ,78970155027721160,DIESEL EKONOMY,62.3,L15,1.59,0.03,0.0,4.73,99.06,1.62,100.93,12:08:00,46564.0,3233194870 3233194870,КСУДМ
2026-06-22,1146 Варна Сливница,В4450ТТ,78970155027721160,DIESEL EKONOMY,54.72,L15,1.49,0.03,0.0,2.79,81.53,1.52,83.17,09:19:00,47040.0,3233710338 3233710338,КСУДМ
2026-06-22,1147 Варна Ситроен,В3270ВН,78970155027721152,DIESEL EKONOMY,75.85,L15,1.49,0.03,0.0,3.87,113.02,1.52,115.29,11:06:00,184900.0,3233716704 3233716704,КСУДМ
2026-06-29,1147 Варна Ситроен,В4450ТТ,78970155027721160,DIESEL EKONOMY,58.86,L15,1.48,0.03,0.0,4.77,87.11,1.51,88.88,13:00:00,47503.0,3234050523 3234050523,КСУДМ
2026-06-02,1146 Варна Сливница,В6367ТА,78970155027720378,DIESEL EKONOMY,76.88,L15,1.66,0.03,0.0,7.76,127.62,1.69,129.93,13:58:00,153078.0,3232749381 3232749381,КСУДПЛУ СВ. ЙОАН ЗЛАТОУСТ
2026-06-09,1199 Varna Car Osvoboditel,В6367ТА,78970155027720378,DIESEL EKONOMY,100.01,L15,1.61,0.03,0.0,9.6,161.02,1.64,164.02,11:21:00,153755.0,3233102893 3233102893,КСУДПЛУ СВ. ЙОАН ЗЛАТОУСТ
2026-06-11,1146 Варна Сливница,В5677ВН,78970155027720360,DIESEL EKONOMY,64.83,L15,1.59,0.03,0.0,4.93,103.08,1.62,105.02,08:21:00,73600.0,3233178642 3233178642,КСУДПЛУ СВ. ЙОАН ЗЛАТОУСТ
2026-06-15,1199 Varna Car Osvoboditel,В6367ТА,78970155027720378,DIESEL EKONOMY,75.0,L15,1.57,0.03,0.0,4.2,117.75,1.6,120.0,08:48:00,154277.0,3233391303 3233391303,КСУДПЛУ СВ. ЙОАН ЗЛАТОУСТ
2026-06-19,1158 Варна Чайка,В6367ТА,78970155027720378,DIESEL EKONOMY,70.03,L15,1.53,0.03,0.0,2.17,107.15,1.56,109.25,10:50:00,545894.0,3233581729 3233581729,КСУДПЛУ СВ. ЙОАН ЗЛАТОУСТ
2026-06-24,1158 Варна Чайка,В6367ТА,78970155027720378,DIESEL EKONOMY,40.0,L15,1.49,0.03,0.0,2.44,59.6,1.52,60.8,08:01:00,155266.0,3233784463 3233784463,КСУДПЛУ СВ. ЙОАН ЗЛАТОУСТ
2026-06-29,1146 Варна Сливница,В6367ТА,78970155027720378,DIESEL EKONOMY,50.0,L15,1.48,0.03,0.0,4.05,74.0,1.51,75.5,06:52:00,555561.0,3234037052 3234037052,КСУДПЛУ СВ. ЙОАН ЗЛАТОУСТ
2026-06-01,1146 Варна Сливница,В3650ВХ,78970155027720808,DIESEL EKONOMY,56.0,L15,1.66,0.03,0.0,5.1,92.96,1.69,94.64,12:52:00,110213.0,3232694714 3232694714,КСУДС
2026-06-23,1148 Варна пристанище,В5689ВН,78970155027720790,DIESEL EKONOMY,9.01,L15,1.49,0.03,0.0,0.46,13.42,1.52,13.7,09:18:00,68591.0,3233765335 3233765335,КСУДС
2026-06-01,1124 Плевен Христо Ботев,В6633ХВ,78970153027721322,DIESEL EKONOMY,155.01,L15,1.59,0.0,0.02,3.1,246.47,1.69,261.97,18:42:00,0.0,3232722992 3232722992,МЕЖДУНАРОДНИ ПРЕВОЗИ КАНОТРАНС 
2026-06-01,1124 Плевен Христо Ботев,BT6273KP,78970154027720397,DIESEL EKONOMY,43.0,L15,1.6,0.0,0.03,1.29,68.8,1.69,72.67,06:08:00,223900.0,3232710857 3232710857,МЕРКУРИЙ ПРОИЗВОДСТВО И ПАКЕТАЖ
2026-06-01,1172 Русе Шелф,BT6271KP,78970154027720371,DIESEL EKONOMY,24.21,L15,1.6,0.0,0.03,0.73,38.74,1.69,40.91,09:16:00,171676.0,3232719001 3232719001,МЕРКУРИЙ ПРОИЗВОДСТВО И ПАКЕТАЖ
2026-06-01,1194 Дунавци,EB5026BP,78970154027720421,DIESEL EKONOMY,127.08,L15,1.6,0.0,0.03,3.81,203.33,1.69,214.77,14:54:00,0.0,3232726360 3232726360,МЕРКУРИЙ ПРОИЗВОДСТВО И ПАКЕТАЖ
2026-06-02,1158 Варна Чайка,BT6272KP,78970154027720389,DIESEL EKONOMY,38.0,L15,1.59,0.0,0.03,1.14,60.42,1.69,64.22,14:39:00,0.0,3232760369 3232760369,МЕРКУРИЙ ПРОИЗВОДСТВО И ПАКЕТАЖ
2026-06-02,1186 Севлиево,EB5362BB,78970154027720454,DIESEL EKONOMY,34.0,L15,1.59,0.0,0.03,1.02,54.06,1.69,57.46,10:09:00,0.0,3232768694 3232768694,МЕРКУРИЙ ПРОИЗВОДСТВО И ПАКЕТАЖ
2026-06-02,1199 Varna Car Osvoboditel,EB1778BA,78970154027720504,DIESEL EKONOMY,33.99,L15,1.59,0.0,0.03,1.02,54.04,1.69,57.44,10:26:00,414946.0,3232767316 3232767316,МЕРКУРИЙ ПРОИЗВОДСТВО И ПАКЕТАЖ
2026-06-03,1136 Димитровград Д. Благоев,BT7814KT,78970154027720611,DIESEL EKONOMY,23.67,L15,1.59,0.0,0.03,0.71,37.64,1.69,40.0,17:39:00,0.0,3232817748 3232817748,МЕРКУРИЙ ПРОИЗВОДСТВО И ПАКЕТАЖ
2026-06-03,1136 Димитровград Д. Благоев,BT7814KT,78970154027720611,30ML PERFUME AREON BLACK CRYSTAL,1.0,PC,3.52,0.0,0.0,,3.52,3.52,3.52,17:39:00,0.0,3232817748 3232817748,МЕРКУРИЙ ПРОИЗВОДСТВО И ПАКЕТАЖ
2026-06-03,"1901 София, Младост 4-ти км",BT7800KT,78970154027720603,DIESEL EKONOMY,33.86,L15,1.59,0.0,0.03,1.02,53.84,1.71,57.9,12:22:00,480017.0,3232803040 3232803040,МЕРКУРИЙ ПРОИЗВОДСТВО И ПАКЕТАЖ
2026-06-03,"1901 София, Младост 4-ти км",BT7800KT,78970154027720603,5Л. ДOБABKA ADBLUE ДИЗEЛOBИ ДBИГATEЛИ,1.0,PC,15.49,0.0,0.0,,15.49,15.49,15.49,12:22:00,,3232877715 3232877715,МЕРКУРИЙ ПРОИЗВОДСТВО И ПАКЕТАЖ
2026-06-04,1102 Стара Загора вход,EB5362BB,78970154027720454,DIESEL EKONOMY,34.9,L15,1.57,0.0,0.03,1.05,54.79,1.66,57.93,10:12:00,0.0,3232858353 3232858353,МЕРКУРИЙ ПРОИЗВОДСТВО И ПАКЕТАЖ
2026-06-04,1103 Велико Търново изход,EB0156BB,78970154027720629,DIESEL EKONOMY,50.93,L15,1.57,0.0,0.03,1.53,79.96,1.66,84.54,08:12:00,0.0,3232854763 3232854763,МЕРКУРИЙ ПРОИЗВОДСТВО И ПАКЕТАЖ
2026-06-04,1172 Русе Шелф,EB2145AT,78970154027720439,DIESEL EKONOMY,54.83,L15,1.57,0.0,0.03,1.64,86.08,1.66,91.02,11:55:00,0.0,3232861507 3232861507,МЕРКУРИЙ ПРОИЗВОДСТВО И ПАКЕТАЖ
2026-06-05,1127 Благоевград,BT6270KP,78970154027720363,DIESEL EKONOMY,42.0,L15,1.57,0.0,0.03,1.26,65.94,1.65,69.3,08:11:00,0.0,3232905287 3232905287,МЕРКУРИЙ ПРОИЗВОДСТВО И ПАКЕТАЖ
2026-06-05,1907 О5 Пловдив,BT7795KT,78970154027720579,DIESEL EKONOMY,46.61,L15,1.57,0.0,0.03,1.4,73.18,1.65,76.91,14:34:00,162075.0,3232917329 3232917329,МЕРКУРИЙ ПРОИЗВОДСТВО И ПАКЕТАЖ
2026-06-05,1918 O5 Търговище,EB2145AT,78970154027720439,DIESEL EKONOMY,50.78,L15,1.57,0.0,0.03,1.52,79.72,1.66,84.29,09:49:00,0.0,3232879097 3232879097,МЕРКУРИЙ ПРОИЗВОДСТВО И ПАКЕТАЖ
2026-06-05,1918 O5 Търговище,EB2145AT,78970154027720439,OSRAM NB H7 55W 12V PX26D BLI1,1.0,PC,20.24,0.0,0.0,,20.24,20.24,20.24,09:49:00,0.0,3232879097 3232879097,МЕРКУРИЙ ПРОИЗВОДСТВО И ПАКЕТАЖ
2026-06-08,1103 Велико Търново изход,EB2407BB,78970154027720645,DIESEL EKONOMY,48.0,L15,1.56,0.0,0.03,1.44,74.88,1.64,78.72,09:20:00,466543.0,3233049736 3233049736,МЕРКУРИЙ ПРОИЗВОДСТВО И ПАКЕТАЖ
2026-06-08,"1151 Пловдив, бул. България",BT7796KT,78970154027720587,DIESEL EKONOMY,45.37,L15,1.56,0.0,0.03,1.36,70.78,1.64,74.41,08:46:00,143247.0,3233057224 3233057224,МЕРКУРИЙ ПРОИЗВОДСТВО И ПАКЕТАЖ
2026-06-08,"1151 Пловдив, бул. България",BT7796KT,78970154027720587,2L SUMMER SCREEN WASH LIQUID,1.0,PC,4.49,0.0,0.0,,4.49,4.49,4.49,08:46:00,143247.0,3233057224 3233057224,МЕРКУРИЙ ПРОИЗВОДСТВО И ПАКЕТАЖ
2026-06-08,"1151 Пловдив, бул. България",EB4092AX,78970154027720553,95 EKONOMY UNLEADED,43.15,L15,1.49,0.0,0.03,1.29,64.29,1.56,67.31,09:27:00,0.0,3233057346 3233057346,МЕРКУРИЙ ПРОИЗВОДСТВО И ПАКЕТАЖ
2026-06-09,1124 Плевен Христо Ботев,BT6273KP,78970154027720397,DIESEL EKONOMY,41.47,L15,1.54,0.0,0.03,1.24,63.86,1.64,68.01,06:10:00,224800.0,3233088477 3233088477,МЕРКУРИЙ ПРОИЗВОДСТВО И ПАКЕТАЖ
2026-06-09,1152 Бургас езеро,EB6648AT,78970154027720538,DIESEL EKONOMY,22.13,L15,1.54,0.0,0.03,0.66,34.08,1.65,36.51,11:46:00,509458.0,3233090872 3233090872,МЕРКУРИЙ ПРОИЗВОДСТВО И ПАКЕТАЖ
2026-06-09,1158 Варна Чайка,BT6272KP,78970154027720389,DIESEL EKONOMY,38.0,L15,1.54,0.0,0.03,1.14,58.52,1.64,62.32,13:47:00,0.0,3233098242 3233098242,МЕРКУРИЙ ПРОИЗВОДСТВО И ПАКЕТАЖ
2026-06-09,1166 Своге,EB7210BA,78970154027720686,DIESEL EKONOMY,47.0,L15,1.54,0.0,0.03,1.41,72.38,1.64,77.08,08:22:00,572793.0,3233097813 3233097813,МЕРКУРИЙ ПРОИЗВОДСТВО И ПАКЕТАЖ
2026-06-09,1172 Русе Шелф,BT6271KP,78970154027720371,DIESEL EKONOMY,37.5,L15,1.54,0.0,0.03,1.12,57.75,1.64,61.5,09:14:00,172555.0,3233098349 3233098349,МЕРКУРИЙ ПРОИЗВОДСТВО И ПАКЕТАЖ
2026-06-09,1186 Севлиево,EB5362BB,78970154027720454,DIESEL EKONOMY,39.6,L15,1.54,0.0,0.03,1.19,60.98,1.64,64.94,10:43:00,0.0,3233100369 3233100369,МЕРКУРИЙ ПРОИЗВОДСТВО И ПАКЕТАЖ
2026-06-09,1186 Севлиево,EB2916AT,78970154027720652,DIESEL EKONOMY,54.39,L15,1.54,0.0,0.03,1.63,83.76,1.64,89.2,12:50:00,417343.0,3233102774 3233102774,МЕРКУРИЙ ПРОИЗВОДСТВО И ПАКЕТАЖ
2026-06-09,1193 Казанлък,EB2145AT,78970154027720439,DIESEL EKONOMY,37.29,L15,1.54,0.0,0.03,1.12,57.43,1.64,61.16,10:58:00,0.0,3233097932 3233097932,МЕРКУРИЙ ПРОИЗВОДСТВО И ПАКЕТАЖ
2026-06-09,1194 Дунавци,EB5026BP,78970154027720421,DIESEL EKONOMY,120.08,L15,1.54,0.0,0.03,3.6,184.92,1.64,196.93,17:30:00,0.0,3233109548 3233109548,МЕРКУРИЙ ПРОИЗВОДСТВО И ПАКЕТАЖ
2026-06-10,1136 Димитровград Д. Благоев,BT7814KT,78970154027720611,DIESEL EKONOMY,45.56,L15,1.54,0.0,0.03,1.37,70.16,1.63,74.26,14:51:00,0.0,3233146891 3233146891,МЕРКУРИЙ ПРОИЗВОДСТВО И ПАКЕТАЖ
2026-06-10,1918 O5 Търговище,EB1481BA,78970154027720496,DIESEL EKONOMY,37.7,L15,1.54,0.0,0.03,1.13,58.06,1.63,61.45,09:13:00,337303.0,3233117862 3233117862,МЕРКУРИЙ ПРОИЗВОДСТВО И ПАКЕТАЖ
2026-06-10,1918 O5 Търговище,EB2145AT,78970154027720439,DIESEL EKONOMY,27.84,L15,1.54,0.0,0.03,0.84,42.87,1.63,45.38,12:52:00,0.0,3233148991 3233148991,МЕРКУРИЙ ПРОИЗВОДСТВО И ПАКЕТАЖ
2026-06-11,1102 Стара Загора вход,EB5362BB,78970154027720454,DIESEL EKONOMY,53.4,L15,1.54,0.0,0.03,1.6,82.24,1.62,86.51,10:13:00,0.0,3233201627 3233201627,МЕРКУРИЙ ПРОИЗВОДСТВО И ПАКЕТАЖ
2026-06-11,1127 Благоевград,BT6270KP,78970154027720363,DIESEL EKONOMY,38.0,L15,1.54,0.0,0.03,1.14,58.52,1.61,61.18,08:13:00,0.0,3233194167 3233194167,МЕРКУРИЙ ПРОИЗВОДСТВО И ПАКЕТАЖ
2026-06-11,"1151 Пловдив, бул. България",BT6269KP,78970154027720355,DIESEL EKONOMY,42.43,L15,1.54,0.0,0.03,1.27,65.34,1.62,68.74,07:55:00,233479.0,3233197608 3233197608,МЕРКУРИЙ ПРОИЗВОДСТВО И ПАКЕТАЖ
2026-06-11,1172 Русе Шелф,EB2145AT,78970154027720439,DIESEL EKONOMY,42.31,L15,1.54,0.0,0.03,1.27,65.16,1.62,68.54,13:58:00,0.0,3233199888 3233199888,МЕРКУРИЙ ПРОИЗВОДСТВО И ПАКЕТАЖ
2026-06-12,1103 Велико Търново изход,EB2407BB,78970154027720645,DIESEL EKONOMY,48.0,L15,1.54,0.0,0.03,1.44,73.92,1.61,77.28,10:31:00,467400.0,3233247476 3233247476,МЕРКУРИЙ ПРОИЗВОДСТВО И ПАКЕТАЖ
2026-06-12,1144 Пловдив Стамболийски,BT7796KT,78970154027720587,DIESEL EKONOMY,38.06,L15,1.54,0.0,0.03,1.14,58.61,1.61,61.28,14:24:00,4044.0,3233259721 3233259721,МЕРКУРИЙ ПРОИЗВОДСТВО И ПАКЕТАЖ
2026-06-12,1193 Казанлък,BT7798KT,78970154027720595,DIESEL EKONOMY,20.01,L15,1.54,0.0,0.03,0.6,30.82,1.61,32.22,10:57:00,0.0,3233251505 3233251505,МЕРКУРИЙ ПРОИЗВОДСТВО И ПАКЕТАЖ
2026-06-12,1193 Казанлък,BT7798KT,78970154027720595,5Л. ДOБABKA ADBLUE ДИЗEЛOBИ ДBИГATEЛИ,1.0,PC,14.99,0.0,0.0,,14.99,14.99,14.99,10:57:00,0.0,3233251505 3233251505,МЕРКУРИЙ ПРОИЗВОДСТВО И ПАКЕТАЖ
2026-06-12,1918 O5 Търговище,EB2145AT,78970154027720439,DIESEL EKONOMY,53.03,L15,1.54,0.0,0.03,1.59,81.67,1.61,85.38,09:56:00,0.0,3233249848 3233249848,МЕРКУРИЙ ПРОИЗВОДСТВО И ПАКЕТАЖ
2026-06-12,"1924 Stara Zagora, Khan Asparuh",EB5143BB,78970154027720678,DIESEL EKONOMY,44.07,L15,1.54,0.0,0.03,1.32,67.87,1.61,70.95,07:54:00,418626.0,3233245263 3233245263,МЕРКУРИЙ ПРОИЗВОДСТВО И ПАКЕТАЖ
2026-06-13,"1902 София, О5 Малинова Долина",MPP1,78970154027720702,DIESEL EKONOMY,90.51,L15,1.54,0.0,0.03,2.72,139.39,1.62,146.63,17:15:00,0.0,3233301833 3233301833,МЕРКУРИЙ ПРОИЗВОДСТВО И ПАКЕТАЖ
2026-06-15,1193 Казанлък,EB2916AT,78970154027720652,DIESEL EKONOMY,32.06,L15,1.54,0.0,0.03,0.96,49.37,1.6,51.3,14:07:00,417870.0,3233395603 3233395603,МЕРКУРИЙ ПРОИЗВОДСТВО И ПАКЕТАЖ
2026-06-15,1194 Дунавци,EB5026BP,78970154027720421,DIESEL EKONOMY,118.46,L15,1.54,0.0,0.03,3.55,182.43,1.6,189.54,13:42:00,0.0,3233398778 3233398778,МЕРКУРИЙ ПРОИЗВОДСТВО И ПАКЕТАЖ
2026-06-16,1124 Плевен Христо Ботев,BT6273KP,78970154027720397,DIESEL EKONOMY,32.43,L15,1.54,0.0,0.03,0.97,49.94,1.59,51.56,04:39:00,225600.0,3233426076 3233426076,МЕРКУРИЙ ПРОИЗВОДСТВО И ПАКЕТАЖ
2026-06-16,1133 Кресна Е 79,BT6270KP,78970154027720363,DIESEL EKONOMY,43.81,L15,1.54,0.0,0.03,1.31,67.47,1.61,70.53,16:02:00,0.0,3233436480 3233436480,МЕРКУРИЙ ПРОИЗВОДСТВО И ПАКЕТАЖ
2026-06-16,1136 Димитровград Д. Благоев,BT7814KT,78970154027720611,DIESEL EKONOMY,29.8,L15,1.54,0.0,0.03,0.89,45.89,1.59,47.38,14:43:00,0.0,3233439393 3233439393,МЕРКУРИЙ ПРОИЗВОДСТВО И ПАКЕТАЖ
2026-06-16,1136 Димитровград Д. Благоев,BT7814KT,78970154027720611,30ML PERFUME AREON BLACK CRYSTAL,1.0,PC,3.52,0.0,0.0,,3.52,3.52,3.52,14:43:00,0.0,3233439393 3233439393,МЕРКУРИЙ ПРОИЗВОДСТВО И ПАКЕТАЖ
2026-06-16,1158 Варна Чайка,BT6272KP,78970154027720389,DIESEL EKONOMY,38.0,L15,1.54,0.0,0.03,1.14,58.52,1.59,60.42,13:40:00,0.0,3233436980 3233436980,МЕРКУРИЙ ПРОИЗВОДСТВО И ПАКЕТАЖ
2026-06-16,1163 София Ботевградско шосе,MPP1,78970154027720702,DIESEL EKONOMY,54.08,L15,1.54,0.0,0.03,1.62,83.28,1.59,85.99,17:06:00,0.0,3233437116 3233437116,МЕРКУРИЙ ПРОИЗВОДСТВО И ПАКЕТАЖ
2026-06-16,1186 Севлиево,EB5362BB,78970154027720454,DIESEL EKONOMY,39.0,L15,1.54,0.0,0.03,1.17,60.06,1.59,62.01,10:24:00,0.0,3233437576 3233437576,МЕРКУРИЙ ПРОИЗВОДСТВО И ПАКЕТАЖ
2026-06-16,1199 Varna Car Osvoboditel,EB1778BA,78970154027720504,DIESEL EKONOMY,39.0,L15,1.54,0.0,0.03,1.17,60.06,1.59,62.01,16:18:00,415536.0,3233449233 3233449233,МЕРКУРИЙ ПРОИЗВОДСТВО И ПАКЕТАЖ
2026-06-16,1927 Пирдоп,EB5026BP,78970154027720421,DIESEL EKONOMY,64.61,L15,1.54,0.0,0.03,1.94,99.5,1.59,102.73,14:06:00,0.0,3233432282 3233432282,МЕРКУРИЙ ПРОИЗВОДСТВО И ПАКЕТАЖ
2026-06-16,1927 Пирдоп,EB5026BP,78970154027720421,ADBLUE 1L,15.52,L15,1.17,0.0,0.0,,18.16,1.17,18.16,14:07:00,0.0,3233440838 3233440838,МЕРКУРИЙ ПРОИЗВОДСТВО И ПАКЕТАЖ
2026-06-17,1136 Димитровград Д. Благоев,BT6269KP,78970154027720355,DIESEL EKONOMY,46.39,L15,1.53,0.0,0.03,1.39,70.98,1.59,73.76,09:25:00,234454.0,3233482388 3233482388,МЕРКУРИЙ ПРОИЗВОДСТВО И ПАКЕТАЖ
2026-06-17,1166 Своге,EB7210BA,78970154027720686,DIESEL EKONOMY,50.0,L15,1.53,0.0,0.03,1.5,76.5,1.59,79.5,14:08:00,573610.0,3233489015 3233489015,МЕРКУРИЙ ПРОИЗВОДСТВО И ПАКЕТАЖ
2026-06-17,1918 O5 Търговище,EB2145AT,78970154027720439,DIESEL EKONOMY,46.32,L15,1.53,0.0,0.03,1.39,70.87,1.59,73.65,13:08:00,0.0,3233484476 3233484476,МЕРКУРИЙ ПРОИЗВОДСТВО И ПАКЕТАЖ
2026-06-18,1102 Стара Загора вход,EB5362BB,78970154027720454,DIESEL EKONOMY,34.5,L15,1.53,0.0,0.03,1.03,52.78,1.58,54.51,09:25:00,0.0,3233534894 3233534894,МЕРКУРИЙ ПРОИЗВОДСТВО И ПАКЕТАЖ
2026-06-18,"1151 Пловдив, бул. България",EB4092AX,78970154027720553,95 EKONOMY UNLEADED,39.35,L15,1.45,0.0,0.03,1.18,57.06,1.55,60.99,08:07:00,0.0,3233533627 3233533627,МЕРКУРИЙ ПРОИЗВОДСТВО И ПАКЕТАЖ
2026-06-18,1156 Добрич бул. Добруджа,EB3426BB,78970154027720660,DIESEL EKONOMY,58.0,L15,1.53,0.0,0.03,1.74,88.74,1.58,91.64,09:31:00,388533.0,3233523942 3233523942,МЕРКУРИЙ ПРОИЗВОДСТВО И ПАКЕТАЖ
2026-06-18,"1179 Русе, Липник",EB2145AT,78970154027720439,DIESEL EKONOMY,53.01,L15,1.53,0.0,0.03,1.59,81.11,1.58,83.76,10:38:00,0.0,3233531518 3233531518,МЕРКУРИЙ ПРОИЗВОДСТВО И ПАКЕТАЖ
2026-06-18,1182 София Каменоделска,MPP2,78970154027720710,95 EKONOMY UNLEADED,28.74,L15,1.45,0.0,0.03,0.86,41.67,1.55,44.55,08:49:00,0.0,3233531453 3233531453,МЕРКУРИЙ ПРОИЗВОДСТВО И ПАКЕТАЖ
2026-06-18,"1901 София, Младост 4-ти км",BT7800KT,78970154027720603,DIESEL EKONOMY,40.69,L15,1.53,0.0,0.03,1.22,62.26,1.6,65.1,08:55:00,48660.0,3233525206 3233525206,МЕРКУРИЙ ПРОИЗВОДСТВО И ПАКЕТАЖ
2026-06-19,1103 Велико Търново изход,EB2407BB,78970154027720645,DIESEL EKONOMY,54.0,L15,1.53,0.0,0.03,1.62,82.62,1.56,84.24,12:23:00,468368.0,3233574074 3233574074,МЕРКУРИЙ ПРОИЗВОДСТВО И ПАКЕТАЖ
2026-06-19,1172 Русе Шелф,BT6271KP,78970154027720371,DIESEL EKONOMY,40.6,L15,1.53,0.0,0.03,1.22,62.12,1.56,63.34,09:59:00,173486.0,3233585030 3233585030,МЕРКУРИЙ ПРОИЗВОДСТВО И ПАКЕТАЖ
2026-06-19,1918 O5 Търговище,EB2145AT,78970154027720439,DIESEL EKONOMY,41.73,L15,1.53,0.0,0.03,1.25,63.85,1.56,65.1,10:46:00,0.0,3233585562 3233585562,МЕРКУРИЙ ПРОИЗВОДСТВО И ПАКЕТАЖ
2026-06-22,1136 Димитровград Д. Благоев,BT7814KT,78970154027720611,DIESEL EKONOMY,37.28,L15,1.46,0.0,0.02,0.75,54.43,1.52,56.67,10:45:00,0.0,3233713395 3233713395,МЕРКУРИЙ ПРОИЗВОДСТВО И ПАКЕТАЖ
2026-06-23,1124 Плевен Христо Ботев,BT6273KP,78970154027720397,DIESEL EKONOMY,45.76,L15,1.46,0.0,0.02,0.92,66.81,1.52,69.56,06:41:00,226650.0,3233758969 3233758969,МЕРКУРИЙ ПРОИЗВОДСТВО И ПАКЕТАЖ
2026-06-23,1127 Благоевград,BT6270KP,78970154027720363,DIESEL EKONOMY,46.35,L15,1.46,0.0,0.02,0.93,67.67,1.51,69.99,08:59:00,0.0,3233764575 3233764575,МЕРКУРИЙ ПРОИЗВОДСТВО И ПАКЕТАЖ
2026-06-23,1144 Пловдив Стамболийски,BT7796KT,78970154027720587,DIESEL EKONOMY,39.91,L15,1.46,0.0,0.02,0.8,58.27,1.52,60.66,09:36:00,1448600.0,3233786661 3233786661,МЕРКУРИЙ ПРОИЗВОДСТВО И ПАКЕТАЖ
2026-06-23,1158 Варна Чайка,BT6272KP,78970154027720389,DIESEL EKONOMY,34.0,L15,1.46,0.0,0.02,0.68,49.64,1.52,51.68,13:59:00,0.0,3233760090 3233760090,МЕРКУРИЙ ПРОИЗВОДСТВО И ПАКЕТАЖ
2026-06-23,1907 О5 Пловдив,BT6269KP,78970154027720355,DIESEL EKONOMY,45.65,L15,1.46,0.0,0.02,0.91,66.65,1.51,68.93,08:17:00,235361.0,3233769164 3233769164,МЕРКУРИЙ ПРОИЗВОДСТВО И ПАКЕТАЖ
2026-06-24,1102 Стара Загора вход,EB5143BB,78970154027720678,DIESEL EKONOMY,54.22,L15,1.45,0.0,0.02,1.08,78.62,1.51,81.87,12:37:00,419467.0,3233801494 3233801494,МЕРКУРИЙ ПРОИЗВОДСТВО И ПАКЕТАЖ
2026-06-24,1918 O5 Търговище,EB1481BA,78970154027720496,DIESEL EKONOMY,39.04,L15,1.45,0.0,0.02,0.78,56.61,1.51,58.95,08:22:00,337934.0,3233811609 3233811609,МЕРКУРИЙ ПРОИЗВОДСТВО И ПАКЕТАЖ
2026-06-25,1103 Велико Търново изход,EB2407BB,78970154027720645,DIESEL EKONOMY,47.0,L15,1.45,0.0,0.02,0.94,68.15,1.51,70.97,10:09:00,469232.0,3233855272 3233855272,МЕРКУРИЙ ПРОИЗВОДСТВО И ПАКЕТАЖ
2026-06-25,1134 Монтана,BT6267KP,78970154027720348,DIESEL EKONOMY,32.69,L15,1.45,0.0,0.02,0.65,47.4,1.51,49.36,09:17:00,175261.0,3233834096 3233834096,МЕРКУРИЙ ПРОИЗВОДСТВО И ПАКЕТАЖ
2026-06-26,1127 Благоевград,BT6270KP,78970154027720363,DIESEL EKONOMY,24.0,L15,1.43,0.0,0.02,0.48,34.32,1.5,36.0,16:23:00,0.0,3233935836 3233935836,МЕРКУРИЙ ПРОИЗВОДСТВО И ПАКЕТАЖ
2026-06-26,1166 Своге,EB7210BA,78970154027720686,DIESEL EKONOMY,50.0,L15,1.43,0.0,0.02,1.0,71.5,1.51,75.5,08:10:00,574444.0,3233931415 3233931415,МЕРКУРИЙ ПРОИЗВОДСТВО И ПАКЕТАЖ
2026-06-26,1907 О5 Пловдив,BT7795KT,78970154027720579,DIESEL EKONOMY,43.28,L15,1.43,0.0,0.02,0.87,61.89,1.5,64.92,09:29:00,162923.0,3233956470 3233956470,МЕРКУРИЙ ПРОИЗВОДСТВО И ПАКЕТАЖ
2026-06-29,1103 Велико Търново изход,EB2407BB,78970154027720645,DIESEL EKONOMY,27.0,L15,1.42,0.0,0.02,0.54,38.34,1.51,40.77,15:06:00,469688.0,3234075152 3234075152,МЕРКУРИЙ ПРОИЗВОДСТВО И ПАКЕТАЖ
2026-06-29,"1151 Пловдив, бул. България",BT6269KP,78970154027720355,DIESEL EKONOMY,40.13,L15,1.42,0.0,0.02,0.8,56.98,1.51,60.6,13:12:00,236173.0,3234053082 3234053082,МЕРКУРИЙ ПРОИЗВОДСТВО И ПАКЕТАЖ
2026-06-29,"1151 Пловдив, бул. България",EB4092AX,78970154027720553,95 EKONOMY UNLEADED,43.35,L15,1.38,0.0,0.02,0.87,59.82,1.5,65.03,11:43:00,0.0,3234062679 3234062679,МЕРКУРИЙ ПРОИЗВОДСТВО И ПАКЕТАЖ
2026-06-29,"1151 Пловдив, бул. България",BT7796KT,78970154027720587,DIESEL EKONOMY,51.26,L15,1.42,0.0,0.02,1.03,72.79,1.51,77.4,16:11:00,145662.0,3234063991 3234063991,МЕРКУРИЙ ПРОИЗВОДСТВО И ПАКЕТАЖ
2026-06-30,1136 Димитровград Д. Благоев,BT7814KT,78970154027720611,DIESEL EKONOMY,28.66,L15,1.42,0.0,0.02,0.57,40.7,1.52,43.56,14:52:00,0.0,3234110188 3234110188,МЕРКУРИЙ ПРОИЗВОДСТВО И ПАКЕТАЖ
2026-06-30,"1151 Пловдив, бул. България",MPP1,78970154027720702,DIESEL EKONOMY,80.61,L15,1.42,0.0,0.02,1.61,114.47,1.51,121.72,12:44:00,0.0,3234107681 3234107681,МЕРКУРИЙ ПРОИЗВОДСТВО И ПАКЕТАЖ
2026-06-30,"1151 Пловдив, бул. България",BT6269KP,78970154027720355,DIESEL EKONOMY,12.16,L15,1.42,0.0,0.02,0.24,17.27,1.51,18.36,16:40:00,236385.0,3234118236 3234118236,МЕРКУРИЙ ПРОИЗВОДСТВО И ПАКЕТАЖ
2026-06-30,1156 Добрич бул. Добруджа,EB3426BB,78970154027720660,DIESEL EKONOMY,57.0,L15,1.42,0.0,0.02,1.14,80.94,1.51,86.07,17:40:00,389354.0,3234107162 3234107162,МЕРКУРИЙ ПРОИЗВОДСТВО И ПАКЕТАЖ
2026-06-30,1166 Своге,EB7210BA,78970154027720686,DIESEL EKONOMY,12.98,L15,1.42,0.0,0.02,0.26,18.43,1.51,19.6,13:56:00,574635.0,3234114904 3234114904,МЕРКУРИЙ ПРОИЗВОДСТВО И ПАКЕТАЖ
2026-06-30,"1179 Русе, Липник",BT6271KP,78970154027720371,DIESEL EKONOMY,23.97,L15,1.42,0.0,0.02,0.48,34.04,1.51,36.19,16:01:00,173945.0,3234117069 3234117069,МЕРКУРИЙ ПРОИЗВОДСТВО И ПАКЕТАЖ
2026-06-30,1186 Севлиево,EB5362BB,78970154027720454,DIESEL EKONOMY,45.31,L15,1.42,0.0,0.02,0.91,64.34,1.51,68.42,10:43:00,0.0,3234105689 3234105689,МЕРКУРИЙ ПРОИЗВОДСТВО И ПАКЕТАЖ
2026-06-30,1199 Varna Car Osvoboditel,EB1778BA,78970154027720504,DIESEL EKONOMY,38.0,L15,1.42,0.0,0.02,0.76,53.96,1.51,57.38,09:12:00,416015.0,3234111727 3234111727,МЕРКУРИЙ ПРОИЗВОДСТВО И ПАКЕТАЖ
2026-06-30,"1902 София, О5 Малинова Долина",MPP2,78970154027720710,DIESEL DOUBLE FILTERED,51.95,L15,1.79,0.0,0.0,,92.99,1.79,92.99,16:07:00,0.0,3234101408 3234101408,МЕРКУРИЙ ПРОИЗВОДСТВО И ПАКЕТАЖ
2026-06-25,1911 O5 Варна,MM,78970154027720322,EKO RACING 100,55.93,L15,1.77,0.0,0.0,,99.0,1.77,99.0,11:57:00,0.0,3233849299 3233849299,МП ЛЕНД ООД
2026-06-01,"1901 София, Младост 4-ти км",СА7846ХР,78970154027720041,DIESEL EKONOMY,35.13,L15,1.62,0.0,0.05,1.76,56.91,1.71,60.07,15:21:00,0.0,3232716098 3232716098,МУЛТИАРТ ЕООД
2026-06-05,1131 София Бояна,СА3341ХТ,78970154027720033,DIESEL EKONOMY,20.46,L15,1.59,0.0,0.05,1.02,32.53,1.68,34.37,21:14:00,0.0,3232909023 3232909023,МУЛТИАРТ ЕООД
2026-06-08,1131 София Бояна,СВ8488ХА,78970154027720082,DIESEL EKONOMY,60.25,L15,1.58,0.0,0.05,3.01,95.2,1.66,100.02,15:36:00,0.0,3233043098 3233043098,МУЛТИАРТ ЕООД
2026-06-10,1131 София Бояна,СА3341ХТ,78970154027720033,DIESEL EKONOMY,31.37,L15,1.56,0.0,0.05,1.57,48.94,1.65,51.76,08:26:00,0.0,3233135585 3233135585,МУЛТИАРТ ЕООД
2026-06-12,"1903 София, О5 Царско село",СА6443СК,78970154027720066,DIESEL EKONOMY,59.07,L15,1.56,0.0,0.05,2.95,92.15,1.63,96.28,17:13:00,0.0,3233243995 3233243995,МУЛТИАРТ ЕООД
2026-06-13,1131 София Бояна,СА3341ХТ,78970154027720033,DIESEL EKONOMY,18.1,L15,1.56,0.0,0.05,0.91,28.24,1.62,29.32,10:10:00,0.0,3233273398 3233273398,МУЛТИАРТ ЕООД
2026-06-16,1131 София Бояна,СВ4351КТ,78970154027720058,DIESEL EKONOMY,32.41,L15,1.56,0.0,0.05,1.62,50.56,1.61,52.18,19:53:00,0.0,3233436197 3233436197,МУЛТИАРТ ЕООД
2026-06-22,1180 София Сребърна,СА7846ХР,78970154027720041,DIESEL EKONOMY,44.2,L15,1.48,0.0,0.04,1.77,65.42,1.52,67.18,21:11:00,0.0,3233732382 3233732382,МУЛТИАРТ ЕООД
2026-06-23,"1902 София, О5 Малинова Долина",СВ8488ХА,78970154027720082,DIESEL EKONOMY,38.96,L15,1.48,0.0,0.04,1.56,57.66,1.54,60.0,16:33:00,0.0,3233762836 3233762836,МУЛТИАРТ ЕООД
2026-06-24,1160 София бул. България,СВ6128КЕ,78970154027720751,95 EKONOMY UNLEADED,52.98,L15,1.42,0.0,0.04,2.12,75.23,1.51,80.0,09:08:00,0.0,3233797755 3233797755,МУЛТИАРТ ЕООД
2026-06-25,"1902 София, О5 Малинова Долина",СА6443СК,78970154027720066,DIESEL EKONOMY,56.99,L15,1.47,0.0,0.04,2.28,83.78,1.53,87.19,05:42:00,0.0,3233833053 3233833053,МУЛТИАРТ ЕООД
2026-06-27,1131 София Бояна,СА3341ХТ,78970154027720033,DIESEL EKONOMY,36.82,L15,1.45,0.0,0.04,1.47,53.39,1.53,56.33,06:06:00,0.0,3233935380 3233935380,МУЛТИАРТ ЕООД
2026-06-27,1195 243 Тракия Езеро,СА3341ХТ,78970154027720033,DIESEL EKONOMY,15.58,L15,1.45,0.0,0.04,0.62,22.59,1.54,23.99,09:06:00,0.0,3233899267 3233899267,МУЛТИАРТ ЕООД
2026-06-01,1147 Варна Ситроен,В4239ВТ,78970155027722325,DIESEL EKONOMY,60.0,L15,1.66,0.03,0.0,5.46,99.6,1.69,101.4,14:21:00,0.0,3232686248 3232686248,ОБЩИНА АКСАКОВО % 1
2026-06-01,1147 Варна Ситроен,В7341ВС,78970155027722390,DIESEL EKONOMY,142.0,L15,1.66,0.03,0.0,12.92,235.72,1.69,239.98,10:21:00,0.0,3232691761 3232691761,ОБЩИНА АКСАКОВО % 1
2026-06-01,1147 Варна Ситроен,В2278РВ,78970155027722226,95 EKONOMY UNLEADED,21.46,L15,1.54,0.03,0.0,1.2,33.05,1.57,33.69,12:34:00,0.0,3232710782 3232710782,ОБЩИНА АКСАКОВО % 1
2026-06-01,1147 Варна Ситроен,В5328РМ,78970155027722259,95 EKONOMY UNLEADED,22.35,L15,1.54,0.03,0.0,1.25,34.42,1.57,35.09,10:14:00,0.0,3232710881 3232710881,ОБЩИНА АКСАКОВО % 1
2026-06-02,1147 Варна Ситроен,В6196РС,78970155027722424,DIESEL EKONOMY,47.01,L15,1.66,0.03,0.0,4.75,78.04,1.69,79.45,10:28:00,0.0,3232757525 3232757525,ОБЩИНА АКСАКОВО % 1
2026-06-02,1147 Варна Ситроен,В6613КС,78970155027722168,E GAS LPG,25.07,L15,0.74,0.01,0.0,-6.52,18.55,0.75,18.8,11:31:00,0.0,3232758035 3232758035,ОБЩИНА АКСАКОВО % 1
2026-06-02,1147 Варна Ситроен,В5163ХВ,78970155027722374,95 EKONOMY UNLEADED,44.42,L15,1.54,0.03,0.0,2.49,68.41,1.57,69.74,13:38:00,0.0,3232760556 3232760556,ОБЩИНА АКСАКОВО % 1
2026-06-03,1147 Варна Ситроен,В5089РВ,78970155027722382,95 EKONOMY UNLEADED,30.0,L15,1.54,0.03,0.0,1.68,46.2,1.57,47.1,15:50:00,0.0,3232813815 3232813815,ОБЩИНА АКСАКОВО % 1
2026-06-04,1147 Варна Ситроен,В2429ТТ,78970155027722408,DIESEL EKONOMY,44.26,L15,1.63,0.03,0.0,4.03,72.14,1.66,73.47,14:36:00,0.0,3232854070 3232854070,ОБЩИНА АКСАКОВО % 1
2026-06-04,1147 Варна Ситроен,В1283НТ,78970155027722333,95 EKONOMY UNLEADED,31.04,L15,1.54,0.03,0.0,2.05,47.8,1.57,48.73,14:40:00,0.0,3232855289 3232855289,ОБЩИНА АКСАКОВО % 1
2026-06-05,1147 Варна Ситроен,В6196РС,78970155027722424,DIESEL EKONOMY,53.64,L15,1.63,0.03,0.0,4.88,87.43,1.66,89.04,10:00:00,0.0,3232897290 3232897290,ОБЩИНА АКСАКОВО % 1
2026-06-05,1147 Варна Ситроен,В1293НН,78970155027722432,DIESEL EKONOMY,107.87,L15,1.63,0.03,0.0,9.82,175.83,1.66,179.06,11:27:00,0.0,3232897633 3232897633,ОБЩИНА АКСАКОВО % 1
2026-06-05,1147 Варна Ситроен,В2278РВ,78970155027722226,95 EKONOMY UNLEADED,22.0,L15,1.54,0.03,0.0,1.45,33.88,1.57,34.54,11:35:00,0.0,3232898447 3232898447,ОБЩИНА АКСАКОВО % 1
2026-06-05,1147 Варна Ситроен,В5328РМ,78970155027722259,95 EKONOMY UNLEADED,25.0,L15,1.54,0.03,0.0,1.65,38.5,1.57,39.25,11:45:00,0.0,3232898660 3232898660,ОБЩИНА АКСАКОВО % 1
2026-06-05,1147 Варна Ситроен,В6431НР,78970155027722358,DIESEL DOUBLE FILTERED,67.18,L15,1.88,0.03,0.0,10.35,126.3,1.91,128.31,12:10:00,0.0,3232899237 3232899237,ОБЩИНА АКСАКОВО % 1
2026-06-05,1147 Варна Ситроен,В7341ВС,78970155027722390,DIESEL EKONOMY,163.99,L15,1.63,0.03,0.0,14.92,267.3,1.66,272.22,12:07:00,0.0,3232899819 3232899819,ОБЩИНА АКСАКОВО % 1
2026-06-07,1147 Варна Ситроен,В8636СТ,78970155027722184,DIESEL EKONOMY,31.4,L15,1.61,0.03,0.0,2.54,50.55,1.64,51.5,14:53:00,429467.0,3233000955 3233000955,ОБЩИНА АКСАКОВО % 1
2026-06-08,1147 Варна Ситроен,B6947НТ,78970155027722416,DIESEL EKONOMY,68.1,L15,1.61,0.03,0.0,5.52,109.64,1.64,111.68,08:43:00,0.0,3233034665 3233034665,ОБЩИНА АКСАКОВО % 1
2026-06-08,1147 Варна Ситроен,В6613КС,78970155027722168,E GAS LPG,28.44,L15,0.71,0.01,0.0,-8.25,20.19,0.72,20.48,17:27:00,0.0,3233050060 3233050060,ОБЩИНА АКСАКОВО % 1
2026-06-09,1147 Варна Ситроен,В2278РВ,78970155027722226,95 EKONOMY UNLEADED,21.6,L15,1.53,0.03,0.0,1.86,33.05,1.56,33.7,11:24:00,0.0,3233091924 3233091924,ОБЩИНА АКСАКОВО % 1
2026-06-09,1147 Варна Ситроен,В5089РВ,78970155027722382,95 EKONOMY UNLEADED,35.22,L15,1.53,0.03,0.0,3.03,53.89,1.56,54.94,13:11:00,0.0,3233093740 3233093740,ОБЩИНА АКСАКОВО % 1
2026-06-09,1158 Варна Чайка,В4692РС,78970155027722234,95 EKONOMY UNLEADED,30.02,L15,1.53,0.03,0.0,2.58,45.93,1.56,46.83,08:53:00,0.0,3233091990 3233091990,ОБЩИНА АКСАКОВО % 1
2026-06-10,1147 Варна Ситроен,В5163ХВ,78970155027722374,95 EKONOMY UNLEADED,47.82,L15,1.53,0.03,0.0,4.11,73.16,1.56,74.6,14:42:00,0.0,3233147844 3233147844,ОБЩИНА АКСАКОВО % 1
2026-06-11,1147 Варна Ситроен,В5654ВН,78970155027722309,DIESEL EKONOMY,40.05,L15,1.59,0.03,0.0,3.04,63.68,1.62,64.88,11:04:00,0.0,3233163453 3233163453,ОБЩИНА АКСАКОВО % 1
2026-06-11,1147 Варна Ситроен,В4239ВТ,78970155027722325,DIESEL EKONOMY,59.67,L15,1.59,0.03,0.0,4.53,94.88,1.62,96.67,10:54:00,0.0,3233170821 3233170821,ОБЩИНА АКСАКОВО % 1
2026-06-11,1147 Варна Ситроен,В6431НР,78970155027722358,DIESEL DOUBLE FILTERED,65.53,L15,1.84,0.03,0.0,8.26,120.58,1.87,122.54,15:44:00,0.0,3233190056 3233190056,ОБЩИНА АКСАКОВО % 1
2026-06-12,1147 Варна Ситроен,В7341ВС,78970155027722390,DIESEL EKONOMY,172.0,L15,1.58,0.03,0.0,11.35,271.76,1.61,276.92,12:56:00,0.0,3233217094 3233217094,ОБЩИНА АКСАКОВО % 1
2026-06-12,1147 Варна Ситроен,В5328РМ,78970155027722259,95 EKONOMY UNLEADED,23.29,L15,1.53,0.03,0.0,2.0,35.63,1.56,36.33,12:13:00,0.0,3233240095 3233240095,ОБЩИНА АКСАКОВО % 1
2026-06-12,1147 Варна Ситроен,В1293НН,78970155027722432,DIESEL EKONOMY,138.96,L15,1.58,0.03,0.0,9.17,219.56,1.61,223.73,13:01:00,0.0,3233243235 3233243235,ОБЩИНА АКСАКОВО % 1
2026-06-12,1147 Варна Ситроен,В6613КС,78970155027722168,E GAS LPG,28.21,L15,0.67,0.01,0.0,-9.31,18.9,0.68,19.18,17:41:00,0.0,3233252069 3233252069,ОБЩИНА АКСАКОВО % 1
2026-06-15,1147 Варна Ситроен,В5089РВ,78970155027722382,95 EKONOMY UNLEADED,37.44,L15,1.53,0.03,0.0,3.22,57.28,1.56,58.41,08:17:00,0.0,3233382813 3233382813,ОБЩИНА АКСАКОВО % 1
2026-06-15,1148 Варна пристанище,В1283НТ,78970155027722333,95 EKONOMY UNLEADED,33.75,L15,1.53,0.03,0.0,2.9,51.64,1.56,52.65,13:58:00,0.0,3233387555 3233387555,ОБЩИНА АКСАКОВО % 1
2026-06-16,1147 Варна Ситроен,В9933СМ,78970155027722176,DIESEL EKONOMY,35.54,L15,1.56,0.03,0.0,1.63,55.44,1.59,56.51,11:21:00,0.0,3233431938 3233431938,ОБЩИНА АКСАКОВО % 1
2026-06-16,1147 Варна Ситроен,В6431НР,78970155027722358,DIESEL DOUBLE FILTERED,67.17,L15,1.82,0.03,0.0,7.12,122.25,1.85,124.26,15:42:00,0.0,3233437288 3233437288,ОБЩИНА АКСАКОВО % 1
2026-06-17,1147 Варна Ситроен,В6476ВС,78970155027722283,95 EKONOMY UNLEADED,42.77,L15,1.52,0.03,0.0,4.11,65.01,1.55,66.29,10:38:00,0.0,3233476268 3233476268,ОБЩИНА АКСАКОВО % 1
2026-06-17,1147 Варна Ситроен,B6947НТ,78970155027722416,DIESEL EKONOMY,70.38,L15,1.56,0.03,0.0,4.29,109.79,1.59,111.9,12:33:00,0.0,3233477745 3233477745,ОБЩИНА АКСАКОВО % 1
2026-06-17,1147 Варна Ситроен,В6613КС,78970155027722168,E GAS LPG,25.31,L15,0.66,0.01,0.0,-8.61,16.7,0.67,16.96,17:10:00,0.0,3233481374 3233481374,ОБЩИНА АКСАКОВО % 1
2026-06-17,1147 Варна Ситроен,В5089РВ,78970155027722382,95 EKONOMY UNLEADED,29.0,L15,1.52,0.03,0.0,2.78,44.08,1.55,44.95,16:36:00,0.0,3233481688 3233481688,ОБЩИНА АКСАКОВО % 1
2026-06-17,1160 София бул. България,В6431НР,78970155027722358,DIESEL DOUBLE FILTERED,51.72,L15,1.84,0.03,0.0,7.29,95.16,1.87,96.72,18:51:00,0.0,3233442278 3233442278,ОБЩИНА АКСАКОВО % 1
2026-06-18,1147 Варна Ситроен,В2429ТТ,78970155027722408,DIESEL EKONOMY,38.05,L15,1.55,0.03,0.0,1.94,58.98,1.58,60.12,09:46:00,0.0,3233505285 3233505285,ОБЩИНА АКСАКОВО % 1
2026-06-18,1147 Варна Ситроен,В4692РС,78970155027722234,95 EKONOMY UNLEADED,32.31,L15,1.52,0.03,0.0,3.1,49.11,1.55,50.08,14:28:00,0.0,3233528464 3233528464,ОБЩИНА АКСАКОВО % 1
2026-06-19,1147 Варна Ситроен,В6196РС,78970155027722424,DIESEL EKONOMY,48.06,L15,1.53,0.03,0.0,1.49,73.53,1.56,74.97,08:49:00,0.0,3233573922 3233573922,ОБЩИНА АКСАКОВО % 1
2026-06-19,1147 Варна Ситроен,В7341ВС,78970155027722390,DIESEL EKONOMY,122.01,L15,1.53,0.03,0.0,3.78,186.68,1.56,190.34,12:30:00,0.0,3233577118 3233577118,ОБЩИНА АКСАКОВО % 1
2026-06-20,1918 O5 Търговище,В6431НР,78970155027722358,DIESEL DOUBLE FILTERED,50.0,L15,1.77,0.03,0.0,4.55,88.5,1.8,90.0,17:32:00,0.0,3233644967 3233644967,ОБЩИНА АКСАКОВО % 1
2026-06-22,1147 Варна Ситроен,В5654ВН,78970155027722309,DIESEL EKONOMY,41.19,L15,1.49,0.03,0.0,2.1,61.37,1.52,62.61,11:42:00,0.0,3233716816 3233716816,ОБЩИНА АКСАКОВО % 1
2026-06-22,1147 Варна Ситроен,В1293НН,78970155027722432,DIESEL EKONOMY,115.63,L15,1.49,0.03,0.0,5.9,172.29,1.52,175.76,13:11:00,0.0,3233717825 3233717825,ОБЩИНА АКСАКОВО % 1
2026-06-23,1147 Варна Ситроен,В5089РВ,78970155027722382,95 EKONOMY UNLEADED,35.0,L15,1.48,0.03,0.0,3.18,51.8,1.51,52.85,14:18:00,0.0,3233756382 3233756382,ОБЩИНА АКСАКОВО % 1
2026-06-23,1147 Варна Ситроен,В5328РМ,78970155027722259,95 EKONOMY UNLEADED,28.29,L15,1.48,0.03,0.0,2.57,41.87,1.51,42.72,12:49:00,0.0,3233761553 3233761553,ОБЩИНА АКСАКОВО % 1
2026-06-23,1147 Варна Ситроен,В5163ХВ,78970155027722374,95 EKONOMY UNLEADED,42.06,L15,1.48,0.03,0.0,3.83,62.25,1.51,63.51,13:24:00,0.0,3233762105 3233762105,ОБЩИНА АКСАКОВО % 1
2026-06-23,1147 Варна Ситроен,В4239ВТ,78970155027722325,DIESEL EKONOMY,56.9,L15,1.49,0.03,0.0,2.9,84.78,1.52,86.49,16:05:00,0.0,3233766938 3233766938,ОБЩИНА АКСАКОВО % 1
2026-06-24,1147 Варна Ситроен,В7341ВС,78970155027722390,DIESEL EKONOMY,138.0,L15,1.48,0.03,0.0,7.04,204.24,1.51,208.38,12:26:00,0.0,3233736453 3233736453,ОБЩИНА АКСАКОВО % 1
2026-06-24,1147 Варна Ситроен,В6613КС,78970155027722168,E GAS LPG,31.91,L15,0.65,0.01,0.0,-11.17,20.74,0.66,21.06,17:17:00,0.0,3233788829 3233788829,ОБЩИНА АКСАКОВО % 1
2026-06-25,1147 Варна Ситроен,В6431НР,78970155027722358,DIESEL DOUBLE FILTERED,59.57,L15,1.74,0.03,0.0,6.02,103.65,1.77,105.44,08:38:00,0.0,3233827289 3233827289,ОБЩИНА АКСАКОВО % 1
2026-06-25,1147 Варна Ситроен,В1283НТ,78970155027722333,95 EKONOMY UNLEADED,28.16,L15,1.48,0.03,0.0,2.84,41.68,1.51,42.52,09:32:00,0.0,3233852310 3233852310,ОБЩИНА АКСАКОВО % 1
2026-06-26,1147 Варна Ситроен,В1293НН,78970155027722432,DIESEL EKONOMY,107.0,L15,1.48,0.03,0.0,7.06,158.36,1.51,161.57,12:56:00,0.0,3233919596 3233919596,ОБЩИНА АКСАКОВО % 1
2026-06-26,1147 Варна Ситроен,В8636СТ,78970155027722184,DIESEL EKONOMY,31.49,L15,1.48,0.03,0.0,2.08,46.61,1.51,47.55,19:01:00,0.0,3233926271 3233926271,ОБЩИНА АКСАКОВО % 1
2026-06-29,1147 Варна Ситроен,B6947НТ,78970155027722416,DIESEL EKONOMY,66.49,L15,1.48,0.03,0.0,5.39,98.41,1.51,100.4,08:11:00,0.0,3234046600 3234046600,ОБЩИНА АКСАКОВО % 1
2026-06-29,1147 Варна Ситроен,В7341ВС,78970155027722390,DIESEL EKONOMY,132.01,L15,1.48,0.03,0.0,10.69,195.37,1.51,199.34,12:20:00,0.0,3234049452 3234049452,ОБЩИНА АКСАКОВО % 1
2026-06-29,1147 Варна Ситроен,В2429ТТ,78970155027722408,DIESEL EKONOMY,33.8,L15,1.48,0.03,0.0,2.74,50.02,1.51,51.04,14:25:00,0.0,3234051393 3234051393,ОБЩИНА АКСАКОВО % 1
2026-06-29,1147 Варна Ситроен,В5163ХВ,78970155027722374,95 EKONOMY UNLEADED,44.92,L15,1.47,0.03,0.0,4.99,66.03,1.5,67.38,16:17:00,0.0,3234053822 3234053822,ОБЩИНА АКСАКОВО % 1
2026-06-29,1147 Варна Ситроен,В5089РВ,78970155027722382,95 EKONOMY UNLEADED,35.99,L15,1.47,0.03,0.0,3.99,52.91,1.5,53.98,15:14:00,0.0,3234055108 3234055108,ОБЩИНА АКСАКОВО % 1
2026-06-30,1147 Варна Ситроен,В5654ВН,78970155027722309,DIESEL EKONOMY,34.64,L15,1.48,0.03,0.0,2.81,51.27,1.51,52.31,13:34:00,0.0,3234095088 3234095088,ОБЩИНА АКСАКОВО % 1
2026-06-30,1147 Варна Ситроен,В4692РС,78970155027722234,95 EKONOMY UNLEADED,30.69,L15,1.47,0.03,0.0,3.41,45.11,1.5,46.04,11:24:00,0.0,3234097119 3234097119,ОБЩИНА АКСАКОВО % 1
2026-06-01,1147 Варна Ситроен,ТУБА,78970155027722457,95 EKONOMY UNLEADED,120.01,L15,1.54,0.03,0.0,6.72,184.82,1.57,188.42,14:01:00,0.0,3232713729 3232713729,ОБЩИНА АКСАКОВО % 2
2026-06-08,1147 Варна Ситроен,ТУБА,78970155027722457,10 Л. ДOБABKA ADBLUE ДИЗEЛOBИ ДBИГATEЛИ,6.0,PC,23.79,0.0,0.0,,142.74,23.79,142.74,09:13:00,0.0,3233015888 3233015888,ОБЩИНА АКСАКОВО % 2
2026-06-08,1147 Варна Ситроен,ТУБА,78970155027722457,95 EKONOMY UNLEADED,100.0,L15,1.53,0.03,0.0,6.6,153.0,1.56,156.0,08:43:00,0.0,3233039084 3233039084,ОБЩИНА АКСАКОВО % 2
2026-06-12,1147 Варна Ситроен,ТУБА,78970155027722457,95 EKONOMY UNLEADED,120.01,L15,1.53,0.03,0.0,10.32,183.62,1.56,187.22,14:24:00,0.0,3233241357 3233241357,ОБЩИНА АКСАКОВО % 2
2026-06-18,1147 Варна Ситроен,ТУБА,78970155027722457,95 EKONOMY UNLEADED,120.0,L15,1.52,0.03,0.0,11.52,182.4,1.55,186.0,09:54:00,0.0,3233523430 3233523430,ОБЩИНА АКСАКОВО % 2
2026-06-24,1147 Варна Ситроен,ТУБА,78970155027722457,95 EKONOMY UNLEADED,120.0,L15,1.48,0.03,0.0,12.12,177.6,1.51,181.2,10:02:00,0.0,3233805524 3233805524,ОБЩИНА АКСАКОВО % 2
2026-06-26,1147 Варна Ситроен,ТУБА,78970155027722457,95 EKONOMY UNLEADED,100.0,L15,1.47,0.03,0.0,10.1,147.0,1.5,150.0,15:06:00,0.0,3233909955 3233909955,ОБЩИНА АКСАКОВО % 2
2026-06-16,1103 Велико Търново изход,A7353HC,78970151027720385,95 EKONOMY UNLEADED,23.16,L15,1.44,0.0,0.0,-0.09,33.35,1.56,36.13,09:19:00,0.0,3233433537 3233433537,ОБЩИНА БЕЛОСЛАВ
2026-06-16,1147 Варна Ситроен,A7353HC,78970151027720385,95 EKONOMY UNLEADED,40.13,L15,1.44,0.0,0.0,-0.16,57.79,1.56,62.6,07:02:00,0.0,3233411965 3233411965,ОБЩИНА БЕЛОСЛАВ
2026-06-16,1158 Варна Чайка,A7353HC,78970151027720385,95 EKONOMY UNLEADED,32.05,L15,1.44,0.0,0.0,-0.13,46.15,1.56,50.0,:  :00,,3233478076 3233478076,ОБЩИНА БЕЛОСЛАВ
2026-06-19,1199 Varna Car Osvoboditel,А4699РМ,78970151027720476,EKO RACING 100,19.31,L15,1.7,0.0,0.0,0.02,32.83,1.8,34.76,15:43:00,0.0,3233598527 3233598527,ОБЩИНА БЕЛОСЛАВ
2026-06-01,1158 Варна Чайка,В7236ВР,78970155027721608,E GAS LPG,34.86,L15,0.76,0.01,0.0,-8.37,26.49,0.77,26.84,11:06:00,76403.0,3232715147 3232715147,ОБЩИНА ВАРНА % 1 - АВТОПАРК
2026-06-02,1146 Варна Сливница,В0592ВТ,78970155027722622,E GAS LPG,27.89,L15,0.74,0.01,0.0,-7.25,20.64,0.75,20.92,14:17:00,0.0,3232749388 3232749388,ОБЩИНА ВАРНА % 1 - АВТОПАРК
2026-06-02,1148 Варна пристанище,В6511КС,78970155027721517,95 EKONOMY UNLEADED,25.0,L15,1.54,0.03,0.0,1.4,38.5,1.57,39.25,08:45:00,0.0,3232736466 3232736466,ОБЩИНА ВАРНА % 1 - АВТОПАРК
2026-06-02,1148 Варна пристанище,В8985ВР,78970155027721715,E GAS LPG,32.87,L15,0.74,0.01,0.0,-8.55,24.32,0.75,24.65,11:14:00,41600.0,3232761483 3232761483,ОБЩИНА ВАРНА % 1 - АВТОПАРК
2026-06-02,1158 Варна Чайка,В2852РК,78970155027721442,95 EKONOMY UNLEADED,55.06,L15,1.54,0.03,0.0,3.08,84.79,1.57,86.44,17:39:00,0.0,3232769124 3232769124,ОБЩИНА ВАРНА % 1 - АВТОПАРК
2026-06-02,1199 Varna Car Osvoboditel,В7242ВР,78970155027721616,E GAS LPG,37.94,L15,0.76,0.01,0.0,-9.11,28.83,0.77,29.21,10:21:00,0.0,3232768869 3232768869,ОБЩИНА ВАРНА % 1 - АВТОПАРК
2026-06-03,1146 Варна Сливница,В8979ВР,78970155027721707,95 EKONOMY UNLEADED,10.0,L15,1.54,0.03,0.0,0.56,15.4,1.57,15.7,11:26:00,38055.0,3232785740 3232785740,ОБЩИНА ВАРНА % 1 - АВТОПАРК
2026-06-03,1146 Варна Сливница,В8979ВР,78970155027721707,E GAS LPG,29.59,L15,0.73,0.01,0.0,-7.99,21.6,0.74,21.9,11:26:00,38055.0,3232785740 3232785740,ОБЩИНА ВАРНА % 1 - АВТОПАРК
2026-06-03,1147 Варна Ситроен,В8974ВР,78970155027721665,E GAS LPG,28.46,L15,0.73,0.01,0.0,-7.68,20.78,0.74,21.06,11:00:00,0.0,3232806730 3232806730,ОБЩИНА ВАРНА % 1 - АВТОПАРК
2026-06-03,1148 Варна пристанище,В9337НК,78970155027721723,95 EKONOMY UNLEADED,27.29,L15,1.54,0.03,0.0,1.53,42.03,1.57,42.85,09:15:00,0.0,3232807684 3232807684,ОБЩИНА ВАРНА % 1 - АВТОПАРК
2026-06-03,1148 Варна пристанище,В0589ВТ,78970155027722606,95 EKONOMY UNLEADED,10.0,L15,1.54,0.03,0.0,0.56,15.4,1.57,15.7,11:15:00,50330.0,3232810074 3232810074,ОБЩИНА ВАРНА % 1 - АВТОПАРК
2026-06-03,1148 Варна пристанище,В0589ВТ,78970155027722606,E GAS LPG,20.05,L15,0.73,0.01,0.0,-5.41,14.64,0.74,14.84,11:25:00,50330.0,3232811713 3232811713,ОБЩИНА ВАРНА % 1 - АВТОПАРК
2026-06-03,1158 Варна Чайка,В4582РР,78970155027721475,95 EKONOMY UNLEADED,16.62,L15,1.54,0.03,0.0,0.93,25.59,1.57,26.09,14:22:00,0.0,3232806092 3232806092,ОБЩИНА ВАРНА % 1 - АВТОПАРК
2026-06-03,1158 Варна Чайка,В4814КВ,78970155027721483,DIESEL EKONOMY,53.92,L15,1.66,0.03,0.0,5.45,89.51,1.69,91.12,13:17:00,494787.0,3232807888 3232807888,ОБЩИНА ВАРНА % 1 - АВТОПАРК
2026-06-03,1158 Варна Чайка,В7106НН,78970155027721558,DIESEL EKONOMY,54.98,L15,1.66,0.03,0.0,5.55,91.27,1.69,92.92,13:43:00,0.0,3232810302 3232810302,ОБЩИНА ВАРНА % 1 - АВТОПАРК
2026-06-03,1158 Варна Чайка,В6565КМ,78970155027721533,95 EKONOMY UNLEADED,35.0,L15,1.54,0.03,0.0,1.96,53.9,1.57,54.95,16:49:00,0.0,3232814611 3232814611,ОБЩИНА ВАРНА % 1 - АВТОПАРК
2026-06-03,1911 O5 Варна,В6049НХ,78970155027721509,EKO RACING 100,47.47,L15,1.78,0.04,0.0,2.47,84.5,1.82,86.4,18:16:00,0.0,3232810629 3232810629,ОБЩИНА ВАРНА % 1 - АВТОПАРК
2026-06-04,1158 Варна Чайка,В6633СН,78970155027721541,95 EKONOMY UNLEADED,36.0,L15,1.54,0.03,0.0,2.38,55.44,1.57,56.52,13:14:00,475900.0,3232854875 3232854875,ОБЩИНА ВАРНА % 1 - АВТОПАРК
2026-06-05,1146 Варна Сливница,В8978ВР,78970155027721699,E GAS LPG,30.27,L15,0.73,0.01,0.0,-8.17,22.1,0.74,22.4,16:18:00,97120.0,3232882998 3232882998,ОБЩИНА ВАРНА % 1 - АВТОПАРК
2026-06-05,1148 Варна пристанище,В7230ВР,78970155027721574,E GAS LPG,27.92,L15,0.73,0.01,0.0,-7.54,20.38,0.74,20.66,11:41:00,0.0,3232879095 3232879095,ОБЩИНА ВАРНА % 1 - АВТОПАРК
2026-06-05,1158 Варна Чайка,В0804ТР,78970155027722655,95 EKONOMY UNLEADED,32.38,L15,1.54,0.03,0.0,2.14,49.87,1.57,50.84,10:53:00,52410.0,3232905047 3232905047,ОБЩИНА ВАРНА % 1 - АВТОПАРК
2026-06-05,1158 Варна Чайка,В6565КМ,78970155027721533,95 EKONOMY UNLEADED,25.0,L15,1.54,0.03,0.0,1.65,38.5,1.57,39.25,12:48:00,0.0,3232906248 3232906248,ОБЩИНА ВАРНА % 1 - АВТОПАРК
2026-06-05,1199 Varna Car Osvoboditel,В2852РК,78970155027721442,95 EKONOMY UNLEADED,59.0,L15,1.54,0.03,0.0,3.89,90.86,1.57,92.63,17:26:00,0.0,3232913899 3232913899,ОБЩИНА ВАРНА % 1 - АВТОПАРК
2026-06-08,1148 Варна пристанище,В9347РН,78970155027721731,DIESEL DOUBLE FILTERED,42.86,L15,1.86,0.03,0.0,5.74,79.72,1.89,81.01,09:38:00,0.0,3233051305 3233051305,ОБЩИНА ВАРНА % 1 - АВТОПАРК
2026-06-09,1148 Варна пристанище,В1440СР,78970155027722705,95 EKONOMY UNLEADED,20.0,L15,1.53,0.03,0.0,1.72,30.6,1.56,31.2,09:33:00,256360.0,3233097178 3233097178,ОБЩИНА ВАРНА % 1 - АВТОПАРК
2026-06-09,1148 Варна пристанище,В7242ВР,78970155027721616,E GAS LPG,38.06,L15,0.71,0.01,0.0,-11.04,27.02,0.72,27.4,13:14:00,0.0,3233102758 3233102758,ОБЩИНА ВАРНА % 1 - АВТОПАРК
2026-06-10,1148 Варна пристанище,В0589ВТ,78970155027722606,E GAS LPG,20.0,L15,0.7,0.01,0.0,-6.0,14.0,0.71,14.2,11:05:00,5500.0,3233148637 3233148637,ОБЩИНА ВАРНА % 1 - АВТОПАРК
2026-06-10,1148 Варна пристанище,В0805ТР,78970155027722663,95 EKONOMY UNLEADED,30.21,L15,1.53,0.03,0.0,2.6,46.22,1.56,47.13,10:48:00,40666.0,3233149003 3233149003,ОБЩИНА ВАРНА % 1 - АВТОПАРК
2026-06-10,1148 Варна пристанище,В1977ВМ,78970155027722721,EKO RACING 100,91.16,L15,1.77,0.04,0.0,5.1,161.35,1.81,165.0,15:22:00,0.0,3233155433 3233155433,ОБЩИНА ВАРНА % 1 - АВТОПАРК
2026-06-10,1158 Варна Чайка,В0592ВТ,78970155027722622,E GAS LPG,32.17,L15,0.7,0.01,0.0,-9.65,22.52,0.71,22.84,14:46:00,0.0,3233151503 3233151503,ОБЩИНА ВАРНА % 1 - АВТОПАРК
2026-06-10,1158 Варна Чайка,В0586ВТ,78970155027722598,E GAS LPG,29.16,L15,0.7,0.01,0.0,-8.75,20.41,0.71,20.7,16:04:00,36160.0,3233152440 3233152440,ОБЩИНА ВАРНА % 1 - АВТОПАРК
2026-06-10,1199 Varna Car Osvoboditel,В8853ХК,78970155027721749,DIESEL EKONOMY,59.85,L15,1.6,0.03,0.0,5.15,95.76,1.63,97.56,14:22:00,0.0,3233158462 3233158462,ОБЩИНА ВАРНА % 1 - АВТОПАРК
2026-06-11,1146 Варна Сливница,В8978ВР,78970155027721699,95 EKONOMY UNLEADED,10.0,L15,1.53,0.03,0.0,0.86,15.3,1.56,15.6,11:05:00,97420.0,3233178695 3233178695,ОБЩИНА ВАРНА % 1 - АВТОПАРК
2026-06-11,1146 Варна Сливница,В8978ВР,78970155027721699,E GAS LPG,33.8,L15,0.68,0.01,0.0,-10.82,22.98,0.69,23.32,11:05:00,97420.0,3233178695 3233178695,ОБЩИНА ВАРНА % 1 - АВТОПАРК
2026-06-11,1146 Варна Сливница,В8976ВР,78970155027721681,E GAS LPG,27.29,L15,0.68,0.01,0.0,-8.73,18.56,0.69,18.83,15:06:00,23200.0,3233179489 3233179489,ОБЩИНА ВАРНА % 1 - АВТОПАРК
2026-06-11,1148 Варна пристанище,В8985ВР,78970155027721715,E GAS LPG,29.87,L15,0.68,0.01,0.0,-9.56,20.31,0.69,20.61,08:52:00,42102.0,3233193894 3233193894,ОБЩИНА ВАРНА % 1 - АВТОПАРК
2026-06-11,1148 Варна пристанище,В7242ВР,78970155027721616,95 EKONOMY UNLEADED,10.0,L15,1.53,0.03,0.0,0.86,15.3,1.56,15.6,10:02:00,0.0,3233198756 3233198756,ОБЩИНА ВАРНА % 1 - АВТОПАРК
2026-06-11,1148 Варна пристанище,В0591ВТ,78970155027722614,E GAS LPG,30.27,L15,0.68,0.01,0.0,-9.69,20.58,0.69,20.89,12:41:00,61999.0,3233201931 3233201931,ОБЩИНА ВАРНА % 1 - АВТОПАРК
2026-06-11,1158 Варна Чайка,В7224ВР,78970155027721566,E GAS LPG,33.7,L15,0.68,0.01,0.0,-10.78,22.92,0.69,23.25,09:55:00,68896.0,3233171075 3233171075,ОБЩИНА ВАРНА % 1 - АВТОПАРК
2026-06-11,1199 Varna Car Osvoboditel,В7236ВР,78970155027721608,E GAS LPG,29.09,L15,0.68,0.01,0.0,-9.31,19.78,0.69,20.07,16:05:00,76690.0,3233209261 3233209261,ОБЩИНА ВАРНА % 1 - АВТОПАРК
2026-06-11,1911 O5 Варна,В8853ХК,78970155027721749,DIESEL EKONOMY,10.83,L15,1.59,0.03,0.0,0.82,17.22,1.62,17.54,15:55:00,0.0,3233170566 3233170566,ОБЩИНА ВАРНА % 1 - АВТОПАРК
2026-06-11,1911 O5 Варна,В1440СР,78970155027722705,95 EKONOMY UNLEADED,17.14,L15,1.53,0.03,0.0,1.47,26.22,1.56,26.74,12:05:00,256435.0,3233187048 3233187048,ОБЩИНА ВАРНА % 1 - АВТОПАРК
2026-06-11,1911 O5 Варна,В6512КС,78970155027721525,95 EKONOMY UNLEADED,41.69,L15,1.53,0.03,0.0,3.59,63.79,1.56,65.04,10:10:00,332666.0,3233188140 3233188140,ОБЩИНА ВАРНА % 1 - АВТОПАРК
2026-06-12,1146 Варна Сливница,В9337НК,78970155027721723,95 EKONOMY UNLEADED,20.25,L15,1.53,0.03,0.0,1.74,30.98,1.56,31.59,11:13:00,0.0,3233238629 3233238629,ОБЩИНА ВАРНА % 1 - АВТОПАРК
2026-06-12,1146 Варна Сливница,В7106НН,78970155027721558,DIESEL EKONOMY,61.91,L15,1.58,0.03,0.0,4.09,97.82,1.61,99.68,16:24:00,0.0,3233239141 3233239141,ОБЩИНА ВАРНА % 1 - АВТОПАРК
2026-06-12,1158 Варна Чайка,В0804ТР,78970155027722655,95 EKONOMY UNLEADED,32.41,L15,1.53,0.03,0.0,2.79,49.59,1.56,50.56,16:02:00,52905.0,3233258679 3233258679,ОБЩИНА ВАРНА % 1 - АВТОПАРК
2026-06-12,1158 Варна Чайка,В2852РК,78970155027721442,95 EKONOMY UNLEADED,60.0,L15,1.53,0.03,0.0,5.16,91.8,1.56,93.6,17:16:00,0.0,3233261459 3233261459,ОБЩИНА ВАРНА % 1 - АВТОПАРК
2026-06-14,1199 Varna Car Osvoboditel,В0595ВТ,78970155027722648,E GAS LPG,27.78,L15,0.67,0.01,0.0,-9.17,18.61,0.68,18.89,11:26:00,0.0,3233350698 3233350698,ОБЩИНА ВАРНА % 1 - АВТОПАРК
2026-06-15,1148 Варна пристанище,В1977ВМ,78970155027722721,EKO RACING 100,14.54,L15,1.77,0.04,0.0,0.81,25.74,1.81,26.32,06:19:00,315041.0,3233384052 3233384052,ОБЩИНА ВАРНА % 1 - АВТОПАРК
2026-06-15,1148 Варна пристанище,В6511КС,78970155027721517,95 EKONOMY UNLEADED,25.0,L15,1.53,0.03,0.0,2.15,38.25,1.56,39.0,08:29:00,0.0,3233386770 3233386770,ОБЩИНА ВАРНА % 1 - АВТОПАРК
2026-06-15,1148 Варна пристанище,В6633СН,78970155027721541,95 EKONOMY UNLEADED,34.0,L15,1.53,0.03,0.0,2.92,52.02,1.56,53.04,10:14:00,476140.0,3233388354 3233388354,ОБЩИНА ВАРНА % 1 - АВТОПАРК
2026-06-15,1158 Варна Чайка,В6565КМ,78970155027721533,95 EKONOMY UNLEADED,27.0,L15,1.53,0.03,0.0,2.32,41.31,1.56,42.12,15:18:00,0.0,3233394738 3233394738,ОБЩИНА ВАРНА % 1 - АВТОПАРК
2026-06-15,1916 О5 Ахелой,В1977ВМ,78970155027722721,95 EKONOMY UNLEADED,40.16,L15,1.53,0.03,0.0,3.45,61.44,1.56,62.65,15:07:00,315163.0,3233402146 3233402146,ОБЩИНА ВАРНА % 1 - АВТОПАРК
2026-06-16,1120 Пловдив Радиново,В1977ВМ,78970155027722721,EKO RACING 100,24.8,L15,1.78,0.04,0.0,1.64,44.14,1.82,45.14,11:10:00,315455.0,3233435057 3233435057,ОБЩИНА ВАРНА % 1 - АВТОПАРК
2026-06-16,1146 Варна Сливница,В7721ВВ,78970155027721632,95 EKONOMY UNLEADED,39.01,L15,1.53,0.03,0.0,3.35,59.69,1.56,60.86,10:41:00,163974.0,3233420126 3233420126,ОБЩИНА ВАРНА % 1 - АВТОПАРК
2026-06-16,1146 Варна Сливница,В7242ВР,78970155027721616,E GAS LPG,35.4,L15,0.66,0.01,0.0,-12.04,23.36,0.67,23.72,15:30:00,0.0,3233420379 3233420379,ОБЩИНА ВАРНА % 1 - АВТОПАРК
2026-06-16,1157 Пловдив Тракия,В1977ВМ,78970155027722721,EKO RACING 100,24.87,L15,1.78,0.04,0.0,1.64,44.27,1.82,45.26,14:19:00,315721.0,3233442505 3233442505,ОБЩИНА ВАРНА % 1 - АВТОПАРК
2026-06-16,1158 Варна Чайка,В0592ВТ,78970155027722622,E GAS LPG,28.13,L15,0.66,0.01,0.0,-9.56,18.57,0.67,18.85,14:06:00,0.0,3233427177 3233427177,ОБЩИНА ВАРНА % 1 - АВТОПАРК
2026-06-17,1146 Варна Сливница,В4814КВ,78970155027721483,DIESEL EKONOMY,59.63,L15,1.56,0.03,0.0,3.64,93.02,1.59,94.81,12:13:00,495250.0,3233473075 3233473075,ОБЩИНА ВАРНА % 1 - АВТОПАРК
2026-06-18,1147 Варна Ситроен,СлужебнаОВ1,78970155027721764,DIESEL EKONOMY,36.43,L15,1.55,0.03,0.0,1.86,56.47,1.58,57.56,08:05:00,605.0,3233522219 3233522219,ОБЩИНА ВАРНА % 1 - АВТОПАРК
2026-06-18,1147 Варна Ситроен,В8974ВР,78970155027721665,E GAS LPG,29.88,L15,0.65,0.01,0.0,-10.46,19.42,0.66,19.72,14:43:00,0.0,3233529160 3233529160,ОБЩИНА ВАРНА % 1 - АВТОПАРК
2026-06-18,1148 Варна пристанище,В8985ВР,78970155027721715,E GAS LPG,29.12,L15,0.65,0.01,0.0,-10.19,18.93,0.66,19.22,15:03:00,42300.0,3233537334 3233537334,ОБЩИНА ВАРНА % 1 - АВТОПАРК
2026-06-18,1158 Варна Чайка,В7230ВР,78970155027721574,E GAS LPG,22.02,L15,0.65,0.01,0.0,-7.71,14.31,0.66,14.53,11:22:00,0.0,3233527240 3233527240,ОБЩИНА ВАРНА % 1 - АВТОПАРК
2026-06-18,1158 Варна Чайка,В2852РК,78970155027721442,95 EKONOMY UNLEADED,60.01,L15,1.52,0.03,0.0,5.76,91.22,1.55,93.02,09:10:00,0.0,3233527425 3233527425,ОБЩИНА ВАРНА % 1 - АВТОПАРК
2026-06-18,1158 Варна Чайка,В8979ВР,78970155027721707,E GAS LPG,29.67,L15,0.65,0.01,0.0,-10.38,19.29,0.66,19.58,11:38:00,38395.0,3233529187 3233529187,ОБЩИНА ВАРНА % 1 - АВТОПАРК
2026-06-19,1146 Варна Сливница,В8978ВР,78970155027721699,E GAS LPG,31.38,L15,0.65,0.01,0.0,-10.98,20.4,0.66,20.71,10:24:00,97700.0,3233566380 3233566380,ОБЩИНА ВАРНА % 1 - АВТОПАРК
2026-06-19,1148 Варна пристанище,ТубаОВ1,78970155027721780,95 EKONOMY UNLEADED,19.97,L15,1.51,0.03,0.0,1.72,30.15,1.54,30.75,11:03:00,0.0,3233583569 3233583569,ОБЩИНА ВАРНА % 1 - АВТОПАРК
2026-06-19,1911 O5 Варна,В0804ТР,78970155027722655,95 EKONOMY UNLEADED,33.26,L15,1.51,0.03,0.0,2.86,50.22,1.54,51.22,15:51:00,53415.0,3233578496 3233578496,ОБЩИНА ВАРНА % 1 - АВТОПАРК
2026-06-20,1199 Varna Car Osvoboditel,В7224ВР,78970155027721566,95 EKONOMY UNLEADED,10.0,L15,1.5,0.03,0.0,1.01,15.0,1.53,15.3,12:20:00,69187.0,3233645483 3233645483,ОБЩИНА ВАРНА % 1 - АВТОПАРК
2026-06-22,1148 Варна пристанище,В7233ВР,78970155027721582,E GAS LPG,15.42,L15,0.65,0.01,0.0,-5.4,10.02,0.66,10.18,09:51:00,76443.0,3233719634 3233719634,ОБЩИНА ВАРНА % 1 - АВТОПАРК
2026-06-22,1158 Варна Чайка,В6565КМ,78970155027721533,95 EKONOMY UNLEADED,25.0,L15,1.48,0.03,0.0,2.27,37.0,1.51,37.75,14:09:00,0.0,3233722445 3233722445,ОБЩИНА ВАРНА % 1 - АВТОПАРК
2026-06-22,1199 Varna Car Osvoboditel,В7236ВР,78970155027721608,E GAS LPG,27.42,L15,0.65,0.01,0.0,-9.6,17.82,0.66,18.1,09:43:00,76940.0,3233726056 3233726056,ОБЩИНА ВАРНА % 1 - АВТОПАРК
2026-06-23,1146 Варна Сливница,В7242ВР,78970155027721616,E GAS LPG,31.56,L15,0.65,0.01,0.0,-11.05,20.51,0.66,20.83,14:35:00,0.0,3233748714 3233748714,ОБЩИНА ВАРНА % 1 - АВТОПАРК
2026-06-23,1148 Варна пристанище,В1977ВМ,78970155027722721,EKO RACING 100,63.75,L15,1.73,0.04,0.0,4.53,110.29,1.77,112.84,09:32:00,316200.0,3233763379 3233763379,ОБЩИНА ВАРНА % 1 - АВТОПАРК
2026-06-23,1148 Варна пристанище,В2852РК,78970155027721442,95 EKONOMY UNLEADED,55.78,L15,1.48,0.03,0.0,5.08,82.55,1.51,84.23,15:54:00,0.0,3233773236 3233773236,ОБЩИНА ВАРНА % 1 - АВТОПАРК
2026-06-23,1199 Varna Car Osvoboditel,В8853ХК,78970155027721749,DIESEL EKONOMY,56.2,L15,1.49,0.03,0.0,2.87,83.74,1.52,85.42,11:24:00,0.0,3233775906 3233775906,ОБЩИНА ВАРНА % 1 - АВТОПАРК
2026-06-23,"1925 HW Trakia, 243 km. Sofia direc",В7242ВР,78970155027721616,E GAS LPG,27.83,L15,0.65,0.01,0.0,-9.74,18.09,0.66,18.37,18:34:00,0.0,3233767297 3233767297,ОБЩИНА ВАРНА % 1 - АВТОПАРК
2026-06-24,1101 София Ихтиман,В7242ВР,78970155027721616,E GAS LPG,32.73,L15,0.65,0.01,0.0,-11.46,21.27,0.66,21.6,14:33:00,0.0,3233808438 3233808438,ОБЩИНА ВАРНА % 1 - АВТОПАРК
2026-06-24,1146 Варна Сливница,В7106НН,78970155027721558,DIESEL EKONOMY,56.97,L15,1.48,0.03,0.0,2.91,84.32,1.51,86.02,13:37:00,0.0,3233796161 3233796161,ОБЩИНА ВАРНА % 1 - АВТОПАРК
2026-06-24,1146 Варна Сливница,В7233ВР,78970155027721582,E GAS LPG,21.02,L15,0.65,0.01,0.0,-7.36,13.66,0.66,13.87,16:26:00,77072.0,3233796517 3233796517,ОБЩИНА ВАРНА % 1 - АВТОПАРК
2026-06-24,1148 Варна пристанище,В6633СН,78970155027721541,95 EKONOMY UNLEADED,30.0,L15,1.48,0.03,0.0,3.03,44.4,1.51,45.3,10:16:00,476400.0,3233812501 3233812501,ОБЩИНА ВАРНА % 1 - АВТОПАРК
2026-06-24,1158 Варна Чайка,В0805ТР,78970155027722663,95 EKONOMY UNLEADED,31.75,L15,1.48,0.03,0.0,3.21,46.99,1.51,47.94,11:54:00,41001.0,3233809063 3233809063,ОБЩИНА ВАРНА % 1 - АВТОПАРК
2026-06-24,1193 Казанлък,В7233ВР,78970155027721582,E GAS LPG,31.14,L15,0.65,0.01,0.0,-10.9,20.24,0.66,20.55,11:08:00,55116.0,3233788882 3233788882,ОБЩИНА ВАРНА % 1 - АВТОПАРК
2026-06-24,1195 243 Тракия Езеро,В7242ВР,78970155027721616,E GAS LPG,21.29,L15,0.65,0.01,0.0,-7.45,13.84,0.66,14.05,17:41:00,0.0,3233814729 3233814729,ОБЩИНА ВАРНА % 1 - АВТОПАРК
2026-06-24,1199 Varna Car Osvoboditel,В0591ВТ,78970155027722614,E GAS LPG,33.26,L15,0.65,0.01,0.0,-11.64,21.62,0.66,21.95,12:45:00,0.0,3233819165 3233819165,ОБЩИНА ВАРНА % 1 - АВТОПАРК
2026-06-25,1146 Варна Сливница,В8978ВР,78970155027721699,E GAS LPG,29.02,L15,0.65,0.01,0.0,-10.16,18.86,0.66,19.15,09:46:00,97950.0,3233835180 3233835180,ОБЩИНА ВАРНА % 1 - АВТОПАРК
2026-06-25,1148 Варна пристанище,В7242ВР,78970155027721616,E GAS LPG,31.48,L15,0.65,0.01,0.0,-11.02,20.46,0.66,20.78,10:25:00,0.0,3233856178 3233856178,ОБЩИНА ВАРНА % 1 - АВТОПАРК
2026-06-25,1148 Варна пристанище,В9347РН,78970155027721731,DIESEL EKONOMY,45.97,L15,1.48,0.03,0.0,2.34,68.04,1.51,69.41,09:39:00,187520.0,3233856268 3233856268,ОБЩИНА ВАРНА % 1 - АВТОПАРК
2026-06-25,1158 Варна Чайка,В0592ВТ,78970155027722622,E GAS LPG,29.95,L15,0.65,0.01,0.0,-10.48,19.47,0.66,19.77,11:35:00,0.0,3233856973 3233856973,ОБЩИНА ВАРНА % 1 - АВТОПАРК
2026-06-25,1199 Varna Car Osvoboditel,В7224ВР,78970155027721566,E GAS LPG,29.11,L15,0.65,0.01,0.0,-10.19,18.92,0.66,19.21,10:04:00,69298.0,3233866140 3233866140,ОБЩИНА ВАРНА % 1 - АВТОПАРК
2026-06-26,1148 Варна пристанище,В4582РР,78970155027721475,95 EKONOMY UNLEADED,17.0,L15,1.47,0.03,0.0,1.72,24.99,1.5,25.5,10:02:00,0.0,3233933493 3233933493,ОБЩИНА ВАРНА % 1 - АВТОПАРК
2026-06-26,1148 Варна пристанище,В9337НК,78970155027721723,95 EKONOMY UNLEADED,30.16,L15,1.47,0.03,0.0,3.05,44.34,1.5,45.24,12:53:00,0.0,3233943601 3233943601,ОБЩИНА ВАРНА % 1 - АВТОПАРК
2026-06-26,1158 Варна Чайка,В7236ВР,78970155027721608,95 EKONOMY UNLEADED,10.0,L15,1.47,0.03,0.0,1.01,14.7,1.5,15.0,11:19:00,77080.0,3233930421 3233930421,ОБЩИНА ВАРНА % 1 - АВТОПАРК
2026-06-26,1158 Варна Чайка,В2852РК,78970155027721442,95 EKONOMY UNLEADED,49.47,L15,1.47,0.03,0.0,5.0,72.72,1.5,74.2,17:42:00,0.0,3233932678 3233932678,ОБЩИНА ВАРНА % 1 - АВТОПАРК
2026-06-27,1147 Варна Ситроен,СлужебнаОВ1,78970155027721764,DIESEL EKONOMY,49.28,L15,1.48,0.03,0.0,3.25,72.93,1.51,74.41,15:30:00,3172.0,3233954359 3233954359,ОБЩИНА ВАРНА % 1 - АВТОПАРК
2026-06-29,1146 Варна Сливница,В1422РХ,78970155027722697,DIESEL EKONOMY,27.49,L15,1.48,0.03,0.0,2.23,40.69,1.51,41.51,14:34:00,0.0,3234037906 3234037906,ОБЩИНА ВАРНА % 1 - АВТОПАРК
2026-06-29,1146 Варна Сливница,В5987РР,78970155027721491,E GAS LPG,23.98,L15,0.65,0.01,0.0,-8.39,15.59,0.66,15.83,15:11:00,34789.0,3234037917 3234037917,ОБЩИНА ВАРНА % 1 - АВТОПАРК
2026-06-29,1146 Варна Сливница,В5987РР,78970155027721491,95 EKONOMY UNLEADED,10.0,L15,1.47,0.03,0.0,1.11,14.7,1.5,15.0,15:11:00,34789.0,3234037918 3234037918,ОБЩИНА ВАРНА % 1 - АВТОПАРК
2026-06-29,1148 Варна пристанище,В9347РН,78970155027721731,DIESEL EKONOMY,45.82,L15,1.48,0.03,0.0,3.71,67.81,1.51,69.19,08:51:00,187600.0,3234031196 3234031196,ОБЩИНА ВАРНА % 1 - АВТОПАРК
2026-06-29,1148 Варна пристанище,В6511КС,78970155027721517,95 EKONOMY UNLEADED,20.0,L15,1.47,0.03,0.0,2.22,29.4,1.5,30.0,09:03:00,0.0,3234056130 3234056130,ОБЩИНА ВАРНА % 1 - АВТОПАРК
2026-06-29,1148 Варна пристанище,В2802ТХ,78970155027721434,DIESEL EKONOMY,19.97,L15,1.48,0.03,0.0,1.62,29.56,1.51,30.15,14:48:00,0.0,3234059480 3234059480,ОБЩИНА ВАРНА % 1 - АВТОПАРК
2026-06-29,1148 Варна пристанище,ТубаОВ1,78970155027721780,95 EKONOMY UNLEADED,39.98,L15,1.47,0.03,0.0,4.44,58.77,1.5,59.97,11:01:00,0.0,3234059912 3234059912,ОБЩИНА ВАРНА % 1 - АВТОПАРК
2026-06-29,1158 Варна Чайка,В7230ВР,78970155027721574,E GAS LPG,21.82,L15,0.65,0.01,0.0,-7.64,14.18,0.66,14.4,10:03:00,0.0,3234045594 3234045594,ОБЩИНА ВАРНА % 1 - АВТОПАРК
2026-06-29,1158 Варна Чайка,В1392РК,78970155027722739,DIESEL EKONOMY,18.0,L15,1.48,0.03,0.0,1.46,26.64,1.51,27.18,18:06:00,0.0,3234061090 3234061090,ОБЩИНА ВАРНА % 1 - АВТОПАРК
2026-06-29,1199 Varna Car Osvoboditel,В0804ТР,78970155027722655,95 EKONOMY UNLEADED,32.01,L15,1.47,0.03,0.0,3.55,47.05,1.5,48.02,14:19:00,53915.0,3234065138 3234065138,ОБЩИНА ВАРНА % 1 - АВТОПАРК
2026-06-29,1911 O5 Варна,В0595ВТ,78970155027722648,E GAS LPG,32.32,L15,0.65,0.01,0.0,-11.31,21.01,0.66,21.33,14:48:00,0.0,3234047067 3234047067,ОБЩИНА ВАРНА % 1 - АВТОПАРК
2026-06-30,1146 Варна Сливница,В8978ВР,78970155027721699,E GAS LPG,27.56,L15,0.65,0.01,0.0,-9.65,17.91,0.66,18.19,14:51:00,98150.0,3234080170 3234080170,ОБЩИНА ВАРНА % 1 - АВТОПАРК
2026-06-30,1148 Варна пристанище,В7224ВР,78970155027721566,E GAS LPG,28.58,L15,0.65,0.01,0.0,-10.0,18.58,0.66,18.86,09:23:00,69501.0,3234100359 3234100359,ОБЩИНА ВАРНА % 1 - АВТОПАРК
2026-06-30,1199 Varna Car Osvoboditel,В9347РН,78970155027721731,DIESEL EKONOMY,20.85,L15,1.48,0.03,0.0,1.69,30.86,1.51,31.48,18:18:00,187810.0,3234122400 3234122400,ОБЩИНА ВАРНА % 1 - АВТОПАРК
2026-06-01,1146 Варна Сливница,В8971ВР,78970155027722473,95 EKONOMY UNLEADED,10.0,L15,1.54,0.03,0.0,0.56,15.4,1.57,15.7,13:04:00,0.0,3232694716 3232694716,ОБЩИНА ВАРНА % 2 - ОБЩИНСКА ПОЛ
2026-06-01,1146 Варна Сливница,В8971ВР,78970155027722473,E GAS LPG,22.82,L15,0.76,0.01,0.0,-5.48,17.34,0.77,17.57,13:05:00,0.0,3232694717 3232694717,ОБЩИНА ВАРНА % 2 - ОБЩИНСКА ПОЛ
2026-06-01,1148 Варна пристанище,В8977ВР,78970155027722481,95 EKONOMY UNLEADED,10.0,L15,1.54,0.03,0.0,0.56,15.4,1.57,15.7,09:35:00,0.0,3232717564 3232717564,ОБЩИНА ВАРНА % 2 - ОБЩИНСКА ПОЛ
2026-06-01,1148 Варна пристанище,В8977ВР,78970155027722481,E GAS LPG,25.78,L15,0.76,0.01,0.0,-6.19,19.59,0.77,19.85,09:33:00,0.0,3232717928 3232717928,ОБЩИНА ВАРНА % 2 - ОБЩИНСКА ПОЛ
2026-06-01,1158 Варна Чайка,В7237ВР,78970155027722465,E GAS LPG,37.42,L15,0.76,0.01,0.0,-8.98,28.44,0.77,28.81,12:14:00,0.0,3232715596 3232715596,ОБЩИНА ВАРНА % 2 - ОБЩИНСКА ПОЛ
2026-06-02,1148 Варна пристанище,В8991ВР,78970155027722515,E GAS LPG,17.44,L15,0.74,0.01,0.0,-4.53,12.91,0.75,13.08,09:59:00,0.0,3232758884 3232758884,ОБЩИНА ВАРНА % 2 - ОБЩИНСКА ПОЛ
2026-06-02,1148 Варна пристанище,В8980ВР,78970155027722499,E GAS LPG,23.59,L15,0.74,0.01,0.0,-6.13,17.46,0.75,17.69,13:40:00,0.0,3232768629 3232768629,ОБЩИНА ВАРНА % 2 - ОБЩИНСКА ПОЛ
2026-06-03,1148 Варна пристанище,В8991ВР,78970155027722515,E GAS LPG,29.22,L15,0.73,0.01,0.0,-7.89,21.33,0.74,21.62,22:35:00,0.0,3232820755 3232820755,ОБЩИНА ВАРНА % 2 - ОБЩИНСКА ПОЛ
2026-06-03,1148 Варна пристанище,В8991ВР,78970155027722515,95 EKONOMY UNLEADED,10.0,L15,1.54,0.03,0.0,0.56,15.4,1.57,15.7,22:30:00,0.0,3232821329 3232821329,ОБЩИНА ВАРНА % 2 - ОБЩИНСКА ПОЛ
2026-06-03,1158 Варна Чайка,В8977ВР,78970155027722481,E GAS LPG,27.64,L15,0.74,0.01,0.0,-7.19,20.45,0.75,20.73,06:16:00,0.0,3232797396 3232797396,ОБЩИНА ВАРНА % 2 - ОБЩИНСКА ПОЛ
2026-06-03,1158 Варна Чайка,В8982ВР,78970155027722507,95 EKONOMY UNLEADED,10.0,L15,1.54,0.03,0.0,0.56,15.4,1.57,15.7,08:50:00,195711.0,3232804033 3232804033,ОБЩИНА ВАРНА % 2 - ОБЩИНСКА ПОЛ
2026-06-03,1158 Варна Чайка,В8982ВР,78970155027722507,E GAS LPG,21.67,L15,0.74,0.01,0.0,-5.63,16.04,0.75,16.25,08:46:00,195711.0,3232804614 3232804614,ОБЩИНА ВАРНА % 2 - ОБЩИНСКА ПОЛ
2026-06-04,1146 Варна Сливница,В8977ВР,78970155027722481,E GAS LPG,22.72,L15,0.73,0.01,0.0,-6.13,16.59,0.74,16.81,16:09:00,0.0,3232834964 3232834964,ОБЩИНА ВАРНА % 2 - ОБЩИНСКА ПОЛ
2026-06-04,1148 Варна пристанище,В8991ВР,78970155027722515,E GAS LPG,14.1,L15,0.73,0.01,0.0,-3.81,10.29,0.74,10.43,16:46:00,0.0,3232866333 3232866333,ОБЩИНА ВАРНА % 2 - ОБЩИНСКА ПОЛ
2026-06-05,1158 Варна Чайка,В8977ВР,78970155027722481,E GAS LPG,21.32,L15,0.73,0.01,0.0,-5.76,15.56,0.74,15.78,20:30:00,0.0,3232922637 3232922637,ОБЩИНА ВАРНА % 2 - ОБЩИНСКА ПОЛ
2026-06-06,1148 Варна пристанище,В8991ВР,78970155027722515,E GAS LPG,25.53,L15,0.72,0.01,0.0,-7.15,18.38,0.73,18.64,08:43:00,0.0,3232950045 3232950045,ОБЩИНА ВАРНА % 2 - ОБЩИНСКА ПОЛ
2026-06-07,1146 Варна Сливница,В8971ВР,78970155027722473,E GAS LPG,25.88,L15,0.71,0.01,0.0,-7.51,18.37,0.72,18.63,10:05:00,0.0,3232978742 3232978742,ОБЩИНА ВАРНА % 2 - ОБЩИНСКА ПОЛ
2026-06-07,1148 Варна пристанище,В8977ВР,78970155027722481,E GAS LPG,25.11,L15,0.71,0.01,0.0,-7.28,17.83,0.72,18.08,12:03:00,208992.0,3233010110 3233010110,ОБЩИНА ВАРНА % 2 - ОБЩИНСКА ПОЛ
2026-06-08,1158 Варна Чайка,В8980ВР,78970155027722499,E GAS LPG,28.0,L15,0.71,0.01,0.0,-8.12,19.88,0.72,20.16,10:06:00,0.0,3233043516 3233043516,ОБЩИНА ВАРНА % 2 - ОБЩИНСКА ПОЛ
2026-06-08,1158 Варна Чайка,В8991ВР,78970155027722515,E GAS LPG,18.67,L15,0.71,0.01,0.0,-5.41,13.26,0.72,13.44,13:53:00,153310.0,3233050445 3233050445,ОБЩИНА ВАРНА % 2 - ОБЩИНСКА ПОЛ
2026-06-08,1911 O5 Варна,В8977ВР,78970155027722481,E GAS LPG,19.29,L15,0.71,0.01,0.0,-5.59,13.7,0.72,13.89,08:33:00,0.0,3233042645 3233042645,ОБЩИНА ВАРНА % 2 - ОБЩИНСКА ПОЛ
2026-06-09,1148 Варна пристанище,В8991ВР,78970155027722515,E GAS LPG,19.93,L15,0.71,0.01,0.0,-5.78,14.15,0.72,14.35,09:45:00,0.0,3233097598 3233097598,ОБЩИНА ВАРНА % 2 - ОБЩИНСКА ПОЛ
2026-06-09,1158 Варна Чайка,В8991ВР,78970155027722515,E GAS LPG,13.74,L15,0.71,0.01,0.0,-3.98,9.76,0.72,9.89,20:16:00,0.0,3233107651 3233107651,ОБЩИНА ВАРНА % 2 - ОБЩИНСКА ПОЛ
2026-06-10,1158 Варна Чайка,В8971ВР,78970155027722473,E GAS LPG,27.99,L15,0.71,0.01,0.0,-8.12,19.87,0.72,20.15,07:10:00,0.0,3233119918 3233119918,ОБЩИНА ВАРНА % 2 - ОБЩИНСКА ПОЛ
2026-06-10,1158 Варна Чайка,В8982ВР,78970155027722507,E GAS LPG,26.25,L15,0.7,0.01,0.0,-7.88,18.38,0.71,18.64,14:15:00,195887.0,3233150126 3233150126,ОБЩИНА ВАРНА % 2 - ОБЩИНСКА ПОЛ
2026-06-10,1158 Варна Чайка,В8991ВР,78970155027722515,E GAS LPG,20.76,L15,0.7,0.01,0.0,-6.23,14.53,0.71,14.74,21:25:00,0.0,3233160234 3233160234,ОБЩИНА ВАРНА % 2 - ОБЩИНСКА ПОЛ
2026-06-11,1148 Варна пристанище,В8971ВР,78970155027722473,E GAS LPG,21.51,L15,0.68,0.01,0.0,-6.88,14.63,0.69,14.84,09:58:00,187968.0,3233197563 3233197563,ОБЩИНА ВАРНА % 2 - ОБЩИНСКА ПОЛ
2026-06-11,1158 Варна Чайка,В8980ВР,78970155027722499,E GAS LPG,17.32,L15,0.68,0.01,0.0,-5.54,11.78,0.69,11.95,11:34:00,0.0,3233195322 3233195322,ОБЩИНА ВАРНА % 2 - ОБЩИНСКА ПОЛ
2026-06-12,1148 Варна пристанище,В8991ВР,78970155027722515,E GAS LPG,23.41,L15,0.67,0.01,0.0,-7.73,15.68,0.68,15.92,07:03:00,0.0,3233244884 3233244884,ОБЩИНА ВАРНА % 2 - ОБЩИНСКА ПОЛ
2026-06-12,1148 Варна пристанище,В8977ВР,78970155027722481,E GAS LPG,23.18,L15,0.67,0.01,0.0,-7.65,15.53,0.68,15.76,10:56:00,209284.0,3233246283 3233246283,ОБЩИНА ВАРНА % 2 - ОБЩИНСКА ПОЛ
2026-06-13,1148 Варна пристанище,В8982ВР,78970155027722507,E GAS LPG,21.53,L15,0.67,0.01,0.0,-7.1,14.43,0.68,14.64,08:43:00,0.0,3233300910 3233300910,ОБЩИНА ВАРНА % 2 - ОБЩИНСКА ПОЛ
2026-06-13,1158 Варна Чайка,В8977ВР,78970155027722481,E GAS LPG,21.22,L15,0.67,0.01,0.0,-7.0,14.22,0.68,14.43,06:22:00,209417.0,3233247598 3233247598,ОБЩИНА ВАРНА % 2 - ОБЩИНСКА ПОЛ
2026-06-13,1158 Варна Чайка,В8991ВР,78970155027722515,E GAS LPG,21.26,L15,0.67,0.01,0.0,-7.02,14.24,0.68,14.46,06:16:00,0.0,3233264498 3233264498,ОБЩИНА ВАРНА % 2 - ОБЩИНСКА ПОЛ
2026-06-13,1911 O5 Варна,В8971ВР,78970155027722473,E GAS LPG,25.79,L15,0.67,0.01,0.0,-8.51,17.28,0.68,17.54,12:16:00,0.0,3233295304 3233295304,ОБЩИНА ВАРНА % 2 - ОБЩИНСКА ПОЛ
2026-06-15,1146 Варна Сливница,В8977ВР,78970155027722481,E GAS LPG,31.56,L15,0.67,0.01,0.0,-10.41,21.15,0.68,21.46,07:00:00,0.0,3233375059 3233375059,ОБЩИНА ВАРНА % 2 - ОБЩИНСКА ПОЛ
2026-06-15,1148 Варна пристанище,В8991ВР,78970155027722515,E GAS LPG,23.65,L15,0.67,0.01,0.0,-7.8,15.85,0.68,16.08,08:54:00,0.0,3233386965 3233386965,ОБЩИНА ВАРНА % 2 - ОБЩИНСКА ПОЛ
2026-06-15,1158 Варна Чайка,В8980ВР,78970155027722499,E GAS LPG,28.57,L15,0.67,0.01,0.0,-9.43,19.14,0.68,19.43,17:17:00,178303.0,3233398046 3233398046,ОБЩИНА ВАРНА % 2 - ОБЩИНСКА ПОЛ
2026-06-16,1148 Варна пристанище,В8971ВР,78970155027722473,E GAS LPG,21.55,L15,0.66,0.01,0.0,-7.33,14.22,0.67,14.44,11:44:00,188337.0,3233437605 3233437605,ОБЩИНА ВАРНА % 2 - ОБЩИНСКА ПОЛ
2026-06-16,1158 Варна Чайка,В7237ВР,78970155027722465,E GAS LPG,36.37,L15,0.67,0.01,0.0,-12.0,24.37,0.68,24.73,07:03:00,0.0,3233411429 3233411429,ОБЩИНА ВАРНА % 2 - ОБЩИНСКА ПОЛ
2026-06-16,1158 Варна Чайка,В8977ВР,78970155027722481,E GAS LPG,26.4,L15,0.67,0.01,0.0,-8.71,17.69,0.68,17.95,07:03:00,0.0,3233411735 3233411735,ОБЩИНА ВАРНА % 2 - ОБЩИНСКА ПОЛ
2026-06-17,1148 Варна пристанище,В8991ВР,78970155027722515,E GAS LPG,30.84,L15,0.66,0.01,0.0,-10.49,20.35,0.67,20.66,09:07:00,0.0,3233485135 3233485135,ОБЩИНА ВАРНА % 2 - ОБЩИНСКА ПОЛ
2026-06-17,1148 Варна пристанище,В8971ВР,78970155027722473,E GAS LPG,25.25,L15,0.66,0.01,0.0,-8.58,16.66,0.67,16.92,14:01:00,0.0,3233490809 3233490809,ОБЩИНА ВАРНА % 2 - ОБЩИНСКА ПОЛ
2026-06-17,1158 Варна Чайка,В8977ВР,78970155027722481,E GAS LPG,20.16,L15,0.66,0.01,0.0,-6.85,13.31,0.67,13.51,20:37:00,0.0,3233495918 3233495918,ОБЩИНА ВАРНА % 2 - ОБЩИНСКА ПОЛ
2026-06-18,1148 Варна пристанище,В8980ВР,78970155027722499,E GAS LPG,24.26,L15,0.65,0.01,0.0,-8.49,15.77,0.66,16.01,09:56:00,0.0,3233529758 3233529758,ОБЩИНА ВАРНА % 2 - ОБЩИНСКА ПОЛ
2026-06-18,1158 Варна Чайка,В8971ВР,78970155027722473,E GAS LPG,30.92,L15,0.65,0.01,0.0,-10.82,20.1,0.66,20.41,19:36:00,0.0,3233542645 3233542645,ОБЩИНА ВАРНА % 2 - ОБЩИНСКА ПОЛ
2026-06-19,1148 Варна пристанище,В8977ВР,78970155027722481,E GAS LPG,24.03,L15,0.65,0.01,0.0,-8.41,15.62,0.66,15.86,18:34:00,0.0,3233595294 3233595294,ОБЩИНА ВАРНА % 2 - ОБЩИНСКА ПОЛ
2026-06-20,1148 Варна пристанище,В8991ВР,78970155027722515,E GAS LPG,30.11,L15,0.65,0.01,0.0,-10.54,19.57,0.66,19.87,09:07:00,0.0,3233637719 3233637719,ОБЩИНА ВАРНА % 2 - ОБЩИНСКА ПОЛ
2026-06-20,1158 Варна Чайка,В8971ВР,78970155027722473,E GAS LPG,19.55,L15,0.65,0.01,0.0,-6.84,12.71,0.66,12.9,10:19:00,188804.0,3233607682 3233607682,ОБЩИНА ВАРНА % 2 - ОБЩИНСКА ПОЛ
2026-06-21,1148 Варна пристанище,В8977ВР,78970155027722481,E GAS LPG,27.26,L15,0.65,0.01,0.0,-9.54,17.72,0.66,17.99,13:30:00,0.0,3233674186 3233674186,ОБЩИНА ВАРНА % 2 - ОБЩИНСКА ПОЛ
2026-06-21,1158 Варна Чайка,В8971ВР,78970155027722473,E GAS LPG,19.42,L15,0.65,0.01,0.0,-6.8,12.62,0.66,12.82,20:29:00,0.0,3233692116 3233692116,ОБЩИНА ВАРНА % 2 - ОБЩИНСКА ПОЛ
2026-06-22,1146 Варна Сливница,В8991ВР,78970155027722515,E GAS LPG,21.11,L15,0.65,0.01,0.0,-7.39,13.72,0.66,13.93,10:33:00,154414.0,3233710348 3233710348,ОБЩИНА ВАРНА % 2 - ОБЩИНСКА ПОЛ
2026-06-22,1148 Варна пристанище,В8980ВР,78970155027722499,E GAS LPG,24.65,L15,0.65,0.01,0.0,-8.63,16.02,0.66,16.27,13:25:00,0.0,3233722381 3233722381,ОБЩИНА ВАРНА % 2 - ОБЩИНСКА ПОЛ
2026-06-22,1148 Варна пристанище,В8977ВР,78970155027722481,E GAS LPG,23.76,L15,0.65,0.01,0.0,-8.32,15.44,0.66,15.68,18:19:00,210384.0,3233731832 3233731832,ОБЩИНА ВАРНА % 2 - ОБЩИНСКА ПОЛ
2026-06-23,1158 Варна Чайка,В8982ВР,78970155027722507,E GAS LPG,30.7,L15,0.65,0.01,0.0,-10.74,19.96,0.66,20.26,15:13:00,196189.0,3233767434 3233767434,ОБЩИНА ВАРНА % 2 - ОБЩИНСКА ПОЛ
2026-06-24,1148 Варна пристанище,В8971ВР,78970155027722473,E GAS LPG,31.86,L15,0.65,0.01,0.0,-11.15,20.71,0.66,21.03,08:38:00,0.0,3233782618 3233782618,ОБЩИНА ВАРНА % 2 - ОБЩИНСКА ПОЛ
2026-06-24,1148 Варна пристанище,В8991ВР,78970155027722515,E GAS LPG,19.92,L15,0.65,0.01,0.0,-6.97,12.95,0.66,13.15,10:35:00,154523.0,3233805885 3233805885,ОБЩИНА ВАРНА % 2 - ОБЩИНСКА ПОЛ
2026-06-24,1148 Варна пристанище,В8977ВР,78970155027722481,E GAS LPG,22.48,L15,0.65,0.01,0.0,-7.87,14.61,0.66,14.84,07:18:00,0.0,3233808756 3233808756,ОБЩИНА ВАРНА % 2 - ОБЩИНСКА ПОЛ
2026-06-24,1911 O5 Варна,В8982ВР,78970155027722507,E GAS LPG,18.58,L15,0.65,0.01,0.0,-6.5,12.08,0.66,12.26,19:08:00,196288.0,3233808884 3233808884,ОБЩИНА ВАРНА % 2 - ОБЩИНСКА ПОЛ
2026-06-25,1148 Варна пристанище,В8977ВР,78970155027722481,E GAS LPG,24.27,L15,0.65,0.01,0.0,-8.49,15.78,0.66,16.02,07:18:00,0.0,3233854796 3233854796,ОБЩИНА ВАРНА % 2 - ОБЩИНСКА ПОЛ
2026-06-25,1158 Варна Чайка,В8991ВР,78970155027722515,E GAS LPG,20.82,L15,0.65,0.01,0.0,-7.29,13.53,0.66,13.74,08:45:00,0.0,3233855250 3233855250,ОБЩИНА ВАРНА % 2 - ОБЩИНСКА ПОЛ
2026-06-26,1148 Варна пристанище,В8982ВР,78970155027722507,E GAS LPG,21.58,L15,0.65,0.01,0.0,-7.55,14.03,0.66,14.24,18:41:00,0.0,3233950927 3233950927,ОБЩИНА ВАРНА % 2 - ОБЩИНСКА ПОЛ
2026-06-26,1158 Варна Чайка,В8991ВР,78970155027722515,E GAS LPG,18.48,L15,0.65,0.01,0.0,-6.47,12.01,0.66,12.2,06:53:00,0.0,3233872590 3233872590,ОБЩИНА ВАРНА % 2 - ОБЩИНСКА ПОЛ
2026-06-27,1158 Варна Чайка,В8977ВР,78970155027722481,E GAS LPG,30.41,L15,0.65,0.01,0.0,-10.64,19.77,0.66,20.07,09:20:00,210845.0,3233945380 3233945380,ОБЩИНА ВАРНА % 2 - ОБЩИНСКА ПОЛ
2026-06-27,1158 Варна Чайка,В8971ВР,78970155027722473,E GAS LPG,22.23,L15,0.65,0.01,0.0,-7.78,14.45,0.66,14.67,08:25:00,0.0,3233945924 3233945924,ОБЩИНА ВАРНА % 2 - ОБЩИНСКА ПОЛ
2026-06-28,1158 Варна Чайка,В8982ВР,78970155027722507,E GAS LPG,23.11,L15,0.65,0.01,0.0,-8.09,15.02,0.66,15.25,14:45:00,196489.0,3234013256 3234013256,ОБЩИНА ВАРНА % 2 - ОБЩИНСКА ПОЛ
2026-06-28,1158 Варна Чайка,В8971ВР,78970155027722473,E GAS LPG,21.32,L15,0.65,0.01,0.0,-7.46,13.86,0.66,14.07,21:08:00,189359.0,3234020956 3234020956,ОБЩИНА ВАРНА % 2 - ОБЩИНСКА ПОЛ
2026-06-28,1911 O5 Варна,В8977ВР,78970155027722481,E GAS LPG,23.7,L15,0.65,0.01,0.0,-8.3,15.4,0.66,15.64,08:35:00,0.0,3233998895 3233998895,ОБЩИНА ВАРНА % 2 - ОБЩИНСКА ПОЛ
2026-06-29,1158 Варна Чайка,В8980ВР,78970155027722499,E GAS LPG,23.11,L15,0.65,0.01,0.0,-8.09,15.02,0.66,15.25,08:40:00,178788.0,3234049845 3234049845,ОБЩИНА ВАРНА % 2 - ОБЩИНСКА ПОЛ
2026-06-29,1158 Варна Чайка,В8991ВР,78970155027722515,E GAS LPG,30.73,L15,0.65,0.01,0.0,-10.76,19.97,0.66,20.28,10:29:00,0.0,3234051279 3234051279,ОБЩИНА ВАРНА % 2 - ОБЩИНСКА ПОЛ
2026-06-29,1158 Варна Чайка,В8977ВР,78970155027722481,E GAS LPG,28.27,L15,0.65,0.01,0.0,-9.89,18.38,0.66,18.66,18:16:00,0.0,3234057743 3234057743,ОБЩИНА ВАРНА % 2 - ОБЩИНСКА ПОЛ
2026-06-30,1148 Варна пристанище,В8971ВР,78970155027722473,E GAS LPG,21.56,L15,0.65,0.01,0.0,-7.55,14.01,0.66,14.23,14:33:00,189496.0,3234100173 3234100173,ОБЩИНА ВАРНА % 2 - ОБЩИНСКА ПОЛ
2026-06-30,1911 O5 Варна,В8977ВР,78970155027722481,E GAS LPG,27.73,L15,0.65,0.01,0.0,-9.71,18.02,0.66,18.3,19:15:00,211231.0,3234098478 3234098478,ОБЩИНА ВАРНА % 2 - ОБЩИНСКА ПОЛ
2026-06-04,1148 Варна пристанище,В8330НТ,78970155027721988,DIESEL EKONOMY,80.0,L15,1.66,0.03,0.0,9.68,132.8,1.69,135.2,06:26:00,117388.0,3232828418 3232828418,ОБЩИНА ВАРНА % 4 - УЧИЛИЩЕН АВТ
2026-06-10,1148 Варна пристанище,В8330НТ,78970155027721988,DIESEL EKONOMY,90.0,L15,1.61,0.03,0.0,8.64,144.9,1.64,147.6,06:12:00,117776.0,3233119196 3233119196,ОБЩИНА ВАРНА % 4 - УЧИЛИЩЕН АВТ
2026-06-15,1148 Варна пристанище,В8330НТ,78970155027721988,DIESEL EKONOMY,69.89,L15,1.57,0.03,0.0,3.91,109.73,1.6,111.82,06:32:00,118085.0,3233386669 3233386669,ОБЩИНА ВАРНА % 4 - УЧИЛИЩЕН АВТ
2026-06-26,1148 Варна пристанище,В8330НТ,78970155027721988,DIESEL EKONOMY,60.0,L15,1.48,0.03,0.0,3.96,88.8,1.51,90.6,06:21:00,118380.0,3233872589 3233872589,ОБЩИНА ВАРНА % 4 - УЧИЛИЩЕН АВТ
2026-06-03,1148 Варна пристанище,В2764ТА,78970155027722002,E GAS LPG,25.65,L15,0.73,0.01,0.0,-6.93,18.72,0.74,18.98,11:17:00,57550.0,3232810548 3232810548,ОБЩИНА ВАРНА % 5 - ПДГ
2026-06-03,1148 Варна пристанище,В2763ТА,78970155027721996,E GAS LPG,30.0,L15,0.73,0.01,0.0,-8.1,21.9,0.74,22.2,15:58:00,58900.0,3232811884 3232811884,ОБЩИНА ВАРНА % 5 - ПДГ
2026-06-03,1148 Варна пристанище,В2763ТА,78970155027721996,95 EKONOMY UNLEADED,12.0,L15,1.54,0.03,0.0,0.67,18.48,1.57,18.84,15:55:00,58900.0,3232816405 3232816405,ОБЩИНА ВАРНА % 5 - ПДГ
2026-06-08,1199 Varna Car Osvoboditel,В2764ТА,78970155027722002,95 EKONOMY UNLEADED,12.0,L15,1.53,0.03,0.0,0.79,18.36,1.56,18.72,12:12:00,57760.0,3233053795 3233053795,ОБЩИНА ВАРНА % 5 - ПДГ
2026-06-09,1146 Варна Сливница,В2764ТА,78970155027722002,E GAS LPG,28.46,L15,0.71,0.01,0.0,-8.25,20.21,0.72,20.49,15:49:00,57860.0,3233081013 3233081013,ОБЩИНА ВАРНА % 5 - ПДГ
2026-06-10,1148 Варна пристанище,В2763ТА,78970155027721996,E GAS LPG,29.83,L15,0.7,0.01,0.0,-8.95,20.88,0.71,21.18,07:32:00,59250.0,3233145018 3233145018,ОБЩИНА ВАРНА % 5 - ПДГ
2026-06-16,1199 Varna Car Osvoboditel,В2764ТА,78970155027722002,E GAS LPG,28.28,L15,0.66,0.01,0.0,-9.62,18.66,0.67,18.95,13:08:00,58150.0,3233446407 3233446407,ОБЩИНА ВАРНА % 5 - ПДГ
2026-06-17,1158 Варна Чайка,В2763ТА,78970155027721996,E GAS LPG,26.87,L15,0.66,0.01,0.0,-9.14,17.73,0.67,18.0,12:47:00,59600.0,3233483252 3233483252,ОБЩИНА ВАРНА % 5 - ПДГ
2026-06-23,1148 Варна пристанище,В2763ТА,78970155027721996,E GAS LPG,30.0,L15,0.65,0.01,0.0,-10.5,19.5,0.66,19.8,15:25:00,59960.0,3233764284 3233764284,ОБЩИНА ВАРНА % 5 - ПДГ
2026-06-24,1199 Varna Car Osvoboditel,В2764ТА,78970155027722002,E GAS LPG,29.15,L15,0.65,0.01,0.0,-10.2,18.95,0.66,19.24,12:41:00,58450.0,3233820351 3233820351,ОБЩИНА ВАРНА % 5 - ПДГ
2026-06-30,1911 O5 Варна,В2764ТА,78970155027722002,E GAS LPG,26.85,L15,0.65,0.01,0.0,-9.4,17.45,0.66,17.72,12:18:00,58720.0,3234076444 3234076444,ОБЩИНА ВАРНА % 5 - ПДГ
2026-06-04,1158 Варна Чайка,В8973ВР,78970155027722549,E GAS LPG,33.13,L15,0.73,0.01,0.0,-8.95,24.18,0.74,24.52,10:23:00,58680.0,3232855509 3232855509,ОБЩИНА ВАРНА - ДИРЕКЦИЯ СПОРТ
2026-06-11,1158 Варна Чайка,В8973ВР,78970155027722549,E GAS LPG,25.67,L15,0.68,0.01,0.0,-8.21,17.46,0.69,17.71,09:18:00,58977.0,3233193311 3233193311,ОБЩИНА ВАРНА - ДИРЕКЦИЯ СПОРТ
2026-06-19,1158 Варна Чайка,В8973ВР,78970155027722549,E GAS LPG,23.52,L15,0.65,0.01,0.0,-8.23,15.29,0.66,15.52,15:38:00,59230.0,3233587190 3233587190,ОБЩИНА ВАРНА - ДИРЕКЦИЯ СПОРТ
2026-06-05,1148 Варна пристанище,ТубаКаз1,78970155027722572,95 EKONOMY UNLEADED,11.33,L15,1.54,0.03,0.0,0.75,17.45,1.57,17.79,12:20:00,0.0,3232909953 3232909953,ОБЩИНА ВАРНА - КМЕТСТВО КАЗАШКО
2026-06-01,1156 Добрич бул. Добруджа,ТХ2626КХ,78970151027720682,95 EKONOMY UNLEADED,12.0,L15,1.53,0.04,0.0,0.55,18.36,1.57,18.84,11:32:00,74500.0,3232727386 3232727386,ОБЩИНА ДОБРИЧКА
2026-06-01,1156 Добрич бул. Добруджа,ТХ8668АН,78970151027720815,DIESEL EKONOMY,36.0,L15,1.65,0.04,0.0,2.92,59.4,1.69,60.84,21:08:00,0.0,3232727447 3232727447,ОБЩИНА ДОБРИЧКА
2026-06-02,1156 Добрич бул. Добруджа,ТХ4444КХ,78970151027720674,EKO RACING 100,36.0,L15,1.77,0.05,0.0,1.51,63.72,1.82,65.52,15:45:00,179980.0,3232775336 3232775336,ОБЩИНА ДОБРИЧКА
2026-06-03,1156 Добрич бул. Добруджа,ТХ3400РХ,78970151027720690,95 EKONOMY UNLEADED,20.03,L15,1.53,0.04,0.0,0.92,30.65,1.57,31.45,10:23:00,324535.0,3232813781 3232813781,ОБЩИНА ДОБРИЧКА
2026-06-03,1156 Добрич бул. Добруджа,ТХ7828ТМ,78970151027721011,95 EKONOMY UNLEADED,24.0,L15,1.53,0.04,0.0,1.1,36.72,1.57,37.68,11:30:00,5600.0,3232819508 3232819508,ОБЩИНА ДОБРИЧКА
2026-06-03,1156 Добрич бул. Добруджа,ТХ2626КХ,78970151027720682,95 EKONOMY UNLEADED,15.01,L15,1.53,0.04,0.0,0.69,22.97,1.57,23.57,15:47:00,74645.0,3232821710 3232821710,ОБЩИНА ДОБРИЧКА
2026-06-04,1156 Добрич бул. Добруджа,ТХ3400РХ,78970151027720690,95 EKONOMY UNLEADED,30.0,L15,1.53,0.04,0.0,1.68,45.9,1.57,47.1,09:46:00,324995.0,3232860920 3232860920,ОБЩИНА ДОБРИЧКА
2026-06-04,1156 Добрич бул. Добруджа,ТХ9465МТ,78970151027720971,DIESEL EKONOMY,42.32,L15,1.62,0.04,0.0,3.43,68.56,1.66,70.25,09:07:00,39809.0,3232863128 3232863128,ОБЩИНА ДОБРИЧКА
2026-06-04,1156 Добрич бул. Добруджа,ТХ3400РХ,78970151027720690,95 EKONOMY UNLEADED,6.0,L15,1.53,0.04,0.0,0.34,9.18,1.57,9.42,16:42:00,325075.0,3232866883 3232866883,ОБЩИНА ДОБРИЧКА
2026-06-04,1156 Добрич бул. Добруджа,ТХ4444КХ,78970151027720674,EKO RACING 100,29.0,L15,1.77,0.05,0.0,1.22,51.33,1.82,52.78,16:25:00,180314.0,3232867867 3232867867,ОБЩИНА ДОБРИЧКА
2026-06-04,1156 Добрич бул. Добруджа,ТХ2626КХ,78970151027720682,95 EKONOMY UNLEADED,16.0,L15,1.53,0.04,0.0,0.9,24.48,1.57,25.12,17:27:00,74830.0,3232870408 3232870408,ОБЩИНА ДОБРИЧКА
2026-06-05,1156 Добрич бул. Добруджа,ТХ0223АТ,78970151027720849,95 EKONOMY UNLEADED,42.66,L15,1.53,0.04,0.0,2.39,65.27,1.57,66.98,08:01:00,232970.0,3232918516 3232918516,ОБЩИНА ДОБРИЧКА
2026-06-05,1156 Добрич бул. Добруджа,ТХ3756ХК,78970151027720773,DIESEL EKONOMY,37.0,L15,1.62,0.04,0.0,3.0,59.94,1.66,61.42,08:42:00,241005.0,3232919412 3232919412,ОБЩИНА ДОБРИЧКА
2026-06-05,1156 Добрич бул. Добруджа,ТХ1759АК,78970151027720732,DIESEL EKONOMY,50.0,L15,1.62,0.04,0.0,4.05,81.0,1.66,83.0,17:09:00,0.0,3232924416 3232924416,ОБЩИНА ДОБРИЧКА
2026-06-08,1156 Добрич бул. Добруджа,ТХ4444КХ,78970151027720674,EKO RACING 100,41.0,L15,1.76,0.05,0.0,1.31,72.16,1.81,74.21,12:47:00,180826.0,3233063819 3233063819,ОБЩИНА ДОБРИЧКА
2026-06-09,1156 Добрич бул. Добруджа,ТХ3541МТ,78970151027720922,DIESEL EKONOMY,50.18,L15,1.6,0.04,0.0,4.32,80.29,1.64,82.3,13:05:00,282583.0,3233107792 3233107792,ОБЩИНА ДОБРИЧКА
2026-06-09,1156 Добрич бул. Добруджа,ТХ0222АТ,78970151027720831,DIESEL EKONOMY,33.77,L15,1.6,0.04,0.0,2.9,54.03,1.64,55.38,13:54:00,254100.0,3233108095 3233108095,ОБЩИНА ДОБРИЧКА
2026-06-09,1156 Добрич бул. Добруджа,ТХ7828ТМ,78970151027721011,95 EKONOMY UNLEADED,35.0,L15,1.52,0.04,0.0,2.66,53.2,1.56,54.6,13:54:00,6130.0,3233108479 3233108479,ОБЩИНА ДОБРИЧКА
2026-06-10,1156 Добрич бул. Добруджа,ТХ3400РХ,78970151027720690,95 EKONOMY UNLEADED,25.0,L15,1.52,0.04,0.0,1.9,38.0,1.56,39.0,08:48:00,325430.0,3233155511 3233155511,ОБЩИНА ДОБРИЧКА
2026-06-10,1156 Добрич бул. Добруджа,ТХ0224АТ,78970151027720856,DIESEL EKONOMY,31.45,L15,1.59,0.04,0.0,2.39,50.01,1.63,51.26,17:46:00,0.0,3233159127 3233159127,ОБЩИНА ДОБРИЧКА
2026-06-11,1156 Добрич бул. Добруджа,ТХ1573ТМ,78970151027720997,95 EKONOMY UNLEADED,15.0,L15,1.52,0.04,0.0,1.14,22.8,1.56,23.4,08:52:00,9550.0,3233195772 3233195772,ОБЩИНА ДОБРИЧКА
2026-06-11,1156 Добрич бул. Добруджа,ТХ0344АР,78970151027720914,DIESEL EKONOMY,45.96,L15,1.58,0.04,0.0,3.03,72.62,1.62,74.46,07:29:00,288600.0,3233203434 3233203434,ОБЩИНА ДОБРИЧКА
2026-06-11,1156 Добрич бул. Добруджа,ТХ1759АК,78970151027720732,DIESEL EKONOMY,48.0,L15,1.58,0.04,0.0,3.17,75.84,1.62,77.76,16:59:00,0.0,3233208254 3233208254,ОБЩИНА ДОБРИЧКА
2026-06-12,1156 Добрич бул. Добруджа,ТХ8900АТ,78970151027720880,DIESEL EKONOMY,48.41,L15,1.57,0.04,0.0,2.71,76.0,1.61,77.94,10:51:00,263161.0,3233260265 3233260265,ОБЩИНА ДОБРИЧКА
2026-06-12,1156 Добрич бул. Добруджа,ТХ4444КХ,78970151027720674,EKO RACING 100,40.0,L15,1.76,0.05,0.0,1.84,70.4,1.81,72.4,15:31:00,181250.0,3233264536 3233264536,ОБЩИНА ДОБРИЧКА
2026-06-13,1156 Добрич бул. Добруджа,ТХ8668АН,78970151027720815,DIESEL EKONOMY,40.0,L15,1.56,0.04,0.0,1.84,62.4,1.6,64.0,08:50:00,0.0,3233307136 3233307136,ОБЩИНА ДОБРИЧКА
2026-06-15,1156 Добрич бул. Добруджа,ТХ9465МТ,78970151027720971,DIESEL EKONOMY,45.0,L15,1.56,0.04,0.0,2.07,70.2,1.6,72.0,08:44:00,40147.0,3233385491 3233385491,ОБЩИНА ДОБРИЧКА
2026-06-15,1156 Добрич бул. Добруджа,ТХ8896АТ,78970151027721037,DIESEL EKONOMY,25.0,L15,1.56,0.04,0.0,1.15,39.0,1.6,40.0,13:37:00,234852.0,3233397455 3233397455,ОБЩИНА ДОБРИЧКА
2026-06-15,1156 Добрич бул. Добруджа,ТХ4225ХР,78970151027720872,95 EKONOMY UNLEADED,26.48,L15,1.52,0.04,0.0,2.01,40.25,1.56,41.31,13:09:00,0.0,3233401443 3233401443,ОБЩИНА ДОБРИЧКА
2026-06-16,1156 Добрич бул. Добруджа,ТХ3500РХ,78970151027720708,95 EKONOMY UNLEADED,39.0,L15,1.52,0.04,0.0,2.96,59.28,1.56,60.84,08:17:00,299160.0,3233435293 3233435293,ОБЩИНА ДОБРИЧКА
2026-06-16,1156 Добрич бул. Добруджа,ТХ3713АН,78970151027720823,DIESEL EKONOMY,64.0,L15,1.55,0.04,0.0,2.3,99.2,1.59,101.76,08:30:00,109490.0,3233439498 3233439498,ОБЩИНА ДОБРИЧКА
2026-06-16,1156 Добрич бул. Добруджа,ТХ8897АТ,78970151027720898,DIESEL EKONOMY,52.0,L15,1.55,0.04,0.0,1.87,80.6,1.59,82.68,13:58:00,0.0,3233448032 3233448032,ОБЩИНА ДОБРИЧКА
2026-06-16,1156 Добрич бул. Добруджа,ТХ0223АТ,78970151027720849,95 EKONOMY UNLEADED,43.29,L15,1.52,0.04,0.0,3.29,65.8,1.56,67.53,14:24:00,233670.0,3233448733 3233448733,ОБЩИНА ДОБРИЧКА
2026-06-17,1156 Добрич бул. Добруджа,ТХ1573ТМ,78970151027720997,95 EKONOMY UNLEADED,20.0,L15,1.51,0.04,0.0,1.72,30.2,1.55,31.0,08:56:00,9702.0,3233489285 3233489285,ОБЩИНА ДОБРИЧКА
2026-06-17,1156 Добрич бул. Добруджа,ТХ3400РХ,78970151027720690,95 EKONOMY UNLEADED,27.0,L15,1.51,0.04,0.0,2.32,40.77,1.55,41.85,08:54:00,325830.0,3233490622 3233490622,ОБЩИНА ДОБРИЧКА
2026-06-17,1156 Добрич бул. Добруджа,ТХ3756ХК,78970151027720773,DIESEL DOUBLE FILTERED,25.0,L15,1.8,0.05,0.0,2.52,45.0,1.85,46.25,12:16:00,0.0,3233491980 3233491980,ОБЩИНА ДОБРИЧКА
2026-06-17,1156 Добрич бул. Добруджа,ТХ4223ХР,78970151027720740,DIESEL EKONOMY,64.0,L15,1.55,0.04,0.0,3.26,99.2,1.59,101.76,13:46:00,285400.0,3233493771 3233493771,ОБЩИНА ДОБРИЧКА
2026-06-17,1156 Добрич бул. Добруджа,ТХ1759АК,78970151027720732,DIESEL EKONOMY,45.8,L15,1.55,0.04,0.0,2.34,70.99,1.59,72.82,17:03:00,0.0,3233497026 3233497026,ОБЩИНА ДОБРИЧКА
2026-06-18,1156 Добрич бул. Добруджа,ТХ2626КХ,78970151027720682,95 EKONOMY UNLEADED,19.0,L15,1.51,0.04,0.0,1.63,28.69,1.55,29.45,13:20:00,75030.0,3233541383 3233541383,ОБЩИНА ДОБРИЧКА
2026-06-18,1156 Добрич бул. Добруджа,ТХ3541МТ,78970151027720922,DIESEL EKONOMY,53.0,L15,1.54,0.04,0.0,2.17,81.62,1.58,83.74,13:43:00,283078.0,3233543503 3233543503,ОБЩИНА ДОБРИЧКА
2026-06-19,1156 Добрич бул. Добруджа,ТХ3400РХ,78970151027720690,95 EKONOMY UNLEADED,18.06,L15,1.5,0.04,0.0,1.37,27.09,1.54,27.81,09:20:00,326105.0,3233591381 3233591381,ОБЩИНА ДОБРИЧКА
2026-06-19,1156 Добрич бул. Добруджа,ТХ2626КХ,78970151027720682,95 EKONOMY UNLEADED,10.01,L15,1.5,0.04,0.0,0.76,15.02,1.54,15.42,13:24:00,75140.0,3233594492 3233594492,ОБЩИНА ДОБРИЧКА
2026-06-19,1156 Добрич бул. Добруджа,ТХ0222АТ,78970151027720831,DIESEL EKONOMY,37.0,L15,1.52,0.04,0.0,0.78,56.24,1.56,57.72,12:28:00,254550.0,3233595506 3233595506,ОБЩИНА ДОБРИЧКА
2026-06-19,1186 Севлиево,ТХ8668АН,78970151027720815,DIESEL EKONOMY,50.02,L15,1.52,0.04,0.0,1.05,76.03,1.56,78.03,11:40:00,0.0,3233586588 3233586588,ОБЩИНА ДОБРИЧКА
2026-06-20,1156 Добрич бул. Добруджа,ТХ1573ТМ,78970151027720997,95 EKONOMY UNLEADED,20.01,L15,1.49,0.04,0.0,1.82,29.81,1.53,30.62,13:22:00,9885.0,3233645485 3233645485,ОБЩИНА ДОБРИЧКА
2026-06-22,1156 Добрич бул. Добруджа,ТХ2626КХ,78970151027720682,95 EKONOMY UNLEADED,6.0,L15,1.47,0.04,0.0,0.49,8.82,1.51,9.06,11:12:00,75150.0,3233732601 3233732601,ОБЩИНА ДОБРИЧКА
2026-06-22,1156 Добрич бул. Добруджа,ТХ7827ТМ,78970151027721003,95 EKONOMY UNLEADED,29.01,L15,1.47,0.04,0.0,2.35,42.64,1.51,43.81,14:07:00,20370.0,3233732947 3233732947,ОБЩИНА ДОБРИЧКА
2026-06-22,1156 Добрич бул. Добруджа,ТХ4444КХ,78970151027720674,EKO RACING 100,45.0,L15,1.72,0.05,0.0,2.74,77.4,1.77,79.65,12:20:00,171800.0,3233733115 3233733115,ОБЩИНА ДОБРИЧКА
2026-06-22,1156 Добрич бул. Добруджа,ТХ1578ТМ,78970151027720989,DIESEL EKONOMY,48.0,L15,1.48,0.04,0.0,1.97,71.04,1.52,72.96,13:10:00,25906.0,3233733717 3233733717,ОБЩИНА ДОБРИЧКА
2026-06-23,1156 Добрич бул. Добруджа,ТХ0224АТ,78970151027720856,DIESEL EKONOMY,35.17,L15,1.48,0.04,0.0,1.44,52.05,1.52,53.46,08:46:00,0.0,3233759284 3233759284,ОБЩИНА ДОБРИЧКА
2026-06-23,1156 Добрич бул. Добруджа,ТХ3500РХ,78970151027720708,95 EKONOMY UNLEADED,37.0,L15,1.47,0.04,0.0,3.0,54.39,1.51,55.87,10:58:00,299580.0,3233764276 3233764276,ОБЩИНА ДОБРИЧКА
2026-06-23,1156 Добрич бул. Добруджа,ТХ9465МТ,78970151027720971,DIESEL EKONOMY,42.93,L15,1.48,0.04,0.0,1.76,63.54,1.52,65.25,08:36:00,40471.0,3233769778 3233769778,ОБЩИНА ДОБРИЧКА
2026-06-23,1156 Добрич бул. Добруджа,ТХ1759АК,78970151027720732,DIESEL EKONOMY,54.0,L15,1.48,0.04,0.0,2.21,79.92,1.52,82.08,17:06:00,0.0,3233776296 3233776296,ОБЩИНА ДОБРИЧКА
2026-06-24,1156 Добрич бул. Добруджа,ТХ8897АТ,78970151027720898,DIESEL EKONOMY,28.0,L15,1.47,0.04,0.0,1.15,41.16,1.51,42.28,12:24:00,0.0,3233821417 3233821417,ОБЩИНА ДОБРИЧКА
2026-06-25,1156 Добрич бул. Добруджа,ТХ0344АР,78970151027720914,DIESEL EKONOMY,47.09,L15,1.47,0.04,0.0,1.93,69.22,1.51,71.11,07:38:00,289430.0,3233859898 3233859898,ОБЩИНА ДОБРИЧКА
2026-06-25,1156 Добрич бул. Добруджа,ТХ0223АТ,78970151027720849,95 EKONOMY UNLEADED,38.59,L15,1.47,0.04,0.0,3.51,56.73,1.51,58.27,08:34:00,234285.0,3233865837 3233865837,ОБЩИНА ДОБРИЧКА
2026-06-25,1156 Добрич бул. Добруджа,ТХ8668АН,78970151027720815,DIESEL EKONOMY,37.81,L15,1.47,0.04,0.0,1.55,55.58,1.51,57.09,08:23:00,0.0,3233866109 3233866109,ОБЩИНА ДОБРИЧКА
2026-06-25,1156 Добрич бул. Добруджа,ТХ2626КХ,78970151027720682,95 EKONOMY UNLEADED,6.16,L15,1.47,0.04,0.0,0.56,9.06,1.51,9.3,11:26:00,75270.0,3233868060 3233868060,ОБЩИНА ДОБРИЧКА
2026-06-25,1156 Добрич бул. Добруджа,ТХ1573ТМ,78970151027720997,95 EKONOMY UNLEADED,26.0,L15,1.47,0.04,0.0,2.37,38.22,1.51,39.26,16:30:00,9990.0,3233871384 3233871384,ОБЩИНА ДОБРИЧКА
2026-06-26,1156 Добрич бул. Добруджа,ТХ3400РХ,78970151027720690,95 EKONOMY UNLEADED,23.01,L15,1.46,0.04,0.0,2.09,33.59,1.5,34.52,17:46:00,326650.0,3233959912 3233959912,ОБЩИНА ДОБРИЧКА
2026-06-29,1156 Добрич бул. Добруджа,ТХ3541МТ,78970151027720922,DIESEL EKONOMY,53.0,L15,1.47,0.04,0.0,3.76,77.91,1.51,80.03,13:00:00,283763.0,3234066270 3234066270,ОБЩИНА ДОБРИЧКА
2026-06-29,1156 Добрич бул. Добруджа,ТХ1759АК,78970151027720732,DIESEL EKONOMY,48.99,L15,1.47,0.04,0.0,3.48,72.02,1.51,73.97,16:56:00,0.0,3234067117 3234067117,ОБЩИНА ДОБРИЧКА
2026-06-29,1156 Добрич бул. Добруджа,ТХ2626КХ,78970151027720682,95 EKONOMY UNLEADED,7.0,L15,1.46,0.04,0.0,0.71,10.22,1.5,10.5,17:26:00,75360.0,3234069379 3234069379,ОБЩИНА ДОБРИЧКА
2026-06-29,1156 Добрич бул. Добруджа,ТХ0259МТ,78970151027720930,DIESEL DOUBLE FILTERED,10.0,L15,1.72,0.05,0.0,1.01,17.2,1.77,17.7,16:00:00,9894.0,3234069632 3234069632,ОБЩИНА ДОБРИЧКА
2026-06-29,1156 Добрич бул. Добруджа,ТХ0259МТ,78970151027720930,10 Л. ДOБABKA ADBLUE ДИЗEЛOBИ ДBИГATEЛИ,1.0,PC,23.79,0.0,0.0,,23.79,23.79,23.79,16:00:00,9894.0,3234069632 3234069632,ОБЩИНА ДОБРИЧКА
2026-06-30,1156 Добрич бул. Добруджа,ТХ9465МТ,78970151027720971,DIESEL EKONOMY,41.8,L15,1.47,0.04,0.0,2.97,61.45,1.51,63.12,13:08:00,40770.0,3234099335 3234099335,ОБЩИНА ДОБРИЧКА
2026-06-30,1156 Добрич бул. Добруджа,ТХ8900АТ,78970151027720880,DIESEL EKONOMY,47.87,L15,1.47,0.04,0.0,3.4,70.37,1.51,72.28,10:37:00,263857.0,3234099699 3234099699,ОБЩИНА ДОБРИЧКА
2026-06-30,1156 Добрич бул. Добруджа,ТХ7827ТМ,78970151027721003,95 EKONOMY UNLEADED,17.91,L15,1.46,0.04,0.0,1.81,26.15,1.5,26.86,16:05:00,20615.0,3234101385 3234101385,ОБЩИНА ДОБРИЧКА
2026-06-30,1156 Добрич бул. Добруджа,ТХ2626КХ,78970151027720682,95 EKONOMY UNLEADED,8.0,L15,1.46,0.04,0.0,0.81,11.68,1.5,12.0,12:28:00,75435.0,3234103598 3234103598,ОБЩИНА ДОБРИЧКА
2026-06-30,1156 Добрич бул. Добруджа,ТХ3713АН,78970151027720823,DIESEL EKONOMY,66.0,L15,1.47,0.04,0.0,4.69,97.02,1.51,99.66,08:40:00,110245.0,3234108294 3234108294,ОБЩИНА ДОБРИЧКА
2026-06-30,1156 Добрич бул. Добруджа,ТХ3756ХК,78970151027720773,DIESEL EKONOMY,39.01,L15,1.47,0.04,0.0,2.77,57.34,1.51,58.91,12:02:00,241979.0,3234110035 3234110035,ОБЩИНА ДОБРИЧКА
2026-06-30,1156 Добрич бул. Добруджа,ТХ1578ТМ,78970151027720989,DIESEL EKONOMY,21.0,L15,1.47,0.04,0.0,1.49,30.87,1.51,31.71,14:15:00,26242.0,3234110438 3234110438,ОБЩИНА ДОБРИЧКА
2026-06-30,1156 Добрич бул. Добруджа,ТХ8668АН,78970151027720815,DIESEL EKONOMY,32.0,L15,1.47,0.04,0.0,2.27,47.04,1.51,48.32,13:07:00,0.0,3234111281 3234111281,ОБЩИНА ДОБРИЧКА
2026-06-30,1156 Добрич бул. Добруджа,ТХ0344АР,78970151027720914,DIESEL EKONOMY,19.97,L15,1.47,0.04,0.0,1.42,29.36,1.51,30.15,12:00:00,289785.0,3234113502 3234113502,ОБЩИНА ДОБРИЧКА
2026-06-30,1156 Добрич бул. Добруджа,ТХ0222АТ,78970151027720831,DIESEL EKONOMY,37.0,L15,1.47,0.04,0.0,2.63,54.39,1.51,55.87,12:25:00,255013.0,3234114308 3234114308,ОБЩИНА ДОБРИЧКА
2026-06-30,1156 Добрич бул. Добруджа,ТХ0224АТ,78970151027720856,DIESEL EKONOMY,23.0,L15,1.47,0.04,0.0,1.63,33.81,1.51,34.73,13:19:00,0.0,3234114441 3234114441,ОБЩИНА ДОБРИЧКА
2026-06-30,1156 Добрич бул. Добруджа,ТХ7828ТМ,78970151027721011,95 EKONOMY UNLEADED,35.01,L15,1.46,0.04,0.0,3.54,51.11,1.5,52.52,13:24:00,6660.0,3234114452 3234114452,ОБЩИНА ДОБРИЧКА
2026-06-30,1156 Добрич бул. Добруджа,ТХ3713АН,78970151027720823,DIESEL EKONOMY,14.0,L15,1.47,0.04,0.0,0.99,20.58,1.51,21.14,14:53:00,110375.0,3234115273 3234115273,ОБЩИНА ДОБРИЧКА
2026-06-30,1156 Добрич бул. Добруджа,ТХ8897АТ,78970151027720898,DIESEL EKONOMY,28.0,L15,1.47,0.04,0.0,1.99,41.16,1.51,42.28,13:28:00,0.0,3234115420 3234115420,ОБЩИНА ДОБРИЧКА
2026-06-30,1156 Добрич бул. Добруджа,ТХ8896АТ,78970151027721037,DIESEL EKONOMY,30.0,L15,1.47,0.04,0.0,2.13,44.1,1.51,45.3,14:13:00,235282.0,3234115765 3234115765,ОБЩИНА ДОБРИЧКА
2026-06-30,1156 Добрич бул. Добруджа,ТХ3541МТ,78970151027720922,DIESEL EKONOMY,9.01,L15,1.47,0.04,0.0,0.64,13.24,1.51,13.61,13:40:00,283868.0,3234115816 3234115816,ОБЩИНА ДОБРИЧКА
2026-06-30,1156 Добрич бул. Добруджа,ТХ3500РХ,78970151027720708,95 EKONOMY UNLEADED,35.0,L15,1.46,0.04,0.0,3.53,51.1,1.5,52.5,14:55:00,299950.0,3234117928 3234117928,ОБЩИНА ДОБРИЧКА
2026-06-30,1156 Добрич бул. Добруджа,ТХ1932РХ,78970151027720716,95 EKONOMY UNLEADED,38.0,L15,1.46,0.04,0.0,3.84,55.48,1.5,57.0,15:39:00,71810.0,3234118334 3234118334,ОБЩИНА ДОБРИЧКА
2026-06-30,1156 Добрич бул. Добруджа,ТХ1573ТМ,78970151027720997,95 EKONOMY UNLEADED,23.0,L15,1.46,0.04,0.0,2.32,33.58,1.5,34.5,15:37:00,10120.0,3234118910 3234118910,ОБЩИНА ДОБРИЧКА
2026-06-30,1156 Добрич бул. Добруджа,ТХ1759АК,78970151027720732,DIESEL EKONOMY,13.0,L15,1.47,0.04,0.0,0.92,19.11,1.51,19.63,16:57:00,0.0,3234118995 3234118995,ОБЩИНА ДОБРИЧКА
2026-06-30,1156 Добрич бул. Добруджа,ТХ4444КХ,78970151027720674,EKO RACING 100,32.0,L15,1.71,0.05,0.0,1.95,54.72,1.76,56.32,16:51:00,182030.0,3234121513 3234121513,ОБЩИНА ДОБРИЧКА
2026-06-01,1199 Varna Car Osvoboditel,В4601ХК,78970155027720386,95 EKONOMY UNLEADED,27.0,L15,1.54,0.03,0.0,1.51,41.58,1.57,42.39,17:56:00,2781.0,3232715984 3232715984,"ОП ДЕЗИНФЕКЦИЯ, ДЕЗИНСЕКЦИЯ, ДЕ"
2026-06-01,1199 Varna Car Osvoboditel,ТубаДДД2,78970155027720444,95 EKONOMY UNLEADED,5.0,L15,1.54,0.03,0.0,0.28,7.7,1.57,7.85,17:57:00,0.0,3232728091 3232728091,"ОП ДЕЗИНФЕКЦИЯ, ДЕЗИНСЕКЦИЯ, ДЕ"
2026-06-02,1146 Варна Сливница,В8262ВР,78970155027720428,DIESEL EKONOMY,56.0,L15,1.66,0.03,0.0,5.66,92.96,1.69,94.64,14:05:00,53811.0,3232749386 3232749386,"ОП ДЕЗИНФЕКЦИЯ, ДЕЗИНСЕКЦИЯ, ДЕ"
2026-06-10,1158 Варна Чайка,В4602ХК,78970155027720394,95 EKONOMY UNLEADED,26.11,L15,1.53,0.03,0.0,2.25,39.95,1.56,40.73,09:19:00,3370.0,3233139299 3233139299,"ОП ДЕЗИНФЕКЦИЯ, ДЕЗИНСЕКЦИЯ, ДЕ"
2026-06-10,1158 Варна Чайка,ТубаДДД1,78970155027720436,95 EKONOMY UNLEADED,5.0,L15,1.53,0.03,0.0,0.43,7.65,1.56,7.8,09:21:00,0.0,3233144816 3233144816,"ОП ДЕЗИНФЕКЦИЯ, ДЕЗИНСЕКЦИЯ, ДЕ"
2026-06-10,1158 Варна Чайка,ТубаДДД5,78970155027720477,DIESEL EKONOMY,15.0,L15,1.6,0.03,0.0,1.29,24.0,1.63,24.45,09:20:00,0.0,3233145009 3233145009,"ОП ДЕЗИНФЕКЦИЯ, ДЕЗИНСЕКЦИЯ, ДЕ"
2026-06-12,1199 Varna Car Osvoboditel,В4603ХК,78970155027720402,95 EKONOMY UNLEADED,40.32,L15,1.53,0.03,0.0,3.47,61.69,1.56,62.9,16:20:00,3689.0,3233265357 3233265357,"ОП ДЕЗИНФЕКЦИЯ, ДЕЗИНСЕКЦИЯ, ДЕ"
2026-06-19,1146 Варна Сливница,ТубаДДД5,78970155027720477,DIESEL EKONOMY,12.23,L15,1.53,0.03,0.0,0.38,18.71,1.56,19.08,10:59:00,0.0,3233569167 3233569167,"ОП ДЕЗИНФЕКЦИЯ, ДЕЗИНСЕКЦИЯ, ДЕ"
2026-06-19,1146 Варна Сливница,ТубаДДД1,78970155027720436,95 EKONOMY UNLEADED,5.17,L15,1.51,0.03,0.0,0.44,7.81,1.54,7.96,10:59:00,0.0,3233569168 3233569168,"ОП ДЕЗИНФЕКЦИЯ, ДЕЗИНСЕКЦИЯ, ДЕ"
2026-06-22,1147 Варна Ситроен,ТубаДДД6,78970155027720485,DIESEL EKONOMY,19.0,L15,1.49,0.03,0.0,0.97,28.31,1.52,28.88,13:41:00,0.0,3233717171 3233717171,"ОП ДЕЗИНФЕКЦИЯ, ДЕЗИНСЕКЦИЯ, ДЕ"
2026-06-22,1147 Варна Ситроен,В8262ВР,78970155027720428,DIESEL EKONOMY,53.0,L15,1.49,0.03,0.0,2.7,78.97,1.52,80.56,13:39:00,54300.0,3233717942 3233717942,"ОП ДЕЗИНФЕКЦИЯ, ДЕЗИНСЕКЦИЯ, ДЕ"
2026-06-22,1158 Варна Чайка,В4602ХК,78970155027720394,95 EKONOMY UNLEADED,40.39,L15,1.48,0.03,0.0,3.68,59.78,1.51,60.99,11:36:00,3722.0,3233720228 3233720228,"ОП ДЕЗИНФЕКЦИЯ, ДЕЗИНСЕКЦИЯ, ДЕ"
2026-06-22,1199 Varna Car Osvoboditel,В4601ХК,78970155027720386,95 EKONOMY UNLEADED,37.0,L15,1.48,0.03,0.0,3.37,54.76,1.51,55.87,10:28:00,3098.0,3233726352 3233726352,"ОП ДЕЗИНФЕКЦИЯ, ДЕЗИНСЕКЦИЯ, ДЕ"
2026-06-24,1199 Varna Car Osvoboditel,ТубаДДД6,78970155027720485,DIESEL EKONOMY,15.0,L15,1.48,0.03,0.0,0.76,22.2,1.51,22.65,11:02:00,0.0,3233809271 3233809271,"ОП ДЕЗИНФЕКЦИЯ, ДЕЗИНСЕКЦИЯ, ДЕ"
2026-06-26,1146 Варна Сливница,ТубаДДД4,78970155027720469,DIESEL EKONOMY,20.0,L15,1.48,0.03,0.0,1.32,29.6,1.51,30.2,05:47:00,0.0,3233877529 3233877529,"ОП ДЕЗИНФЕКЦИЯ, ДЕЗИНСЕКЦИЯ, ДЕ"
2026-06-29,1146 Варна Сливница,ТубаДДД5,78970155027720477,DIESEL EKONOMY,15.0,L15,1.48,0.03,0.0,1.21,22.2,1.51,22.65,07:06:00,0.0,3234037053 3234037053,"ОП ДЕЗИНФЕКЦИЯ, ДЕЗИНСЕКЦИЯ, ДЕ"
2026-06-29,1147 Варна Ситроен,В4603ХК,78970155027720402,95 EKONOMY UNLEADED,36.9,L15,1.47,0.03,0.0,4.1,54.24,1.5,55.35,06:05:00,4021.0,3234029542 3234029542,"ОП ДЕЗИНФЕКЦИЯ, ДЕЗИНСЕКЦИЯ, ДЕ"
2026-06-29,1147 Варна Ситроен,ТубаДДД3,78970155027720451,95 EKONOMY UNLEADED,5.0,L15,1.47,0.03,0.0,0.55,7.35,1.5,7.5,06:04:00,0.0,3234045264 3234045264,"ОП ДЕЗИНФЕКЦИЯ, ДЕЗИНСЕКЦИЯ, ДЕ"
2026-06-29,1147 Варна Ситроен,ТубаДДД6,78970155027720485,DIESEL EKONOMY,15.0,L15,1.48,0.03,0.0,1.21,22.2,1.51,22.65,06:04:00,0.0,3234046101 3234046101,"ОП ДЕЗИНФЕКЦИЯ, ДЕЗИНСЕКЦИЯ, ДЕ"
2026-06-30,1147 Варна Ситроен,В4601ХК,78970155027720386,95 EKONOMY UNLEADED,21.0,L15,1.47,0.03,0.0,2.33,30.87,1.5,31.5,17:35:00,3380.0,3234109358 3234109358,"ОП ДЕЗИНФЕКЦИЯ, ДЕЗИНСЕКЦИЯ, ДЕ"
2026-06-30,1158 Варна Чайка,В4602ХК,78970155027720394,95 EKONOMY UNLEADED,36.21,L15,1.47,0.03,0.0,4.02,53.23,1.5,54.32,11:06:00,3996.0,3234101045 3234101045,"ОП ДЕЗИНФЕКЦИЯ, ДЕЗИНСЕКЦИЯ, ДЕ"
2026-06-30,1158 Варна Чайка,В2658НА,78970155027720410,95 EKONOMY UNLEADED,8.0,L15,1.47,0.03,0.0,0.89,11.76,1.5,12.0,14:04:00,242919.0,3234108455 3234108455,"ОП ДЕЗИНФЕКЦИЯ, ДЕЗИНСЕКЦИЯ, ДЕ"
2026-06-30,1199 Varna Car Osvoboditel,В8262ВР,78970155027720428,DIESEL EKONOMY,25.01,L15,1.48,0.03,0.0,2.03,37.01,1.51,37.77,09:02:00,54500.0,3234104146 3234104146,"ОП ДЕЗИНФЕКЦИЯ, ДЕЗИНСЕКЦИЯ, ДЕ"
2026-06-30,1199 Varna Car Osvoboditel,В4603ХК,78970155027720402,95 EKONOMY UNLEADED,11.84,L15,1.47,0.03,0.0,1.31,17.4,1.5,17.76,12:52:00,4160.0,3234114612 3234114612,"ОП ДЕЗИНФЕКЦИЯ, ДЕЗИНСЕКЦИЯ, ДЕ"
2026-06-04,1158 Варна Чайка,В1160ХМ,78970155027722754,E GAS LPG,42.95,L15,0.73,0.01,0.0,-11.6,31.35,0.74,31.78,13:15:00,380.0,3232851564 3232851564,ОП ЗООПАРК-СЦ ВАРНА
2026-06-04,1158 Варна Чайка,В1160ХМ,78970155027722754,95 EKONOMY UNLEADED,10.0,L15,1.54,0.03,0.0,0.66,15.4,1.57,15.7,13:18:00,380.0,3232857918 3232857918,ОП ЗООПАРК-СЦ ВАРНА
2026-06-12,1158 Варна Чайка,В1160ХМ,78970155027722754,E GAS LPG,16.4,L15,0.67,0.01,0.0,-5.41,10.99,0.68,11.15,11:40:00,484.0,3233252232 3233252232,ОП ЗООПАРК-СЦ ВАРНА
2026-06-17,1199 Varna Car Osvoboditel,ТубаЗОО,78970155027722788,95 EKONOMY UNLEADED,9.05,L15,1.52,0.03,0.0,0.87,13.76,1.55,14.03,12:07:00,0.0,3233492066 3233492066,ОП ЗООПАРК-СЦ ВАРНА
2026-06-26,1199 Varna Car Osvoboditel,B4126CH,78970155027720584,DIESEL DOUBLE FILTERED,69.49,L15,1.74,0.03,0.0,8.41,120.91,1.77,123.0,09:02:00,141775.0,3233950918 3233950918,ОП ЗООПАРК-СЦ ВАРНА
2026-06-08,1148 Варна пристанище,В7225ВР,78970155027720246,E GAS LPG,20.0,L15,0.71,0.01,0.0,-5.8,14.2,0.72,14.4,10:11:00,42470.0,3233052016 3233052016,ОП ИНВЕСТИЦИОННА ПОЛИТИКА
2026-06-09,1146 Варна Сливница,В6513КС,78970155027720238,95 EKONOMY UNLEADED,20.0,L15,1.53,0.03,0.0,1.72,30.6,1.56,31.2,12:22:00,0.0,3233080250 3233080250,ОП ИНВЕСТИЦИОННА ПОЛИТИКА
2026-06-10,1158 Варна Чайка,В7225ВР,78970155027720246,95 EKONOMY UNLEADED,10.0,L15,1.53,0.03,0.0,0.86,15.3,1.56,15.6,12:06:00,42540.0,3233129477 3233129477,ОП ИНВЕСТИЦИОННА ПОЛИТИКА
2026-06-16,1148 Варна пристанище,В7225ВР,78970155027720246,E GAS LPG,30.39,L15,0.66,0.01,0.0,-10.33,20.06,0.67,20.36,14:35:00,42700.0,3233441809 3233441809,ОП ИНВЕСТИЦИОННА ПОЛИТИКА
2026-06-01,1199 Varna Car Osvoboditel,В1749ВТ,78970155027720329,DIESEL EKONOMY,63.74,L15,1.66,0.03,0.0,5.8,105.81,1.69,107.72,14:26:00,189764.0,3232716269 3232716269,ОП КОМПЛЕКС ЗА ДЕТСКО ХРАНЕНЕ
2026-06-01,1199 Varna Car Osvoboditel,B8393XK,78970155027720261,DIESEL EKONOMY,70.0,L15,1.66,0.03,0.0,6.37,116.2,1.69,118.3,11:00:00,3758.0,3232719185 3232719185,ОП КОМПЛЕКС ЗА ДЕТСКО ХРАНЕНЕ
2026-06-03,1146 Варна Сливница,В1745ВТ,78970155027720337,DIESEL EKONOMY,33.16,L15,1.66,0.03,0.0,3.35,55.05,1.69,56.04,08:07:00,193150.0,3232789372 3232789372,ОП КОМПЛЕКС ЗА ДЕТСКО ХРАНЕНЕ
2026-06-03,1199 Varna Car Osvoboditel,B8393XK,78970155027720261,DIESEL EKONOMY,22.28,L15,1.66,0.03,0.0,2.25,36.98,1.69,37.65,15:09:00,3966.0,3232806777 3232806777,ОП КОМПЛЕКС ЗА ДЕТСКО ХРАНЕНЕ
2026-06-03,1199 Varna Car Osvoboditel,В8011КН,78970155027720303,DIESEL EKONOMY,36.0,L15,1.66,0.03,0.0,3.64,59.76,1.69,60.84,15:06:00,277198.0,3232813770 3232813770,ОП КОМПЛЕКС ЗА ДЕТСКО ХРАНЕНЕ
2026-06-03,1199 Varna Car Osvoboditel,В9799НН,78970155027720345,95 EKONOMY UNLEADED,38.0,L15,1.54,0.03,0.0,2.13,58.52,1.57,59.66,15:10:00,1004.1,3232813782 3232813782,ОП КОМПЛЕКС ЗА ДЕТСКО ХРАНЕНЕ
2026-06-03,1199 Varna Car Osvoboditel,В6277РМ,78970155027720311,DIESEL EKONOMY,28.0,L15,1.66,0.03,0.0,2.83,46.48,1.69,47.32,14:55:00,289694.0,3232814879 3232814879,ОП КОМПЛЕКС ЗА ДЕТСКО ХРАНЕНЕ
2026-06-03,1199 Varna Car Osvoboditel,В2516ТМ,78970155027720287,DIESEL EKONOMY,58.0,L15,1.66,0.03,0.0,5.86,96.28,1.69,98.02,14:58:00,103297.0,3232816086 3232816086,ОП КОМПЛЕКС ЗА ДЕТСКО ХРАНЕНЕ
2026-06-03,1199 Varna Car Osvoboditel,В1745ВТ,78970155027720337,DIESEL EKONOMY,10.12,L15,1.66,0.03,0.0,1.02,16.8,1.69,17.1,14:57:00,193245.0,3232816925 3232816925,ОП КОМПЛЕКС ЗА ДЕТСКО ХРАНЕНЕ
2026-06-03,1199 Varna Car Osvoboditel,В2515ТМ,78970155027720279,DIESEL EKONOMY,32.02,L15,1.66,0.03,0.0,3.23,53.15,1.69,54.11,15:04:00,97768.0,3232817344 3232817344,ОП КОМПЛЕКС ЗА ДЕТСКО ХРАНЕНЕ
2026-06-03,1199 Varna Car Osvoboditel,В1749ВТ,78970155027720329,DIESEL EKONOMY,17.0,L15,1.66,0.03,0.0,1.72,28.22,1.69,28.73,15:13:00,189957.0,3232817741 3232817741,ОП КОМПЛЕКС ЗА ДЕТСКО ХРАНЕНЕ
2026-06-08,1199 Varna Car Osvoboditel,В1384РМ,78970155027720295,DIESEL EKONOMY,35.84,L15,1.61,0.03,0.0,2.9,57.7,1.64,58.78,15:28:00,298194.0,3233055396 3233055396,ОП КОМПЛЕКС ЗА ДЕТСКО ХРАНЕНЕ
2026-06-10,1199 Varna Car Osvoboditel,В2516ТМ,78970155027720287,DIESEL EKONOMY,53.02,L15,1.6,0.03,0.0,4.56,84.83,1.63,86.42,14:07:00,103848.0,3233152765 3233152765,ОП КОМПЛЕКС ЗА ДЕТСКО ХРАНЕНЕ
2026-06-11,1158 Варна Чайка,В1749ВТ,78970155027720329,DIESEL EKONOMY,50.0,L15,1.59,0.03,0.0,3.8,79.5,1.62,81.0,12:53:00,190545.0,3233196814 3233196814,ОП КОМПЛЕКС ЗА ДЕТСКО ХРАНЕНЕ
2026-06-11,1199 Varna Car Osvoboditel,В1745ВТ,78970155027720337,DIESEL EKONOMY,40.0,L15,1.59,0.03,0.0,3.04,63.6,1.62,64.8,13:35:00,193820.0,3233207825 3233207825,ОП КОМПЛЕКС ЗА ДЕТСКО ХРАНЕНЕ
2026-06-12,1199 Varna Car Osvoboditel,В2515ТМ,78970155027720279,DIESEL EKONOMY,18.64,L15,1.58,0.03,0.0,1.23,29.45,1.61,30.01,13:26:00,98505.0,3233225492 3233225492,ОП КОМПЛЕКС ЗА ДЕТСКО ХРАНЕНЕ
2026-06-12,1199 Varna Car Osvoboditel,B8393XK,78970155027720261,DIESEL EKONOMY,68.02,L15,1.58,0.03,0.0,4.49,107.47,1.61,109.51,11:04:00,4502.0,3233261415 3233261415,ОП КОМПЛЕКС ЗА ДЕТСКО ХРАНЕНЕ
2026-06-12,1199 Varna Car Osvoboditel,В2515ТМ,78970155027720279,DIESEL EKONOMY,12.21,L15,1.58,0.03,0.0,0.81,19.29,1.61,19.66,13:27:00,98505.0,3233262267 3233262267,ОП КОМПЛЕКС ЗА ДЕТСКО ХРАНЕНЕ
2026-06-13,1158 Варна Чайка,В9799НН,78970155027720345,95 EKONOMY UNLEADED,51.78,L15,1.53,0.03,0.0,4.45,79.22,1.56,80.78,12:53:00,54006.0,3233262469 3233262469,ОП КОМПЛЕКС ЗА ДЕТСКО ХРАНЕНЕ
2026-06-15,1199 Varna Car Osvoboditel,В1384РМ,78970155027720295,DIESEL EKONOMY,38.9,L15,1.57,0.03,0.0,2.18,61.07,1.6,62.24,11:08:00,298634.0,3233397744 3233397744,ОП КОМПЛЕКС ЗА ДЕТСКО ХРАНЕНЕ
2026-06-16,1199 Varna Car Osvoboditel,В1745ВТ,78970155027720337,DIESEL EKONOMY,30.01,L15,1.56,0.03,0.0,1.38,46.82,1.59,47.72,14:03:00,1941700.0,3233445480 3233445480,ОП КОМПЛЕКС ЗА ДЕТСКО ХРАНЕНЕ
2026-06-18,1199 Varna Car Osvoboditel,В6277РМ,78970155027720311,DIESEL EKONOMY,67.83,L15,1.55,0.03,0.0,3.46,105.14,1.58,107.17,15:43:00,290387.0,3233539269 3233539269,ОП КОМПЛЕКС ЗА ДЕТСКО ХРАНЕНЕ
2026-06-19,1158 Варна Чайка,В1749ВТ,78970155027720329,DIESEL EKONOMY,50.0,L15,1.53,0.03,0.0,1.55,76.5,1.56,78.0,12:58:00,191100.0,3233581427 3233581427,ОП КОМПЛЕКС ЗА ДЕТСКО ХРАНЕНЕ
2026-06-19,1199 Varna Car Osvoboditel,В2515ТМ,78970155027720279,DIESEL EKONOMY,40.0,L15,1.53,0.03,0.0,1.24,61.2,1.56,62.4,07:49:00,98885.0,3233541949 3233541949,ОП КОМПЛЕКС ЗА ДЕТСКО ХРАНЕНЕ
2026-06-22,1199 Varna Car Osvoboditel,В1745ВТ,78970155027720337,DIESEL EKONOMY,40.1,L15,1.49,0.03,0.0,2.05,59.75,1.52,60.95,08:38:00,194490.0,3233715044 3233715044,ОП КОМПЛЕКС ЗА ДЕТСКО ХРАНЕНЕ
2026-06-22,1199 Varna Car Osvoboditel,В2516ТМ,78970155027720287,DIESEL EKONOMY,50.0,L15,1.49,0.03,0.0,2.55,74.5,1.52,76.0,15:09:00,104720.0,3233733700 3233733700,ОП КОМПЛЕКС ЗА ДЕТСКО ХРАНЕНЕ
2026-06-23,1146 Варна Сливница,B8393XK,78970155027720261,DIESEL EKONOMY,67.66,L15,1.49,0.03,0.0,3.45,100.81,1.52,102.84,13:24:00,5065.0,3233748099 3233748099,ОП КОМПЛЕКС ЗА ДЕТСКО ХРАНЕНЕ
2026-06-24,1146 Варна Сливница,В8011КН,78970155027720303,DIESEL EKONOMY,34.0,L15,1.48,0.03,0.0,1.73,50.32,1.51,51.34,07:23:00,277537.0,3233795659 3233795659,ОП КОМПЛЕКС ЗА ДЕТСКО ХРАНЕНЕ
2026-06-24,1146 Варна Сливница,В8011КН,78970155027720303,DIESEL EKONOMY,7.0,L15,1.48,0.03,0.0,0.36,10.36,1.51,10.57,14:16:00,277629.0,3233796175 3233796175,ОП КОМПЛЕКС ЗА ДЕТСКО ХРАНЕНЕ
2026-06-24,1199 Varna Car Osvoboditel,В6277РМ,78970155027720311,DIESEL EKONOMY,32.26,L15,1.48,0.03,0.0,1.65,47.74,1.51,48.71,07:20:00,290712.0,3233815038 3233815038,ОП КОМПЛЕКС ЗА ДЕТСКО ХРАНЕНЕ
2026-06-24,1199 Varna Car Osvoboditel,В6277РМ,78970155027720311,DIESEL EKONOMY,9.27,L15,1.48,0.03,0.0,0.47,13.72,1.51,14.0,14:31:00,290798.0,3233823303 3233823303,ОП КОМПЛЕКС ЗА ДЕТСКО ХРАНЕНЕ
2026-06-25,1158 Варна Чайка,В1384РМ,78970155027720295,DIESEL EKONOMY,40.0,L15,1.48,0.03,0.0,2.04,59.2,1.51,60.4,13:01:00,299200.0,3233860801 3233860801,ОП КОМПЛЕКС ЗА ДЕТСКО ХРАНЕНЕ
2026-06-25,1199 Varna Car Osvoboditel,В2515ТМ,78970155027720279,DIESEL EKONOMY,30.0,L15,1.48,0.03,0.0,1.53,44.4,1.51,45.3,07:43:00,99340.0,3233864364 3233864364,ОП КОМПЛЕКС ЗА ДЕТСКО ХРАНЕНЕ
2026-06-26,1199 Varna Car Osvoboditel,В1745ВТ,78970155027720337,DIESEL EKONOMY,40.0,L15,1.48,0.03,0.0,2.64,59.2,1.51,60.4,13:29:00,194950.0,3233954912 3233954912,ОП КОМПЛЕКС ЗА ДЕТСКО ХРАНЕНЕ
2026-06-29,1158 Варна Чайка,В9799НН,78970155027720345,95 EKONOMY UNLEADED,10.0,L15,1.47,0.03,0.0,1.11,14.7,1.5,15.0,18:22:00,54561.0,3234061580 3234061580,ОП КОМПЛЕКС ЗА ДЕТСКО ХРАНЕНЕ
2026-06-29,1199 Varna Car Osvoboditel,В1749ВТ,78970155027720329,DIESEL EKONOMY,30.0,L15,1.48,0.03,0.0,2.43,44.4,1.51,45.3,14:02:00,191479.0,3234055383 3234055383,ОП КОМПЛЕКС ЗА ДЕТСКО ХРАНЕНЕ
2026-06-29,1199 Varna Car Osvoboditel,В2515ТМ,78970155027720279,DIESEL EKONOMY,30.0,L15,1.48,0.03,0.0,2.43,44.4,1.51,45.3,13:30:00,99618.0,3234063955 3234063955,ОП КОМПЛЕКС ЗА ДЕТСКО ХРАНЕНЕ
2026-06-29,1199 Varna Car Osvoboditel,В2516ТМ,78970155027720287,DIESEL EKONOMY,61.0,L15,1.48,0.03,0.0,4.94,90.28,1.51,92.11,14:31:00,105225.0,3234068518 3234068518,ОП КОМПЛЕКС ЗА ДЕТСКО ХРАНЕНЕ
2026-06-30,1199 Varna Car Osvoboditel,В1745ВТ,78970155027720337,DIESEL EKONOMY,45.35,L15,1.48,0.03,0.0,3.67,67.12,1.51,68.48,14:42:00,195160.0,3234110456 3234110456,ОП КОМПЛЕКС ЗА ДЕТСКО ХРАНЕНЕ
2026-06-30,1199 Varna Car Osvoboditel,В1749ВТ,78970155027720329,DIESEL EKONOMY,33.0,L15,1.48,0.03,0.0,2.67,48.84,1.51,49.83,14:47:00,191585.0,3234113098 3234113098,ОП КОМПЛЕКС ЗА ДЕТСКО ХРАНЕНЕ
2026-06-30,1199 Varna Car Osvoboditel,B8393XK,78970155027720261,DIESEL EKONOMY,67.67,L15,1.48,0.03,0.0,5.48,100.15,1.51,102.18,14:53:00,5549.0,3234113682 3234113682,ОП КОМПЛЕКС ЗА ДЕТСКО ХРАНЕНЕ
2026-06-30,1199 Varna Car Osvoboditel,В8011КН,78970155027720303,DIESEL EKONOMY,11.57,L15,1.48,0.03,0.0,0.94,17.12,1.51,17.47,14:40:00,277781.0,3234116955 3234116955,ОП КОМПЛЕКС ЗА ДЕТСКО ХРАНЕНЕ
2026-06-30,1199 Varna Car Osvoboditel,В9799НН,78970155027720345,95 EKONOMY UNLEADED,41.82,L15,1.47,0.03,0.0,4.64,61.48,1.5,62.73,14:28:00,56583.0,3234117315 3234117315,ОП КОМПЛЕКС ЗА ДЕТСКО ХРАНЕНЕ
2026-06-30,1199 Varna Car Osvoboditel,В2515ТМ,78970155027720279,DIESEL EKONOMY,44.35,L15,1.48,0.03,0.0,3.59,65.64,1.51,66.97,14:31:00,99744.0,3234117615 3234117615,ОП КОМПЛЕКС ЗА ДЕТСКО ХРАНЕНЕ
2026-06-30,1199 Varna Car Osvoboditel,В6277РМ,78970155027720311,DIESEL EKONOMY,40.29,L15,1.48,0.03,0.0,3.26,59.63,1.51,60.84,14:48:00,291208.0,3234117939 3234117939,ОП КОМПЛЕКС ЗА ДЕТСКО ХРАНЕНЕ
2026-06-30,1199 Varna Car Osvoboditel,В1384РМ,78970155027720295,DIESEL EKONOMY,11.45,L15,1.48,0.03,0.0,0.93,16.95,1.51,17.29,15:05:00,299243.0,3234118032 3234118032,ОП КОМПЛЕКС ЗА ДЕТСКО ХРАНЕНЕ
2026-06-30,1199 Varna Car Osvoboditel,В2516ТМ,78970155027720287,DIESEL EKONOMY,14.43,L15,1.48,0.03,0.0,1.17,21.36,1.51,21.79,14:44:00,10527.0,3234118200 3234118200,ОП КОМПЛЕКС ЗА ДЕТСКО ХРАНЕНЕ
2026-06-02,1148 Варна пристанище,В7493КТ,78970155027721913,DIESEL EKONOMY,109.0,L15,1.66,0.03,0.0,11.01,180.94,1.69,184.21,10:56:00,245541.0,3232723015 3232723015,ОП ОБЩИНСКИ ПАРКИНГИ И СИНЯ ЗОН
2026-06-02,1148 Варна пристанище,В4839НР,78970155027721848,95 EKONOMY UNLEADED,37.97,L15,1.54,0.03,0.0,2.13,58.47,1.57,59.61,13:09:00,62275.0,3232767720 3232767720,ОП ОБЩИНСКИ ПАРКИНГИ И СИНЯ ЗОН
2026-06-04,1148 Варна пристанище,В1708ВК,78970155027721897,E GAS LPG,29.01,L15,0.73,0.01,0.0,-7.83,21.18,0.74,21.47,09:30:00,230570.0,3232850952 3232850952,ОП ОБЩИНСКИ ПАРКИНГИ И СИНЯ ЗОН
2026-06-04,1148 Варна пристанище,В4287НТ,78970155027721921,DIESEL EKONOMY,115.72,L15,1.63,0.03,0.0,10.53,188.62,1.66,192.1,09:21:00,131332.0,3232854417 3232854417,ОП ОБЩИНСКИ ПАРКИНГИ И СИНЯ ЗОН
2026-06-04,1148 Варна пристанище,В4837НР,78970155027721830,95 EKONOMY UNLEADED,36.36,L15,1.54,0.03,0.0,2.4,55.99,1.57,57.09,09:32:00,60750.0,3232854847 3232854847,ОП ОБЩИНСКИ ПАРКИНГИ И СИНЯ ЗОН
2026-06-04,1148 Варна пристанище,В4291НТ,78970155027721947,DIESEL EKONOMY,115.0,L15,1.63,0.03,0.0,10.46,187.45,1.66,190.9,12:59:00,127770.0,3232860352 3232860352,ОП ОБЩИНСКИ ПАРКИНГИ И СИНЯ ЗОН
2026-06-05,1148 Варна пристанище,В4792НР,78970155027721863,95 EKONOMY UNLEADED,43.31,L15,1.54,0.03,0.0,2.86,66.7,1.57,68.0,11:21:00,74080.0,3232906846 3232906846,ОП ОБЩИНСКИ ПАРКИНГИ И СИНЯ ЗОН
2026-06-09,1146 Варна Сливница,В4840НР,78970155027721855,95 EKONOMY UNLEADED,35.01,L15,1.53,0.03,0.0,3.01,53.57,1.56,54.62,13:56:00,0.0,3233080286 3233080286,ОП ОБЩИНСКИ ПАРКИНГИ И СИНЯ ЗОН
2026-06-09,1148 Варна пристанище,В4287НТ,78970155027721921,DIESEL EKONOMY,118.0,L15,1.61,0.03,0.0,11.33,189.98,1.64,193.52,18:39:00,131784.0,3233095926 3233095926,ОП ОБЩИНСКИ ПАРКИНГИ И СИНЯ ЗОН
2026-06-09,1148 Варна пристанище,В4291НТ,78970155027721947,DIESEL EKONOMY,114.7,L15,1.61,0.03,0.0,11.01,184.67,1.64,188.11,18:35:00,128160.0,3233106232 3233106232,ОП ОБЩИНСКИ ПАРКИНГИ И СИНЯ ЗОН
2026-06-10,1148 Варна пристанище,В7493КТ,78970155027721913,DIESEL EKONOMY,108.0,L15,1.6,0.03,0.0,9.29,172.8,1.63,176.04,09:14:00,246057.0,3233147417 3233147417,ОП ОБЩИНСКИ ПАРКИНГИ И СИНЯ ЗОН
2026-06-12,1148 Варна пристанище,В1708ВК,78970155027721897,E GAS LPG,28.52,L15,0.67,0.01,0.0,-9.41,19.11,0.68,19.39,12:08:00,230732.0,3233253316 3233253316,ОП ОБЩИНСКИ ПАРКИНГИ И СИНЯ ЗОН
2026-06-14,1148 Варна пристанище,В4287НТ,78970155027721921,DIESEL EKONOMY,120.48,L15,1.57,0.03,0.0,6.75,189.15,1.6,192.77,12:24:00,132184.0,3233349559 3233349559,ОП ОБЩИНСКИ ПАРКИНГИ И СИНЯ ЗОН
2026-06-14,1148 Варна пристанище,В4291НТ,78970155027721947,DIESEL EKONOMY,117.62,L15,1.57,0.03,0.0,6.59,184.66,1.6,188.19,15:10:00,128552.0,3233353591 3233353591,ОП ОБЩИНСКИ ПАРКИНГИ И СИНЯ ЗОН
2026-06-15,1148 Варна пристанище,В4839НР,78970155027721848,95 EKONOMY UNLEADED,36.57,L15,1.53,0.03,0.0,3.15,55.95,1.56,57.05,12:30:00,62745.0,3233393016 3233393016,ОП ОБЩИНСКИ ПАРКИНГИ И СИНЯ ЗОН
2026-06-15,1148 Варна пристанище,В7493КТ,78970155027721913,DIESEL EKONOMY,110.98,L15,1.57,0.03,0.0,6.21,174.24,1.6,177.57,17:29:00,246554.0,3233394444 3233394444,ОП ОБЩИНСКИ ПАРКИНГИ И СИНЯ ЗОН
2026-06-15,1148 Варна пристанище,В4835НР,78970155027721822,95 EKONOMY UNLEADED,32.6,L15,1.53,0.03,0.0,2.8,49.88,1.56,50.86,16:56:00,61641.0,3233399012 3233399012,ОП ОБЩИНСКИ ПАРКИНГИ И СИНЯ ЗОН
2026-06-16,1146 Варна Сливница,В2881РХ,78970155027721871,95 EKONOMY UNLEADED,55.01,L15,1.53,0.03,0.0,4.73,84.17,1.56,85.82,13:06:00,375195.0,3233420174 3233420174,ОП ОБЩИНСКИ ПАРКИНГИ И СИНЯ ЗОН
2026-06-16,1148 Варна пристанище,В4837НР,78970155027721830,95 EKONOMY UNLEADED,36.64,L15,1.53,0.03,0.0,3.15,56.06,1.56,57.16,09:52:00,61250.0,3233435407 3233435407,ОП ОБЩИНСКИ ПАРКИНГИ И СИНЯ ЗОН
2026-06-18,1148 Варна пристанище,В4291НТ,78970155027721947,DIESEL EKONOMY,115.0,L15,1.55,0.03,0.0,5.86,178.25,1.58,181.7,12:10:00,128922.0,3233531270 3233531270,ОП ОБЩИНСКИ ПАРКИНГИ И СИНЯ ЗОН
2026-06-18,1148 Варна пристанище,В4287НТ,78970155027721921,DIESEL EKONOMY,114.16,L15,1.55,0.03,0.0,5.82,176.95,1.58,180.37,13:56:00,132553.0,3233535916 3233535916,ОП ОБЩИНСКИ ПАРКИНГИ И СИНЯ ЗОН
2026-06-22,1148 Варна пристанище,В7493КТ,78970155027721913,DIESEL EKONOMY,89.89,L15,1.49,0.03,0.0,4.58,133.94,1.52,136.63,09:18:00,246997.0,3233718186 3233718186,ОП ОБЩИНСКИ ПАРКИНГИ И СИНЯ ЗОН
2026-06-22,1148 Варна пристанище,В4291НТ,78970155027721947,DIESEL EKONOMY,106.55,L15,1.49,0.03,0.0,5.43,158.76,1.52,161.96,10:06:00,129275.0,3233719927 3233719927,ОП ОБЩИНСКИ ПАРКИНГИ И СИНЯ ЗОН
2026-06-22,1148 Варна пристанище,В1708ВК,78970155027721897,E GAS LPG,32.47,L15,0.65,0.01,0.0,-11.36,21.11,0.66,21.43,09:57:00,230921.0,3233720215 3233720215,ОП ОБЩИНСКИ ПАРКИНГИ И СИНЯ ЗОН
2026-06-23,1146 Варна Сливница,В4840НР,78970155027721855,95 EKONOMY UNLEADED,36.35,L15,1.48,0.03,0.0,3.31,53.8,1.51,54.89,08:39:00,0.0,3233748012 3233748012,ОП ОБЩИНСКИ ПАРКИНГИ И СИНЯ ЗОН
2026-06-23,1148 Варна пристанище,В4287НТ,78970155027721921,DIESEL EKONOMY,113.03,L15,1.49,0.03,0.0,5.76,168.41,1.52,171.81,09:14:00,132950.0,3233764569 3233764569,ОП ОБЩИНСКИ ПАРКИНГИ И СИНЯ ЗОН
2026-06-23,1148 Варна пристанище,В4792НР,78970155027721863,95 EKONOMY UNLEADED,43.95,L15,1.48,0.03,0.0,4.0,65.05,1.51,66.36,10:00:00,74566.0,3233767105 3233767105,ОП ОБЩИНСКИ ПАРКИНГИ И СИНЯ ЗОН
2026-06-26,1148 Варна пристанище,В1708ВК,78970155027721897,E GAS LPG,33.61,L15,0.65,0.01,0.0,-11.76,21.85,0.66,22.18,11:09:00,231080.0,3233936659 3233936659,ОП ОБЩИНСКИ ПАРКИНГИ И СИНЯ ЗОН
2026-06-26,1148 Варна пристанище,В4291НТ,78970155027721947,DIESEL EKONOMY,103.6,L15,1.48,0.03,0.0,6.84,153.33,1.51,156.44,12:37:00,129611.0,3233937870 3233937870,ОП ОБЩИНСКИ ПАРКИНГИ И СИНЯ ЗОН
2026-06-26,1148 Варна пристанище,В4287НТ,78970155027721921,DIESEL DOUBLE FILTERED,99.39,L15,1.74,0.03,0.0,12.03,172.94,1.77,175.92,17:26:00,133283.0,3233948161 3233948161,ОП ОБЩИНСКИ ПАРКИНГИ И СИНЯ ЗОН
2026-06-27,1148 Варна пристанище,В7493КТ,78970155027721913,DIESEL EKONOMY,97.47,L15,1.48,0.03,0.0,6.43,144.26,1.51,147.18,19:02:00,247458.0,3233968150 3233968150,ОП ОБЩИНСКИ ПАРКИНГИ И СИНЯ ЗОН
2026-06-29,1148 Варна пристанище,В4839НР,78970155027721848,95 EKONOMY UNLEADED,33.33,L15,1.47,0.03,0.0,3.7,49.0,1.5,50.0,17:06:00,63150.0,3234066541 3234066541,ОП ОБЩИНСКИ ПАРКИНГИ И СИНЯ ЗОН
2026-06-30,1148 Варна пристанище,В4837НР,78970155027721830,95 EKONOMY UNLEADED,36.46,L15,1.47,0.03,0.0,4.05,53.6,1.5,54.69,15:30:00,61770.0,3234029844 3234029844,ОП ОБЩИНСКИ ПАРКИНГИ И СИНЯ ЗОН
2026-06-30,1148 Варна пристанище,В4835НР,78970155027721822,95 EKONOMY UNLEADED,35.07,L15,1.47,0.03,0.0,3.89,51.55,1.5,52.6,15:37:00,62052.0,3234110194 3234110194,ОП ОБЩИНСКИ ПАРКИНГИ И СИНЯ ЗОН
2026-06-01,1146 Варна Сливница,ТубаСпорт1,78970155027720733,95 EKONOMY UNLEADED,20.0,L15,1.54,0.03,0.0,1.12,30.8,1.57,31.4,13:46:00,0.0,3232694737 3232694737,ОП СПОРТ-ВАРНА
2026-06-03,1146 Варна Сливница,ТубаСпорт1,78970155027720733,95 EKONOMY UNLEADED,20.0,L15,1.54,0.03,0.0,1.12,30.8,1.57,31.4,15:46:00,0.0,3232790895 3232790895,ОП СПОРТ-ВАРНА
2026-06-10,1146 Варна Сливница,В8983ВР,78970155027720725,E GAS LPG,27.01,L15,0.7,0.01,0.0,-8.1,18.91,0.71,19.18,16:35:00,67730.0,3233124586 3233124586,ОП СПОРТ-ВАРНА
2026-06-12,1146 Варна Сливница,В2244РМ,78970155027720709,95 EKONOMY UNLEADED,60.4,L15,1.53,0.03,0.0,5.19,92.41,1.56,94.22,13:44:00,268935.0,3233238684 3233238684,ОП СПОРТ-ВАРНА
2026-06-18,1146 Варна Сливница,ТубаСпорт1,78970155027720733,95 EKONOMY UNLEADED,40.0,L15,1.52,0.03,0.0,3.84,60.8,1.55,62.0,16:23:00,0.0,3233508800 3233508800,ОП СПОРТ-ВАРНА
2026-06-19,1146 Варна Сливница,В6330РА,78970155027720717,DIESEL EKONOMY,43.53,L15,1.53,0.03,0.0,1.35,66.6,1.56,67.91,09:44:00,171391.0,3233569305 3233569305,ОП СПОРТ-ВАРНА
2026-06-25,1146 Варна Сливница,В8983ВР,78970155027720725,E GAS LPG,26.59,L15,0.65,0.01,0.0,-9.31,17.28,0.66,17.55,11:35:00,67964.0,3233832754 3233832754,ОП СПОРТ-ВАРНА
2026-06-01,1146 Варна Сливница,В0549НТ,78970155027720972,DIESEL EKONOMY,2.58,L15,1.66,0.03,0.0,0.23,4.28,1.69,4.36,13:30:00,43194.0,3232694731 3232694731,ОП УПРАВЛЕНИЕ НА ПРОЕКТИ И ОЗЕЛ
2026-06-01,1146 Варна Сливница,В5134НА,78970155027720949,DIESEL EKONOMY,2.55,L15,1.66,0.03,0.0,0.23,4.23,1.69,4.31,14:04:00,187218.0,3232694739 3232694739,ОП УПРАВЛЕНИЕ НА ПРОЕКТИ И ОЗЕЛ
2026-06-01,1148 Варна пристанище,В3752РМ,78970155027720907,DIESEL EKONOMY,2.3,L15,1.66,0.03,0.0,0.21,3.82,1.69,3.89,13:23:00,143169.0,3232719769 3232719769,ОП УПРАВЛЕНИЕ НА ПРОЕКТИ И ОЗЕЛ
2026-06-01,1148 Варна пристанище,В3759РМ,78970155027720915,DIESEL EKONOMY,3.0,L15,1.66,0.03,0.0,0.27,4.98,1.69,5.07,12:28:00,0.0,3232719883 3232719883,ОП УПРАВЛЕНИЕ НА ПРОЕКТИ И ОЗЕЛ
2026-06-01,1148 Варна пристанище,В0548НТ,78970155027720964,DIESEL EKONOMY,5.56,L15,1.66,0.03,0.0,0.51,9.23,1.69,9.4,13:17:00,36128.0,3232722329 3232722329,ОП УПРАВЛЕНИЕ НА ПРОЕКТИ И ОЗЕЛ
2026-06-01,1148 Варна пристанище,В7481ВС,78970155027721038,DIESEL EKONOMY,23.0,L15,1.66,0.03,0.0,2.09,38.18,1.69,38.87,14:08:00,76245.0,3232722457 3232722457,ОП УПРАВЛЕНИЕ НА ПРОЕКТИ И ОЗЕЛ
2026-06-01,1148 Варна пристанище,В7473ВС,78970155027721046,DIESEL EKONOMY,11.0,L15,1.66,0.03,0.0,1.0,18.26,1.69,18.59,14:11:00,102519.0,3232723317 3232723317,ОП УПРАВЛЕНИЕ НА ПРОЕКТИ И ОЗЕЛ
2026-06-01,1148 Варна пристанище,В5136НА,78970155027720956,DIESEL EKONOMY,3.5,L15,1.66,0.03,0.0,0.32,5.81,1.69,5.92,14:16:00,197870.0,3232723807 3232723807,ОП УПРАВЛЕНИЕ НА ПРОЕКТИ И ОЗЕЛ
2026-06-01,1148 Варна пристанище,В0555НТ,78970155027721020,DIESEL EKONOMY,4.5,L15,1.66,0.03,0.0,0.41,7.47,1.69,7.6,14:48:00,57045.0,3232723865 3232723865,ОП УПРАВЛЕНИЕ НА ПРОЕКТИ И ОЗЕЛ
2026-06-01,1158 Варна Чайка,В0553НТ,78970155027721004,DIESEL EKONOMY,4.0,L15,1.66,0.03,0.0,0.36,6.64,1.69,6.76,13:00:00,73292.0,3232716635 3232716635,ОП УПРАВЛЕНИЕ НА ПРОЕКТИ И ОЗЕЛ
2026-06-01,1158 Варна Чайка,В0554НТ,78970155027721012,DIESEL EKONOMY,5.0,L15,1.66,0.03,0.0,0.45,8.3,1.69,8.45,14:11:00,93762.0,3232717071 3232717071,ОП УПРАВЛЕНИЕ НА ПРОЕКТИ И ОЗЕЛ
2026-06-01,1158 Варна Чайка,В0551НТ,78970155027720980,DIESEL EKONOMY,10.43,L15,1.66,0.03,0.0,0.95,17.31,1.69,17.63,13:45:00,65327.0,3232717960 3232717960,ОП УПРАВЛЕНИЕ НА ПРОЕКТИ И ОЗЕЛ
2026-06-01,1158 Варна Чайка,В0552НТ,78970155027720998,DIESEL EKONOMY,4.05,L15,1.66,0.03,0.0,0.37,6.72,1.69,6.84,13:59:00,82396.0,3232718148 3232718148,ОП УПРАВЛЕНИЕ НА ПРОЕКТИ И ОЗЕЛ
2026-06-02,1146 Варна Сливница,В0549НТ,78970155027720972,DIESEL EKONOMY,3.31,L15,1.66,0.03,0.0,0.33,5.49,1.69,5.59,13:20:00,43217.0,3232749371 3232749371,ОП УПРАВЛЕНИЕ НА ПРОЕКТИ И ОЗЕЛ
2026-06-02,1146 Варна Сливница,В5134НА,78970155027720949,DIESEL EKONOMY,2.44,L15,1.66,0.03,0.0,0.25,4.05,1.69,4.12,13:59:00,187240.0,3232749383 3232749383,ОП УПРАВЛЕНИЕ НА ПРОЕКТИ И ОЗЕЛ
2026-06-02,1148 Варна пристанище,В7473ВС,78970155027721046,DIESEL EKONOMY,11.0,L15,1.66,0.03,0.0,1.11,18.26,1.69,18.59,14:11:00,102532.0,3232747649 3232747649,ОП УПРАВЛЕНИЕ НА ПРОЕКТИ И ОЗЕЛ
2026-06-02,1148 Варна пристанище,В0548НТ,78970155027720964,DIESEL EKONOMY,8.19,L15,1.66,0.03,0.0,0.83,13.6,1.69,13.84,13:14:00,36179.0,3232765874 3232765874,ОП УПРАВЛЕНИЕ НА ПРОЕКТИ И ОЗЕЛ
2026-06-02,1148 Варна пристанище,В3752РМ,78970155027720907,DIESEL EKONOMY,2.02,L15,1.66,0.03,0.0,0.2,3.35,1.69,3.41,13:34:00,143180.0,3232767275 3232767275,ОП УПРАВЛЕНИЕ НА ПРОЕКТИ И ОЗЕЛ
2026-06-02,1148 Варна пристанище,В3759РМ,78970155027720915,DIESEL EKONOMY,5.0,L15,1.66,0.03,0.0,0.5,8.3,1.69,8.45,13:46:00,175188.0,3232768323 3232768323,ОП УПРАВЛЕНИЕ НА ПРОЕКТИ И ОЗЕЛ
2026-06-02,1148 Варна пристанище,В0552НТ,78970155027720998,DIESEL EKONOMY,4.89,L15,1.66,0.03,0.0,0.49,8.12,1.69,8.26,14:12:00,82432.0,3232768461 3232768461,ОП УПРАВЛЕНИЕ НА ПРОЕКТИ И ОЗЕЛ
2026-06-02,1148 Варна пристанище,В5136НА,78970155027720956,DIESEL EKONOMY,3.62,L15,1.66,0.03,0.0,0.37,6.01,1.69,6.12,14:04:00,187892.0,3232768557 3232768557,ОП УПРАВЛЕНИЕ НА ПРОЕКТИ И ОЗЕЛ
2026-06-02,1148 Варна пристанище,В0555НТ,78970155027721020,DIESEL EKONOMY,8.7,L15,1.66,0.03,0.0,0.88,14.44,1.69,14.7,14:16:00,57115.0,3232769740 3232769740,ОП УПРАВЛЕНИЕ НА ПРОЕКТИ И ОЗЕЛ
2026-06-02,1148 Варна пристанище,В7481ВС,78970155027721038,DIESEL EKONOMY,31.0,L15,1.66,0.03,0.0,3.13,51.46,1.69,52.39,14:07:00,76338.0,3232769906 3232769906,ОП УПРАВЛЕНИЕ НА ПРОЕКТИ И ОЗЕЛ
2026-06-02,1158 Варна Чайка,В0554НТ,78970155027721012,DIESEL EKONOMY,9.55,L15,1.66,0.03,0.0,0.96,15.85,1.69,16.14,13:30:00,93856.0,3232763116 3232763116,ОП УПРАВЛЕНИЕ НА ПРОЕКТИ И ОЗЕЛ
2026-06-02,1158 Варна Чайка,В0553НТ,78970155027721004,DIESEL EKONOMY,6.34,L15,1.66,0.03,0.0,0.64,10.52,1.69,10.71,14:12:00,73341.0,3232764021 3232764021,ОП УПРАВЛЕНИЕ НА ПРОЕКТИ И ОЗЕЛ
2026-06-03,1146 Варна Сливница,В5134НА,78970155027720949,DIESEL EKONOMY,3.19,L15,1.66,0.03,0.0,0.32,5.3,1.69,5.39,13:41:00,187275.0,3232791316 3232791316,ОП УПРАВЛЕНИЕ НА ПРОЕКТИ И ОЗЕЛ
2026-06-03,1146 Варна Сливница,В0549НТ,78970155027720972,DIESEL EKONOMY,3.08,L15,1.66,0.03,0.0,0.31,5.11,1.69,5.21,14:04:00,43242.0,3232791322 3232791322,ОП УПРАВЛЕНИЕ НА ПРОЕКТИ И ОЗЕЛ
2026-06-03,1146 Варна Сливница,В0554НТ,78970155027721012,DIESEL EKONOMY,8.94,L15,1.66,0.03,0.0,0.9,14.84,1.69,15.11,14:16:00,93935.0,3232791326 3232791326,ОП УПРАВЛЕНИЕ НА ПРОЕКТИ И ОЗЕЛ
2026-06-03,1146 Варна Сливница,В0553НТ,78970155027721004,DIESEL EKONOMY,3.51,L15,1.66,0.03,0.0,0.35,5.83,1.69,5.93,16:06:00,73371.0,3232791906 3232791906,ОП УПРАВЛЕНИЕ НА ПРОЕКТИ И ОЗЕЛ
2026-06-03,1148 Варна пристанище,ТУБА–6,78970155027722085,95 EKONOMY UNLEADED,40.0,L15,1.54,0.03,0.0,2.24,61.6,1.57,62.8,10:04:00,0.0,3232776187 3232776187,ОП УПРАВЛЕНИЕ НА ПРОЕКТИ И ОЗЕЛ
2026-06-03,1148 Варна пристанище,В0552НТ,78970155027720998,DIESEL EKONOMY,7.55,L15,1.66,0.03,0.0,0.76,12.53,1.69,12.76,15:26:00,82516.0,3232808995 3232808995,ОП УПРАВЛЕНИЕ НА ПРОЕКТИ И ОЗЕЛ
2026-06-03,1148 Варна пристанище,ТУБА-5БЕНЗИН,78970155027721111,95 EKONOMY UNLEADED,160.03,L15,1.54,0.03,0.0,8.96,246.45,1.57,251.25,10:11:00,0.0,3232809265 3232809265,ОП УПРАВЛЕНИЕ НА ПРОЕКТИ И ОЗЕЛ
2026-06-03,1148 Варна пристанище,В0548НТ,78970155027720964,DIESEL EKONOMY,6.38,L15,1.66,0.03,0.0,0.64,10.59,1.69,10.78,13:30:00,36220.0,3232809635 3232809635,ОП УПРАВЛЕНИЕ НА ПРОЕКТИ И ОЗЕЛ
2026-06-03,1148 Варна пристанище,В7481ВС,78970155027721038,DIESEL EKONOMY,31.02,L15,1.66,0.03,0.0,3.13,51.49,1.69,52.42,14:24:00,76419.0,3232809696 3232809696,ОП УПРАВЛЕНИЕ НА ПРОЕКТИ И ОЗЕЛ
2026-06-03,1148 Варна пристанище,В3752РМ,78970155027720907,DIESEL EKONOMY,2.04,L15,1.66,0.03,0.0,0.21,3.39,1.69,3.45,13:41:00,143192.0,3232809786 3232809786,ОП УПРАВЛЕНИЕ НА ПРОЕКТИ И ОЗЕЛ
2026-06-03,1148 Варна пристанище,В0555НТ,78970155027721020,DIESEL EKONOMY,6.26,L15,1.66,0.03,0.0,0.63,10.39,1.69,10.58,14:37:00,57159.0,3232812169 3232812169,ОП УПРАВЛЕНИЕ НА ПРОЕКТИ И ОЗЕЛ
2026-06-03,1148 Варна пристанище,В5136НА,78970155027720956,DIESEL EKONOMY,3.87,L15,1.66,0.03,0.0,0.39,6.42,1.69,6.54,13:42:00,187923.0,3232813405 3232813405,ОП УПРАВЛЕНИЕ НА ПРОЕКТИ И ОЗЕЛ
2026-06-03,1148 Варна пристанище,В7473ВС,78970155027721046,DIESEL EKONOMY,28.0,L15,1.66,0.03,0.0,2.83,46.48,1.69,47.32,13:50:00,102596.0,3232813418 3232813418,ОП УПРАВЛЕНИЕ НА ПРОЕКТИ И ОЗЕЛ
2026-06-03,1148 Варна пристанище,В3759РМ,78970155027720915,DIESEL EKONOMY,5.0,L15,1.66,0.03,0.0,0.5,8.3,1.69,8.45,13:46:00,175225.0,3232813900 3232813900,ОП УПРАВЛЕНИЕ НА ПРОЕКТИ И ОЗЕЛ
2026-06-03,1158 Варна Чайка,В0551НТ,78970155027720980,DIESEL EKONOMY,17.57,L15,1.66,0.03,0.0,1.77,29.17,1.69,29.69,12:46:00,65474.0,3232807843 3232807843,ОП УПРАВЛЕНИЕ НА ПРОЕКТИ И ОЗЕЛ
2026-06-03,1199 Varna Car Osvoboditel,В10528,78970155027721053,DIESEL EKONOMY,43.19,L15,1.66,0.03,0.0,4.36,71.7,1.69,72.99,12:31:00,2174.0,3232816905 3232816905,ОП УПРАВЛЕНИЕ НА ПРОЕКТИ И ОЗЕЛ
2026-06-04,1146 Варна Сливница,В0549НТ,78970155027720972,DIESEL EKONOMY,4.26,L15,1.63,0.03,0.0,0.39,6.94,1.66,7.07,13:32:00,43278.0,3232834927 3232834927,ОП УПРАВЛЕНИЕ НА ПРОЕКТИ И ОЗЕЛ
2026-06-04,1146 Варна Сливница,В5134НА,78970155027720949,DIESEL EKONOMY,2.28,L15,1.63,0.03,0.0,0.21,3.72,1.66,3.78,13:46:00,187296.0,3232834930 3232834930,ОП УПРАВЛЕНИЕ НА ПРОЕКТИ И ОЗЕЛ
2026-06-04,1146 Варна Сливница,В0553НТ,78970155027721004,DIESEL EKONOMY,3.5,L15,1.63,0.03,0.0,0.32,5.7,1.66,5.81,16:00:00,73405.0,3232834960 3232834960,ОП УПРАВЛЕНИЕ НА ПРОЕКТИ И ОЗЕЛ
2026-06-04,1148 Варна пристанище,В0552НТ,78970155027720998,DIESEL EKONOMY,6.37,L15,1.63,0.03,0.0,0.58,10.38,1.66,10.57,15:10:00,82559.0,3232837860 3232837860,ОП УПРАВЛЕНИЕ НА ПРОЕКТИ И ОЗЕЛ
2026-06-04,1148 Варна пристанище,В3752РМ,78970155027720907,DIESEL EKONOMY,2.64,L15,1.63,0.03,0.0,0.24,4.3,1.66,4.38,13:44:00,143206.0,3232855980 3232855980,ОП УПРАВЛЕНИЕ НА ПРОЕКТИ И ОЗЕЛ
2026-06-04,1148 Варна пристанище,В1519ХК,78970155027722127,DIESEL EKONOMY,5.22,L15,1.63,0.03,0.0,0.48,8.51,1.66,8.67,12:38:00,471.0,3232859665 3232859665,ОП УПРАВЛЕНИЕ НА ПРОЕКТИ И ОЗЕЛ
2026-06-04,1148 Варна пристанище,В3759РМ,78970155027720915,DIESEL EKONOMY,8.01,L15,1.63,0.03,0.0,0.73,13.06,1.66,13.3,13:21:00,0.0,3232859779 3232859779,ОП УПРАВЛЕНИЕ НА ПРОЕКТИ И ОЗЕЛ
2026-06-04,1148 Варна пристанище,В0548НТ,78970155027720964,DIESEL EKONOMY,5.59,L15,1.63,0.03,0.0,0.51,9.11,1.66,9.28,13:18:00,36242.0,3232860261 3232860261,ОП УПРАВЛЕНИЕ НА ПРОЕКТИ И ОЗЕЛ
2026-06-04,1148 Варна пристанище,В7473ВС,78970155027721046,DIESEL EKONOMY,13.0,L15,1.63,0.03,0.0,1.18,21.19,1.66,21.58,13:34:00,102611.0,3232862300 3232862300,ОП УПРАВЛЕНИЕ НА ПРОЕКТИ И ОЗЕЛ
2026-06-04,1148 Варна пристанище,В5136НА,78970155027720956,DIESEL EKONOMY,4.54,L15,1.63,0.03,0.0,0.41,7.4,1.66,7.54,14:04:00,177960.0,3232863017 3232863017,ОП УПРАВЛЕНИЕ НА ПРОЕКТИ И ОЗЕЛ
2026-06-04,1148 Варна пристанище,В7481ВС,78970155027721038,DIESEL EKONOMY,38.05,L15,1.63,0.03,0.0,3.46,62.02,1.66,63.16,14:19:00,76516.0,3232863218 3232863218,ОП УПРАВЛЕНИЕ НА ПРОЕКТИ И ОЗЕЛ
2026-06-04,1148 Варна пристанище,В0555НТ,78970155027721020,DIESEL EKONOMY,4.49,L15,1.63,0.03,0.0,0.41,7.32,1.66,7.45,15:26:00,57175.0,3232863668 3232863668,ОП УПРАВЛЕНИЕ НА ПРОЕКТИ И ОЗЕЛ
2026-06-04,1158 Варна Чайка,В0554НТ,78970155027721012,DIESEL EKONOMY,7.46,L15,1.63,0.03,0.0,0.68,12.16,1.66,12.38,14:09:00,93961.0,3232858945 3232858945,ОП УПРАВЛЕНИЕ НА ПРОЕКТИ И ОЗЕЛ
2026-06-05,1146 Варна Сливница,В0588ВТ,78970155027720923,95 EKONOMY UNLEADED,20.0,L15,1.54,0.03,0.0,1.32,30.8,1.57,31.4,11:25:00,178683.0,3232880689 3232880689,ОП УПРАВЛЕНИЕ НА ПРОЕКТИ И ОЗЕЛ
2026-06-05,1146 Варна Сливница,В0588ВТ,78970155027720923,E GAS LPG,29.01,L15,0.73,0.01,0.0,-7.83,21.18,0.74,21.47,11:25:00,178683.0,3232880689 3232880689,ОП УПРАВЛЕНИЕ НА ПРОЕКТИ И ОЗЕЛ
2026-06-05,1146 Варна Сливница,В5134НА,78970155027720949,DIESEL EKONOMY,2.68,L15,1.63,0.03,0.0,0.24,4.37,1.66,4.45,13:48:00,187322.0,3232882942 3232882942,ОП УПРАВЛЕНИЕ НА ПРОЕКТИ И ОЗЕЛ
2026-06-05,1146 Варна Сливница,В0553НТ,78970155027721004,DIESEL EKONOMY,3.7,L15,1.63,0.03,0.0,0.34,6.03,1.66,6.14,14:53:00,73426.0,3232882965 3232882965,ОП УПРАВЛЕНИЕ НА ПРОЕКТИ И ОЗЕЛ
2026-06-05,1148 Варна пристанище,В0548НТ,78970155027720964,DIESEL EKONOMY,5.87,L15,1.63,0.03,0.0,0.53,9.57,1.66,9.74,12:35:00,36275.0,3232905598 3232905598,ОП УПРАВЛЕНИЕ НА ПРОЕКТИ И ОЗЕЛ
2026-06-05,1148 Варна пристанище,В3752РМ,78970155027720907,DIESEL EKONOMY,2.0,L15,1.63,0.03,0.0,0.18,3.26,1.66,3.32,13:44:00,143219.0,3232907341 3232907341,ОП УПРАВЛЕНИЕ НА ПРОЕКТИ И ОЗЕЛ
2026-06-05,1148 Варна пристанище,В0555НТ,78970155027721020,DIESEL EKONOMY,4.2,L15,1.63,0.03,0.0,0.38,6.85,1.66,6.97,12:14:00,57211.0,3232907522 3232907522,ОП УПРАВЛЕНИЕ НА ПРОЕКТИ И ОЗЕЛ
2026-06-05,1148 Варна пристанище,В0552НТ,78970155027720998,DIESEL EKONOMY,5.27,L15,1.63,0.03,0.0,0.48,8.59,1.66,8.75,13:22:00,82602.0,3232908699 3232908699,ОП УПРАВЛЕНИЕ НА ПРОЕКТИ И ОЗЕЛ
2026-06-05,1148 Варна пристанище,В0549НТ,78970155027720972,DIESEL EKONOMY,8.65,L15,1.63,0.03,0.0,0.79,14.1,1.66,14.36,13:26:00,43311.0,3232913054 3232913054,ОП УПРАВЛЕНИЕ НА ПРОЕКТИ И ОЗЕЛ
2026-06-05,1148 Варна пристанище,В3759РМ,78970155027720915,DIESEL EKONOMY,5.34,L15,1.63,0.03,0.0,0.49,8.7,1.66,8.86,12:52:00,175319.0,3232913501 3232913501,ОП УПРАВЛЕНИЕ НА ПРОЕКТИ И ОЗЕЛ
2026-06-05,1148 Варна пристанище,В7481ВС,78970155027721038,DIESEL EKONOMY,11.0,L15,1.63,0.03,0.0,1.0,17.93,1.66,18.26,13:22:00,76553.0,3232913904 3232913904,ОП УПРАВЛЕНИЕ НА ПРОЕКТИ И ОЗЕЛ
2026-06-05,1148 Варна пристанище,В5136НА,78970155027720956,DIESEL EKONOMY,4.94,L15,1.63,0.03,0.0,0.45,8.05,1.66,8.2,13:23:00,188002.0,3232914504 3232914504,ОП УПРАВЛЕНИЕ НА ПРОЕКТИ И ОЗЕЛ
2026-06-05,1148 Варна пристанище,В7473ВС,78970155027721046,DIESEL EKONOMY,27.01,L15,1.63,0.03,0.0,2.46,44.03,1.66,44.84,13:33:00,102675.0,3232914905 3232914905,ОП УПРАВЛЕНИЕ НА ПРОЕКТИ И ОЗЕЛ
2026-06-05,1158 Варна Чайка,В0554НТ,78970155027721012,DIESEL EKONOMY,9.25,L15,1.63,0.03,0.0,0.84,15.08,1.66,15.35,14:14:00,94046.0,3232908664 3232908664,ОП УПРАВЛЕНИЕ НА ПРОЕКТИ И ОЗЕЛ
2026-06-05,1158 Варна Чайка,В0551НТ,78970155027720980,DIESEL EKONOMY,14.0,L15,1.63,0.03,0.0,1.27,22.82,1.66,23.24,14:43:00,65587.0,3232911465 3232911465,ОП УПРАВЛЕНИЕ НА ПРОЕКТИ И ОЗЕЛ
2026-06-06,1148 Варна пристанище,В0548НТ,78970155027720964,DIESEL EKONOMY,4.9,L15,1.61,0.03,0.0,0.4,7.89,1.64,8.04,10:34:00,36302.0,3232961533 3232961533,ОП УПРАВЛЕНИЕ НА ПРОЕКТИ И ОЗЕЛ
2026-06-08,1146 Варна Сливница,В0549НТ,78970155027720972,DIESEL EKONOMY,2.59,L15,1.61,0.03,0.0,0.21,4.17,1.64,4.25,13:33:00,43337.0,3233033085 3233033085,ОП УПРАВЛЕНИЕ НА ПРОЕКТИ И ОЗЕЛ
2026-06-08,1146 Варна Сливница,В5134НА,78970155027720949,DIESEL EKONOMY,2.73,L15,1.61,0.03,0.0,0.22,4.4,1.64,4.48,14:11:00,187340.0,3233033096 3233033096,ОП УПРАВЛЕНИЕ НА ПРОЕКТИ И ОЗЕЛ
2026-06-08,1147 Варна Ситроен,В8084СТ,78970155027720899,DIESEL EKONOMY,49.3,L15,1.61,0.03,0.0,3.99,79.37,1.64,80.85,07:04:00,337833.0,3233019053 3233019053,ОП УПРАВЛЕНИЕ НА ПРОЕКТИ И ОЗЕЛ
2026-06-08,1148 Варна пристанище,В7473ВС,78970155027721046,DIESEL EKONOMY,13.0,L15,1.61,0.03,0.0,1.05,20.93,1.64,21.32,13:41:00,102704.0,3233033173 3233033173,ОП УПРАВЛЕНИЕ НА ПРОЕКТИ И ОЗЕЛ
2026-06-08,1148 Варна пристанище,В3752РМ,78970155027720907,DIESEL EKONOMY,1.69,L15,1.61,0.03,0.0,0.14,2.72,1.64,2.77,12:56:00,143233.0,3233054431 3233054431,ОП УПРАВЛЕНИЕ НА ПРОЕКТИ И ОЗЕЛ
2026-06-08,1148 Варна пристанище,В0548НТ,78970155027720964,DIESEL EKONOMY,4.9,L15,1.61,0.03,0.0,0.4,7.89,1.64,8.04,14:25:00,36316.0,3233055599 3233055599,ОП УПРАВЛЕНИЕ НА ПРОЕКТИ И ОЗЕЛ
2026-06-08,1148 Варна пристанище,В0552НТ,78970155027720998,DIESEL EKONOMY,6.92,L15,1.61,0.03,0.0,0.56,11.14,1.64,11.35,14:10:00,82667.0,3233055949 3233055949,ОП УПРАВЛЕНИЕ НА ПРОЕКТИ И ОЗЕЛ
2026-06-08,1148 Варна пристанище,В3759РМ,78970155027720915,DIESEL EKONOMY,8.0,L15,1.61,0.03,0.0,0.65,12.88,1.64,13.12,14:01:00,175386.0,3233056629 3233056629,ОП УПРАВЛЕНИЕ НА ПРОЕКТИ И ОЗЕЛ
2026-06-08,1148 Варна пристанище,В0555НТ,78970155027721020,DIESEL EKONOMY,4.27,L15,1.61,0.03,0.0,0.35,6.87,1.64,7.0,14:54:00,57235.0,3233056777 3233056777,ОП УПРАВЛЕНИЕ НА ПРОЕКТИ И ОЗЕЛ
2026-06-08,1148 Варна пристанище,В5136НА,78970155027720956,DIESEL EKONOMY,4.22,L15,1.61,0.03,0.0,0.34,6.79,1.64,6.92,13:55:00,188028.0,3233056800 3233056800,ОП УПРАВЛЕНИЕ НА ПРОЕКТИ И ОЗЕЛ
2026-06-08,1158 Варна Чайка,В0554НТ,78970155027721012,DIESEL EKONOMY,5.62,L15,1.61,0.03,0.0,0.46,9.05,1.64,9.22,14:16:00,94102.0,3233021144 3233021144,ОП УПРАВЛЕНИЕ НА ПРОЕКТИ И ОЗЕЛ
2026-06-08,1158 Варна Чайка,В0553НТ,78970155027721004,DIESEL EKONOMY,5.5,L15,1.61,0.03,0.0,0.45,8.86,1.64,9.02,14:19:00,73485.0,3233051255 3233051255,ОП УПРАВЛЕНИЕ НА ПРОЕКТИ И ОЗЕЛ
2026-06-09,1146 Варна Сливница,В0549НТ,78970155027720972,DIESEL EKONOMY,4.42,L15,1.61,0.03,0.0,0.42,7.12,1.64,7.25,13:27:00,43370.0,3233080279 3233080279,ОП УПРАВЛЕНИЕ НА ПРОЕКТИ И ОЗЕЛ
2026-06-09,1146 Варна Сливница,В5134НА,78970155027720949,DIESEL EKONOMY,2.58,L15,1.61,0.03,0.0,0.25,4.15,1.64,4.23,13:58:00,187357.0,3233080287 3233080287,ОП УПРАВЛЕНИЕ НА ПРОЕКТИ И ОЗЕЛ
2026-06-09,1146 Варна Сливница,0023042-2,78970155027721137,95 EKONOMY UNLEADED,5.02,L15,1.53,0.03,0.0,0.43,7.68,1.56,7.83,14:02:00,0.0,3233080288 3233080288,ОП УПРАВЛЕНИЕ НА ПРОЕКТИ И ОЗЕЛ
2026-06-09,1146 Варна Сливница,В0553НТ,78970155027721004,DIESEL EKONOMY,4.5,L15,1.61,0.03,0.0,0.43,7.24,1.64,7.38,16:04:00,73450.0,3233081016 3233081016,ОП УПРАВЛЕНИЕ НА ПРОЕКТИ И ОЗЕЛ
2026-06-09,1148 Варна пристанище,В3759РМ,78970155027720915,DIESEL EKONOMY,4.0,L15,1.61,0.03,0.0,0.38,6.44,1.64,6.56,13:46:00,175407.0,3233100394 3233100394,ОП УПРАВЛЕНИЕ НА ПРОЕКТИ И ОЗЕЛ
2026-06-09,1148 Варна пристанище,В7481ВС,78970155027721038,DIESEL EKONOMY,6.6,L15,1.61,0.03,0.0,0.63,10.63,1.64,10.82,14:09:00,76565.0,3233101153 3233101153,ОП УПРАВЛЕНИЕ НА ПРОЕКТИ И ОЗЕЛ
2026-06-09,1148 Варна пристанище,В0548НТ,78970155027720964,DIESEL EKONOMY,7.79,L15,1.61,0.03,0.0,0.75,12.54,1.64,12.78,13:25:00,36362.0,3233102876 3233102876,ОП УПРАВЛЕНИЕ НА ПРОЕКТИ И ОЗЕЛ
2026-06-09,1148 Варна пристанище,В3752РМ,78970155027720907,DIESEL EKONOMY,2.18,L15,1.61,0.03,0.0,0.21,3.51,1.64,3.58,13:51:00,143244.0,3233104656 3233104656,ОП УПРАВЛЕНИЕ НА ПРОЕКТИ И ОЗЕЛ
2026-06-09,1148 Варна пристанище,В5136НА,78970155027720956,DIESEL EKONOMY,4.15,L15,1.61,0.03,0.0,0.4,6.68,1.64,6.81,13:57:00,188055.0,3233104668 3233104668,ОП УПРАВЛЕНИЕ НА ПРОЕКТИ И ОЗЕЛ
2026-06-09,1148 Варна пристанище,В7473ВС,78970155027721046,DIESEL EKONOMY,25.0,L15,1.61,0.03,0.0,2.4,40.25,1.64,41.0,13:55:00,102757.0,3233105513 3233105513,ОП УПРАВЛЕНИЕ НА ПРОЕКТИ И ОЗЕЛ
2026-06-09,1148 Варна пристанище,В0555НТ,78970155027721020,DIESEL EKONOMY,5.9,L15,1.61,0.03,0.0,0.57,9.5,1.64,9.68,14:40:00,57267.0,3233106069 3233106069,ОП УПРАВЛЕНИЕ НА ПРОЕКТИ И ОЗЕЛ
2026-06-09,1148 Варна пристанище,В0552НТ,78970155027720998,DIESEL EKONOMY,5.32,L15,1.61,0.03,0.0,0.51,8.57,1.64,8.72,14:14:00,82669.0,3233106915 3233106915,ОП УПРАВЛЕНИЕ НА ПРОЕКТИ И ОЗЕЛ
2026-06-09,1158 Варна Чайка,В0551НТ,78970155027720980,DIESEL EKONOMY,15.81,L15,1.61,0.03,0.0,1.52,25.45,1.64,25.93,14:11:00,65710.0,3233098280 3233098280,ОП УПРАВЛЕНИЕ НА ПРОЕКТИ И ОЗЕЛ
2026-06-09,1158 Варна Чайка,В0554НТ,78970155027721012,DIESEL EKONOMY,6.35,L15,1.61,0.03,0.0,0.61,10.22,1.64,10.41,14:14:00,94126.0,3233098337 3233098337,ОП УПРАВЛЕНИЕ НА ПРОЕКТИ И ОЗЕЛ
2026-06-10,1146 Варна Сливница,В5134НА,78970155027720949,DIESEL EKONOMY,3.18,L15,1.6,0.03,0.0,0.27,5.09,1.63,5.18,13:22:00,187388.0,3233124535 3233124535,ОП УПРАВЛЕНИЕ НА ПРОЕКТИ И ОЗЕЛ
2026-06-10,1146 Варна Сливница,В0549НТ,78970155027720972,DIESEL EKONOMY,5.73,L15,1.6,0.03,0.0,0.49,9.17,1.63,9.34,14:03:00,43406.0,3233124548 3233124548,ОП УПРАВЛЕНИЕ НА ПРОЕКТИ И ОЗЕЛ
2026-06-10,1148 Варна пристанище,В3752РМ,78970155027720907,DIESEL EKONOMY,1.79,L15,1.6,0.03,0.0,0.15,2.86,1.63,2.92,13:43:00,143255.0,3233152028 3233152028,ОП УПРАВЛЕНИЕ НА ПРОЕКТИ И ОЗЕЛ
2026-06-10,1148 Варна пристанище,В3759РМ,78970155027720915,DIESEL EKONOMY,4.0,L15,1.6,0.03,0.0,0.34,6.4,1.63,6.52,13:51:00,175441.0,3233152159 3233152159,ОП УПРАВЛЕНИЕ НА ПРОЕКТИ И ОЗЕЛ
2026-06-10,1148 Варна пристанище,В0548НТ,78970155027720964,DIESEL EKONOMY,4.87,L15,1.6,0.03,0.0,0.42,7.79,1.63,7.94,13:46:00,36374.0,3233152245 3233152245,ОП УПРАВЛЕНИЕ НА ПРОЕКТИ И ОЗЕЛ
2026-06-10,1148 Варна пристанище,В0555НТ,78970155027721020,DIESEL EKONOMY,4.81,L15,1.6,0.03,0.0,0.41,7.7,1.63,7.84,14:17:00,57292.0,3233153066 3233153066,ОП УПРАВЛЕНИЕ НА ПРОЕКТИ И ОЗЕЛ
2026-06-10,1148 Варна пристанище,В5136НА,78970155027720956,DIESEL EKONOMY,2.65,L15,1.6,0.03,0.0,0.23,4.24,1.63,4.32,13:36:00,188069.0,3233153110 3233153110,ОП УПРАВЛЕНИЕ НА ПРОЕКТИ И ОЗЕЛ
2026-06-10,1148 Варна пристанище,В7481ВС,78970155027721038,DIESEL EKONOMY,15.94,L15,1.6,0.03,0.0,1.37,25.5,1.63,25.98,14:14:00,76614.0,3233153253 3233153253,ОП УПРАВЛЕНИЕ НА ПРОЕКТИ И ОЗЕЛ
2026-06-10,1148 Варна пристанище,В0552НТ,78970155027720998,DIESEL EKONOMY,5.59,L15,1.6,0.03,0.0,0.48,8.94,1.63,9.11,13:50:00,82748.0,3233153504 3233153504,ОП УПРАВЛЕНИЕ НА ПРОЕКТИ И ОЗЕЛ
2026-06-10,1148 Варна пристанище,В7473ВС,78970155027721046,DIESEL EKONOMY,50.0,L15,1.6,0.03,0.0,4.3,80.0,1.63,81.5,14:35:00,102873.0,3233154215 3233154215,ОП УПРАВЛЕНИЕ НА ПРОЕКТИ И ОЗЕЛ
2026-06-10,1158 Варна Чайка,В0588ВТ,78970155027720923,E GAS LPG,28.51,L15,0.7,0.01,0.0,-8.55,19.96,0.71,20.24,09:03:00,179168.0,3233144604 3233144604,ОП УПРАВЛЕНИЕ НА ПРОЕКТИ И ОЗЕЛ
2026-06-10,1158 Варна Чайка,В0553НТ,78970155027721004,DIESEL EKONOMY,10.0,L15,1.6,0.03,0.0,0.86,16.0,1.63,16.3,14:09:00,73566.0,3233149836 3233149836,ОП УПРАВЛЕНИЕ НА ПРОЕКТИ И ОЗЕЛ
2026-06-10,1158 Варна Чайка,В0554НТ,78970155027721012,DIESEL EKONOMY,4.56,L15,1.6,0.03,0.0,0.39,7.3,1.63,7.43,14:04:00,94155.0,3233150323 3233150323,ОП УПРАВЛЕНИЕ НА ПРОЕКТИ И ОЗЕЛ
2026-06-11,1146 Варна Сливница,В5134НА,78970155027720949,DIESEL EKONOMY,3.13,L15,1.59,0.03,0.0,0.24,4.98,1.62,5.07,13:44:00,187438.0,3233179462 3233179462,ОП УПРАВЛЕНИЕ НА ПРОЕКТИ И ОЗЕЛ
2026-06-11,1148 Варна пристанище,В0555НТ,78970155027721020,DIESEL EKONOMY,8.87,L15,1.59,0.03,0.0,0.67,14.1,1.62,14.37,14:05:00,57367.0,3233195725 3233195725,ОП УПРАВЛЕНИЕ НА ПРОЕКТИ И ОЗЕЛ
2026-06-11,1148 Варна пристанище,В5136НА,78970155027720956,DIESEL EKONOMY,5.56,L15,1.59,0.03,0.0,0.42,8.84,1.62,9.01,14:00:00,188112.0,3233201998 3233201998,ОП УПРАВЛЕНИЕ НА ПРОЕКТИ И ОЗЕЛ
2026-06-11,1148 Варна пристанище,В0551НТ,78970155027720980,DIESEL EKONOMY,21.76,L15,1.59,0.03,0.0,1.65,34.6,1.62,35.25,13:43:00,65882.0,3233202549 3233202549,ОП УПРАВЛЕНИЕ НА ПРОЕКТИ И ОЗЕЛ
2026-06-11,1148 Варна пристанище,В0548НТ,78970155027720964,DIESEL EKONOMY,8.75,L15,1.59,0.03,0.0,0.67,13.91,1.62,14.18,13:29:00,36418.0,3233202709 3233202709,ОП УПРАВЛЕНИЕ НА ПРОЕКТИ И ОЗЕЛ
2026-06-11,1148 Варна пристанище,В7473ВС,78970155027721046,DIESEL EKONOMY,39.01,L15,1.59,0.03,0.0,2.96,62.03,1.62,63.2,14:21:00,102975.0,3233202768 3233202768,ОП УПРАВЛЕНИЕ НА ПРОЕКТИ И ОЗЕЛ
2026-06-11,1148 Варна пристанище,В0552НТ,78970155027720998,DIESEL EKONOMY,4.8,L15,1.59,0.03,0.0,0.36,7.63,1.62,7.78,14:08:00,82781.0,3233203080 3233203080,ОП УПРАВЛЕНИЕ НА ПРОЕКТИ И ОЗЕЛ
2026-06-11,1148 Варна пристанище,В7481ВС,78970155027721038,DIESEL EKONOMY,16.23,L15,1.59,0.03,0.0,1.23,25.81,1.62,26.29,14:09:00,76629.0,3233203085 3233203085,ОП УПРАВЛЕНИЕ НА ПРОЕКТИ И ОЗЕЛ
2026-06-11,1148 Варна пристанище,В0549НТ,78970155027720972,DIESEL EKONOMY,7.85,L15,1.59,0.03,0.0,0.6,12.48,1.62,12.72,14:06:00,43434.0,3233203450 3233203450,ОП УПРАВЛЕНИЕ НА ПРОЕКТИ И ОЗЕЛ
2026-06-11,1148 Варна пристанище,В0553НТ,78970155027721004,DIESEL EKONOMY,5.5,L15,1.59,0.03,0.0,0.42,8.75,1.62,8.91,14:21:00,73600.0,3233204043 3233204043,ОП УПРАВЛЕНИЕ НА ПРОЕКТИ И ОЗЕЛ
2026-06-11,1148 Варна пристанище,В3759РМ,78970155027720915,DIESEL EKONOMY,3.0,L15,1.59,0.03,0.0,0.23,4.77,1.62,4.86,13:55:00,175462.0,3233204102 3233204102,ОП УПРАВЛЕНИЕ НА ПРОЕКТИ И ОЗЕЛ
2026-06-11,1158 Варна Чайка,ТУБА-5БЕНЗИН,78970155027721111,95 EKONOMY UNLEADED,200.0,L15,1.53,0.03,0.0,17.2,306.0,1.56,312.0,13:11:00,0.0,3233156275 3233156275,ОП УПРАВЛЕНИЕ НА ПРОЕКТИ И ОЗЕЛ
2026-06-11,1158 Варна Чайка,В0554НТ,78970155027721012,DIESEL EKONOMY,3.67,L15,1.59,0.03,0.0,0.28,5.84,1.62,5.95,14:08:00,94177.0,3233196295 3233196295,ОП УПРАВЛЕНИЕ НА ПРОЕКТИ И ОЗЕЛ
2026-06-11,1158 Варна Чайка,ТУБА-2196026,78970155027721087,DIESEL EKONOMY,100.08,L15,1.59,0.03,0.0,7.61,159.13,1.62,162.13,13:03:00,0.0,3233197320 3233197320,ОП УПРАВЛЕНИЕ НА ПРОЕКТИ И ОЗЕЛ
2026-06-12,1146 Варна Сливница,В5134НА,78970155027720949,DIESEL EKONOMY,3.14,L15,1.58,0.03,0.0,0.21,4.96,1.61,5.06,13:25:00,187442.0,3233238672 3233238672,ОП УПРАВЛЕНИЕ НА ПРОЕКТИ И ОЗЕЛ
2026-06-12,1148 Варна пристанище,В3752РМ,78970155027720907,DIESEL EKONOMY,3.41,L15,1.58,0.03,0.0,0.23,5.39,1.61,5.49,11:05:00,143275.0,3233219774 3233219774,ОП УПРАВЛЕНИЕ НА ПРОЕКТИ И ОЗЕЛ
2026-06-12,1148 Варна пристанище,В5136НА,78970155027720956,DIESEL EKONOMY,4.85,L15,1.58,0.03,0.0,0.32,7.66,1.61,7.81,13:07:00,188141.0,3233237699 3233237699,ОП УПРАВЛЕНИЕ НА ПРОЕКТИ И ОЗЕЛ
2026-06-12,1148 Варна пристанище,В0549НТ,78970155027720972,DIESEL EKONOMY,4.37,L15,1.58,0.03,0.0,0.29,6.9,1.61,7.04,10:52:00,43461.0,3233250322 3233250322,ОП УПРАВЛЕНИЕ НА ПРОЕКТИ И ОЗЕЛ
2026-06-12,1148 Варна пристанище,В14021,78970155027722101,DIESEL EKONOMY,10.0,L15,1.58,0.03,0.0,0.66,15.8,1.61,16.1,11:25:00,0.0,3233252102 3233252102,ОП УПРАВЛЕНИЕ НА ПРОЕКТИ И ОЗЕЛ
2026-06-12,1148 Варна пристанище,В0553НТ,78970155027721004,DIESEL EKONOMY,7.0,L15,1.58,0.03,0.0,0.46,11.06,1.61,11.27,13:16:00,73635.0,3233253469 3233253469,ОП УПРАВЛЕНИЕ НА ПРОЕКТИ И ОЗЕЛ
2026-06-12,1148 Варна пристанище,В7473ВС,78970155027721046,DIESEL EKONOMY,25.0,L15,1.58,0.03,0.0,1.65,39.5,1.61,40.25,13:05:00,103050.0,3233253649 3233253649,ОП УПРАВЛЕНИЕ НА ПРОЕКТИ И ОЗЕЛ
2026-06-12,1148 Варна пристанище,В0548НТ,78970155027720964,DIESEL EKONOMY,5.22,L15,1.58,0.03,0.0,0.34,8.25,1.61,8.4,13:03:00,36440.0,3233254208 3233254208,ОП УПРАВЛЕНИЕ НА ПРОЕКТИ И ОЗЕЛ
2026-06-12,1148 Варна пристанище,В7481ВС,78970155027721038,DIESEL EKONOMY,11.41,L15,1.58,0.03,0.0,0.75,18.03,1.61,18.37,13:44:00,76644.0,3233254246 3233254246,ОП УПРАВЛЕНИЕ НА ПРОЕКТИ И ОЗЕЛ
2026-06-12,1148 Варна пристанище,В0552НТ,78970155027720998,DIESEL EKONOMY,6.4,L15,1.58,0.03,0.0,0.42,10.11,1.61,10.3,14:08:00,82839.0,3233254850 3233254850,ОП УПРАВЛЕНИЕ НА ПРОЕКТИ И ОЗЕЛ
2026-06-12,1148 Варна пристанище,В0555НТ,78970155027721020,DIESEL EKONOMY,6.1,L15,1.58,0.03,0.0,0.4,9.64,1.61,9.82,14:28:00,57402.0,3233256916 3233256916,ОП УПРАВЛЕНИЕ НА ПРОЕКТИ И ОЗЕЛ
2026-06-12,1158 Варна Чайка,В0551НТ,78970155027720980,DIESEL EKONOMY,6.44,L15,1.58,0.03,0.0,0.43,10.18,1.61,10.37,12:34:00,65921.0,3233247373 3233247373,ОП УПРАВЛЕНИЕ НА ПРОЕКТИ И ОЗЕЛ
2026-06-12,1158 Варна Чайка,В0554НТ,78970155027721012,DIESEL EKONOMY,3.66,L15,1.58,0.03,0.0,0.24,5.78,1.61,5.89,14:14:00,94206.0,3233258602 3233258602,ОП УПРАВЛЕНИЕ НА ПРОЕКТИ И ОЗЕЛ
2026-06-13,1148 Варна пристанище,В0548НТ,78970155027720964,DIESEL EKONOMY,5.2,L15,1.57,0.03,0.0,0.29,8.16,1.6,8.32,10:11:00,36464.0,3233302106 3233302106,ОП УПРАВЛЕНИЕ НА ПРОЕКТИ И ОЗЕЛ
2026-06-15,1146 Варна Сливница,В0549НТ,78970155027720972,DIESEL EKONOMY,2.97,L15,1.57,0.03,0.0,0.17,4.66,1.6,4.75,13:43:00,43486.0,3233374693 3233374693,ОП УПРАВЛЕНИЕ НА ПРОЕКТИ И ОЗЕЛ
2026-06-15,1146 Варна Сливница,В5134НА,78970155027720949,DIESEL EKONOMY,2.51,L15,1.57,0.03,0.0,0.14,3.94,1.6,4.02,13:54:00,187459.0,3233374697 3233374697,ОП УПРАВЛЕНИЕ НА ПРОЕКТИ И ОЗЕЛ
2026-06-15,1148 Варна пристанище,В5136НА,78970155027720956,DIESEL EKONOMY,4.94,L15,1.57,0.03,0.0,0.28,7.76,1.6,7.9,14:15:00,188173.0,3233388494 3233388494,ОП УПРАВЛЕНИЕ НА ПРОЕКТИ И ОЗЕЛ
2026-06-15,1148 Варна пристанище,В3759РМ,78970155027720915,DIESEL EKONOMY,4.0,L15,1.57,0.03,0.0,0.22,6.28,1.6,6.4,13:11:00,175494.0,3233392862 3233392862,ОП УПРАВЛЕНИЕ НА ПРОЕКТИ И ОЗЕЛ
2026-06-15,1148 Варна пристанище,В7481ВС,78970155027721038,DIESEL EKONOMY,13.47,L15,1.57,0.03,0.0,0.75,21.15,1.6,21.55,14:04:00,76690.0,3233395011 3233395011,ОП УПРАВЛЕНИЕ НА ПРОЕКТИ И ОЗЕЛ
2026-06-15,1148 Варна пристанище,В0552НТ,78970155027720998,DIESEL EKONOMY,4.59,L15,1.57,0.03,0.0,0.26,7.21,1.6,7.34,14:06:00,82868.0,3233395016 3233395016,ОП УПРАВЛЕНИЕ НА ПРОЕКТИ И ОЗЕЛ
2026-06-15,1148 Варна пристанище,В0548НТ,78970155027720964,DIESEL EKONOMY,5.0,L15,1.57,0.03,0.0,0.28,7.85,1.6,8.0,14:28:00,36480.0,3233395046 3233395046,ОП УПРАВЛЕНИЕ НА ПРОЕКТИ И ОЗЕЛ
2026-06-15,1148 Варна пристанище,В0555НТ,78970155027721020,DIESEL EKONOMY,7.5,L15,1.57,0.03,0.0,0.42,11.78,1.6,12.0,15:04:00,56457.0,3233395256 3233395256,ОП УПРАВЛЕНИЕ НА ПРОЕКТИ И ОЗЕЛ
2026-06-15,1158 Варна Чайка,В0588ВТ,78970155027720923,E GAS LPG,29.71,L15,0.67,0.01,0.0,-9.8,19.91,0.68,20.2,14:27:00,179539.0,3233389750 3233389750,ОП УПРАВЛЕНИЕ НА ПРОЕКТИ И ОЗЕЛ
2026-06-15,1158 Варна Чайка,В0553НТ,78970155027721004,DIESEL EKONOMY,3.38,L15,1.57,0.03,0.0,0.19,5.31,1.6,5.41,13:54:00,73463.0,3233391571 3233391571,ОП УПРАВЛЕНИЕ НА ПРОЕКТИ И ОЗЕЛ
2026-06-15,1158 Варна Чайка,В0554НТ,78970155027721012,DIESEL EKONOMY,8.63,L15,1.57,0.03,0.0,0.48,13.55,1.6,13.81,14:10:00,94206.0,3233392255 3233392255,ОП УПРАВЛЕНИЕ НА ПРОЕКТИ И ОЗЕЛ
2026-06-15,1199 Varna Car Osvoboditel,В10528,78970155027721053,DIESEL EKONOMY,45.0,L15,1.57,0.03,0.0,2.52,70.65,1.6,72.0,12:56:00,2188.0,3233399418 3233399418,ОП УПРАВЛЕНИЕ НА ПРОЕКТИ И ОЗЕЛ
2026-06-16,1146 Варна Сливница,В5134НА,78970155027720949,DIESEL EKONOMY,2.24,L15,1.56,0.03,0.0,0.1,3.49,1.59,3.56,13:44:00,187477.0,3233413845 3233413845,ОП УПРАВЛЕНИЕ НА ПРОЕКТИ И ОЗЕЛ
2026-06-16,1146 Варна Сливница,0023042-2,78970155027721137,95 EKONOMY UNLEADED,3.79,L15,1.53,0.03,0.0,0.33,5.8,1.56,5.91,13:48:00,0.0,3233413846 3233413846,ОП УПРАВЛЕНИЕ НА ПРОЕКТИ И ОЗЕЛ
2026-06-16,1148 Варна пристанище,В0551НТ,78970155027720980,DIESEL EKONOMY,10.25,L15,1.56,0.03,0.0,0.47,15.99,1.59,16.3,11:21:00,65992.0,3233434941 3233434941,ОП УПРАВЛЕНИЕ НА ПРОЕКТИ И ОЗЕЛ
2026-06-16,1148 Варна пристанище,В3572ТХ,78970155027721061,DIESEL EKONOMY,10.0,L15,1.56,0.03,0.0,0.46,15.6,1.59,15.9,10:54:00,7768.0,3233435766 3233435766,ОП УПРАВЛЕНИЕ НА ПРОЕКТИ И ОЗЕЛ
2026-06-16,1148 Варна пристанище,В0552НТ,78970155027720998,DIESEL EKONOMY,4.94,L15,1.56,0.03,0.0,0.23,7.71,1.59,7.85,14:06:00,82913.0,3233436665 3233436665,ОП УПРАВЛЕНИЕ НА ПРОЕКТИ И ОЗЕЛ
2026-06-16,1148 Варна пристанище,В3759РМ,78970155027720915,DIESEL EKONOMY,3.36,L15,1.56,0.03,0.0,0.15,5.24,1.59,5.34,12:46:00,175511.0,3233436784 3233436784,ОП УПРАВЛЕНИЕ НА ПРОЕКТИ И ОЗЕЛ
2026-06-16,1148 Варна пристанище,В0555НТ,78970155027721020,DIESEL EKONOMY,5.2,L15,1.56,0.03,0.0,0.24,8.11,1.59,8.27,14:17:00,57488.0,3233438499 3233438499,ОП УПРАВЛЕНИЕ НА ПРОЕКТИ И ОЗЕЛ
2026-06-16,1148 Варна пристанище,В0549НТ,78970155027720972,DIESEL EKONOMY,5.62,L15,1.56,0.03,0.0,0.26,8.77,1.59,8.94,13:53:00,43520.0,3233438656 3233438656,ОП УПРАВЛЕНИЕ НА ПРОЕКТИ И ОЗЕЛ
2026-06-16,1148 Варна пристанище,В0548НТ,78970155027720964,DIESEL EKONOMY,8.88,L15,1.56,0.03,0.0,0.41,13.85,1.59,14.12,13:24:00,36531.0,3233439115 3233439115,ОП УПРАВЛЕНИЕ НА ПРОЕКТИ И ОЗЕЛ
2026-06-16,1148 Варна пристанище,В7481ВС,78970155027721038,DIESEL EKONOMY,25.56,L15,1.56,0.03,0.0,1.18,39.87,1.59,40.64,14:08:00,76762.0,3233439195 3233439195,ОП УПРАВЛЕНИЕ НА ПРОЕКТИ И ОЗЕЛ
2026-06-16,1148 Варна пристанище,В5136НА,78970155027720956,DIESEL EKONOMY,3.23,L15,1.56,0.03,0.0,0.15,5.04,1.59,5.14,14:06:00,188191.0,3233439455 3233439455,ОП УПРАВЛЕНИЕ НА ПРОЕКТИ И ОЗЕЛ
2026-06-16,1148 Варна пристанище,В7473ВС,78970155027721046,DIESEL EKONOMY,10.0,L15,1.56,0.03,0.0,0.46,15.6,1.59,15.9,14:12:00,103063.0,3233440234 3233440234,ОП УПРАВЛЕНИЕ НА ПРОЕКТИ И ОЗЕЛ
2026-06-16,1148 Варна пристанище,В0553НТ,78970155027721004,DIESEL EKONOMY,3.0,L15,1.56,0.03,0.0,0.14,4.68,1.59,4.77,14:10:00,73666.0,3233440711 3233440711,ОП УПРАВЛЕНИЕ НА ПРОЕКТИ И ОЗЕЛ
2026-06-16,1158 Варна Чайка,В0554НТ,78970155027721012,DIESEL EKONOMY,4.33,L15,1.56,0.03,0.0,0.2,6.75,1.59,6.88,14:02:00,94308.0,3233437373 3233437373,ОП УПРАВЛЕНИЕ НА ПРОЕКТИ И ОЗЕЛ
2026-06-17,1146 Варна Сливница,В5134НА,78970155027720949,DIESEL EKONOMY,2.29,L15,1.56,0.03,0.0,0.14,3.57,1.59,3.64,13:45:00,187494.0,3233473801 3233473801,ОП УПРАВЛЕНИЕ НА ПРОЕКТИ И ОЗЕЛ
2026-06-17,1148 Варна пристанище,В0549НТ,78970155027720972,DIESEL EKONOMY,5.15,L15,1.56,0.03,0.0,0.31,8.03,1.59,8.19,15:01:00,43555.0,3233477338 3233477338,ОП УПРАВЛЕНИЕ НА ПРОЕКТИ И ОЗЕЛ
2026-06-17,1148 Варна пристанище,В5136НА,78970155027720956,DIESEL EKONOMY,4.12,L15,1.56,0.03,0.0,0.25,6.43,1.59,6.55,13:12:00,188225.0,3233480495 3233480495,ОП УПРАВЛЕНИЕ НА ПРОЕКТИ И ОЗЕЛ
2026-06-17,1148 Варна пристанище,В3572ТХ,78970155027721061,DIESEL EKONOMY,10.11,L15,1.56,0.03,0.0,0.62,15.77,1.59,16.07,14:56:00,7781.0,3233485870 3233485870,ОП УПРАВЛЕНИЕ НА ПРОЕКТИ И ОЗЕЛ
2026-06-17,1148 Варна пристанище,В0553НТ,78970155027721004,DIESEL EKONOMY,2.62,L15,1.56,0.03,0.0,0.16,4.09,1.59,4.17,14:13:00,73682.0,3233489567 3233489567,ОП УПРАВЛЕНИЕ НА ПРОЕКТИ И ОЗЕЛ
2026-06-17,1148 Варна пристанище,В0548НТ,78970155027720964,DIESEL EKONOMY,6.64,L15,1.56,0.03,0.0,0.41,10.36,1.59,10.56,13:20:00,36559.0,3233490109 3233490109,ОП УПРАВЛЕНИЕ НА ПРОЕКТИ И ОЗЕЛ
2026-06-17,1148 Варна пристанище,В7481ВС,78970155027721038,DIESEL EKONOMY,29.13,L15,1.56,0.03,0.0,1.78,45.44,1.59,46.32,14:20:00,76843.0,3233491126 3233491126,ОП УПРАВЛЕНИЕ НА ПРОЕКТИ И ОЗЕЛ
2026-06-17,1148 Варна пристанище,В0552НТ,78970155027720998,DIESEL EKONOMY,3.83,L15,1.56,0.03,0.0,0.23,5.97,1.59,6.09,14:09:00,82942.0,3233491300 3233491300,ОП УПРАВЛЕНИЕ НА ПРОЕКТИ И ОЗЕЛ
2026-06-17,1148 Варна пристанище,В0555НТ,78970155027721020,DIESEL EKONOMY,2.49,L15,1.56,0.03,0.0,0.15,3.88,1.59,3.96,14:16:00,57510.0,3233491706 3233491706,ОП УПРАВЛЕНИЕ НА ПРОЕКТИ И ОЗЕЛ
2026-06-17,1148 Варна пристанище,В7473ВС,78970155027721046,DIESEL EKONOMY,8.0,L15,1.56,0.03,0.0,0.49,12.48,1.59,12.72,14:24:00,103104.0,3233491908 3233491908,ОП УПРАВЛЕНИЕ НА ПРОЕКТИ И ОЗЕЛ
2026-06-17,1158 Варна Чайка,В0551НТ,78970155027720980,DIESEL EKONOMY,12.51,L15,1.56,0.03,0.0,0.76,19.52,1.59,19.89,13:52:00,66083.0,3233483852 3233483852,ОП УПРАВЛЕНИЕ НА ПРОЕКТИ И ОЗЕЛ
2026-06-17,1158 Варна Чайка,В0554НТ,78970155027721012,DIESEL EKONOMY,3.07,L15,1.56,0.03,0.0,0.19,4.79,1.59,4.88,14:03:00,94328.0,3233484189 3233484189,ОП УПРАВЛЕНИЕ НА ПРОЕКТИ И ОЗЕЛ
2026-06-18,1146 Варна Сливница,В5134НА,78970155027720949,DIESEL EKONOMY,2.39,L15,1.55,0.03,0.0,0.12,3.7,1.58,3.78,:  :00,,3233553224 3233553224,ОП УПРАВЛЕНИЕ НА ПРОЕКТИ И ОЗЕЛ
2026-06-18,1148 Варна пристанище,В0554НТ,78970155027721012,DIESEL EKONOMY,11.83,L15,1.55,0.03,0.0,0.6,18.34,1.58,18.69,13:39:00,94427.0,3233528880 3233528880,ОП УПРАВЛЕНИЕ НА ПРОЕКТИ И ОЗЕЛ
2026-06-18,1148 Варна пристанище,В5136НА,78970155027720956,DIESEL EKONOMY,5.62,L15,1.55,0.03,0.0,0.29,8.71,1.58,8.88,13:46:00,188261.0,3233533975 3233533975,ОП УПРАВЛЕНИЕ НА ПРОЕКТИ И ОЗЕЛ
2026-06-18,1148 Варна пристанище,В0549НТ,78970155027720972,DIESEL EKONOMY,4.4,L15,1.55,0.03,0.0,0.22,6.82,1.58,6.95,13:26:00,43580.0,3233534935 3233534935,ОП УПРАВЛЕНИЕ НА ПРОЕКТИ И ОЗЕЛ
2026-06-18,1148 Варна пристанище,В0552НТ,78970155027720998,DIESEL EKONOMY,9.27,L15,1.55,0.03,0.0,0.47,14.37,1.58,14.65,13:34:00,83032.0,3233535235 3233535235,ОП УПРАВЛЕНИЕ НА ПРОЕКТИ И ОЗЕЛ
2026-06-18,1148 Варна пристанище,В7473ВС,78970155027721046,DIESEL EKONOMY,9.0,L15,1.55,0.03,0.0,0.46,13.95,1.58,14.22,14:02:00,103124.0,3233535340 3233535340,ОП УПРАВЛЕНИЕ НА ПРОЕКТИ И ОЗЕЛ
2026-06-18,1148 Варна пристанище,В0553НТ,78970155027721004,DIESEL EKONOMY,2.5,L15,1.55,0.03,0.0,0.13,3.88,1.58,3.95,14:14:00,73714.0,3233535934 3233535934,ОП УПРАВЛЕНИЕ НА ПРОЕКТИ И ОЗЕЛ
2026-06-18,1148 Варна пристанище,В7481ВС,78970155027721038,DIESEL EKONOMY,23.27,L15,1.55,0.03,0.0,1.19,36.07,1.58,36.77,13:41:00,76916.0,3233536004 3233536004,ОП УПРАВЛЕНИЕ НА ПРОЕКТИ И ОЗЕЛ
2026-06-18,1148 Варна пристанище,В0555НТ,78970155027721020,DIESEL EKONOMY,7.5,L15,1.55,0.03,0.0,0.38,11.62,1.58,11.85,14:18:00,57750.0,3233536427 3233536427,ОП УПРАВЛЕНИЕ НА ПРОЕКТИ И ОЗЕЛ
2026-06-18,1148 Варна пристанище,В0548НТ,78970155027720964,DIESEL EKONOMY,5.85,L15,1.55,0.03,0.0,0.3,9.07,1.58,9.24,14:03:00,36587.0,3233536703 3233536703,ОП УПРАВЛЕНИЕ НА ПРОЕКТИ И ОЗЕЛ
2026-06-18,1148 Варна пристанище,В3572ТХ,78970155027721061,DIESEL EKONOMY,6.0,L15,1.55,0.03,0.0,0.31,9.3,1.58,9.48,15:28:00,7794.0,3233537357 3233537357,ОП УПРАВЛЕНИЕ НА ПРОЕКТИ И ОЗЕЛ
2026-06-18,1158 Варна Чайка,В0551НТ,78970155027720980,DIESEL EKONOMY,12.09,L15,1.55,0.03,0.0,0.62,18.74,1.58,19.1,14:14:00,66186.0,3233534310 3233534310,ОП УПРАВЛЕНИЕ НА ПРОЕКТИ И ОЗЕЛ
2026-06-19,1146 Варна Сливница,В5134НА,78970155027720949,DIESEL EKONOMY,2.41,L15,1.53,0.03,0.0,0.07,3.69,1.56,3.76,13:45:00,178530.0,3233570205 3233570205,ОП УПРАВЛЕНИЕ НА ПРОЕКТИ И ОЗЕЛ
2026-06-19,1146 Варна Сливница,В0549НТ,78970155027720972,DIESEL EKONOMY,3.15,L15,1.53,0.03,0.0,0.1,4.82,1.56,4.91,13:48:00,43610.0,3233570208 3233570208,ОП УПРАВЛЕНИЕ НА ПРОЕКТИ И ОЗЕЛ
2026-06-19,1148 Варна пристанище,В0548НТ,78970155027720964,DIESEL EKONOMY,6.53,L15,1.53,0.03,0.0,0.2,9.99,1.56,10.19,13:22:00,36623.0,3233583074 3233583074,ОП УПРАВЛЕНИЕ НА ПРОЕКТИ И ОЗЕЛ
2026-06-19,1148 Варна пристанище,В0554НТ,78970155027721012,DIESEL EKONOMY,6.77,L15,1.53,0.03,0.0,0.21,10.36,1.56,10.56,14:28:00,94481.0,3233584851 3233584851,ОП УПРАВЛЕНИЕ НА ПРОЕКТИ И ОЗЕЛ
2026-06-19,1148 Варна пристанище,В5136НА,78970155027720956,DIESEL EKONOMY,7.27,L15,1.53,0.03,0.0,0.23,11.12,1.56,11.34,13:35:00,188315.0,3233585784 3233585784,ОП УПРАВЛЕНИЕ НА ПРОЕКТИ И ОЗЕЛ
2026-06-19,1148 Варна пристанище,В0553НТ,78970155027721004,DIESEL EKONOMY,10.0,L15,1.53,0.03,0.0,0.31,15.3,1.56,15.6,12:43:00,73789.0,3233586971 3233586971,ОП УПРАВЛЕНИЕ НА ПРОЕКТИ И ОЗЕЛ
2026-06-19,1148 Варна пристанище,В7473ВС,78970155027721046,DIESEL EKONOMY,9.0,L15,1.53,0.03,0.0,0.28,13.77,1.56,14.04,15:06:00,103140.0,3233587271 3233587271,ОП УПРАВЛЕНИЕ НА ПРОЕКТИ И ОЗЕЛ
2026-06-19,1148 Варна пристанище,В0555НТ,78970155027721020,DIESEL EKONOMY,5.6,L15,1.53,0.03,0.0,0.17,8.57,1.56,8.74,14:06:00,57588.0,3233589712 3233589712,ОП УПРАВЛЕНИЕ НА ПРОЕКТИ И ОЗЕЛ
2026-06-19,1148 Варна пристанище,В7481ВС,78970155027721038,DIESEL EKONOMY,24.74,L15,1.53,0.03,0.0,0.77,37.85,1.56,38.59,14:05:00,76978.0,3233589902 3233589902,ОП УПРАВЛЕНИЕ НА ПРОЕКТИ И ОЗЕЛ
2026-06-19,1148 Варна пристанище,В3572ТХ,78970155027721061,DIESEL EKONOMY,6.0,L15,1.53,0.03,0.0,0.19,9.18,1.56,9.36,14:18:00,7807.0,3233590704 3233590704,ОП УПРАВЛЕНИЕ НА ПРОЕКТИ И ОЗЕЛ
2026-06-19,1158 Варна Чайка,В0588ВТ,78970155027720923,E GAS LPG,27.39,L15,0.65,0.01,0.0,-9.59,17.8,0.66,18.08,09:59:00,1799003.0,3233580026 3233580026,ОП УПРАВЛЕНИЕ НА ПРОЕКТИ И ОЗЕЛ
2026-06-20,1148 Варна пристанище,В0548НТ,78970155027720964,DIESEL EKONOMY,9.3,L15,1.51,0.03,0.0,0.38,14.04,1.54,14.32,11:30:00,36661.0,3233640631 3233640631,ОП УПРАВЛЕНИЕ НА ПРОЕКТИ И ОЗЕЛ
2026-06-22,1146 Варна Сливница,В0549НТ,78970155027720972,DIESEL EKONOMY,4.39,L15,1.49,0.03,0.0,0.22,6.54,1.52,6.67,13:38:00,43637.0,3233710398 3233710398,ОП УПРАВЛЕНИЕ НА ПРОЕКТИ И ОЗЕЛ
2026-06-22,1146 Варна Сливница,В5134НА,78970155027720949,DIESEL EKONOMY,4.39,L15,1.49,0.03,0.0,0.22,6.54,1.52,6.67,13:40:00,187595.0,3233710399 3233710399,ОП УПРАВЛЕНИЕ НА ПРОЕКТИ И ОЗЕЛ
2026-06-22,1148 Варна пристанище,В3759РМ,78970155027720915,DIESEL EKONOMY,4.0,L15,1.49,0.03,0.0,0.2,5.96,1.52,6.08,13:18:00,175538.0,3233722659 3233722659,ОП УПРАВЛЕНИЕ НА ПРОЕКТИ И ОЗЕЛ
2026-06-22,1148 Варна пристанище,В5136НА,78970155027720956,DIESEL EKONOMY,3.33,L15,1.49,0.03,0.0,0.17,4.96,1.52,5.06,14:12:00,188332.0,3233723695 3233723695,ОП УПРАВЛЕНИЕ НА ПРОЕКТИ И ОЗЕЛ
2026-06-22,1148 Варна пристанище,В7481ВС,78970155027721038,DIESEL EKONOMY,18.0,L15,1.49,0.03,0.0,0.92,26.82,1.52,27.36,14:12:00,77022.0,3233724454 3233724454,ОП УПРАВЛЕНИЕ НА ПРОЕКТИ И ОЗЕЛ
2026-06-22,1148 Варна пристанище,В0552НТ,78970155027720998,DIESEL EKONOMY,5.03,L15,1.49,0.03,0.0,0.26,7.49,1.52,7.65,14:15:00,83054.0,3233725810 3233725810,ОП УПРАВЛЕНИЕ НА ПРОЕКТИ И ОЗЕЛ
2026-06-22,1148 Варна пристанище,В7473ВС,78970155027721046,DIESEL EKONOMY,38.41,L15,1.49,0.03,0.0,1.96,57.23,1.52,58.38,14:36:00,103211.0,3233726118 3233726118,ОП УПРАВЛЕНИЕ НА ПРОЕКТИ И ОЗЕЛ
2026-06-22,1148 Варна пристанище,В3572ТХ,78970155027721061,DIESEL EKONOMY,12.0,L15,1.49,0.03,0.0,0.61,17.88,1.52,18.24,14:53:00,7820.0,3233726409 3233726409,ОП УПРАВЛЕНИЕ НА ПРОЕКТИ И ОЗЕЛ
2026-06-22,1148 Варна пристанище,В0548НТ,78970155027720964,DIESEL EKONOMY,6.7,L15,1.49,0.03,0.0,0.34,9.98,1.52,10.18,15:07:00,36680.0,3233727006 3233727006,ОП УПРАВЛЕНИЕ НА ПРОЕКТИ И ОЗЕЛ
2026-06-22,1158 Варна Чайка,ТУБА-5БЕНЗИН,78970155027721111,95 EKONOMY UNLEADED,200.01,L15,1.48,0.03,0.0,18.2,296.01,1.51,302.02,08:56:00,0.0,3233717643 3233717643,ОП УПРАВЛЕНИЕ НА ПРОЕКТИ И ОЗЕЛ
2026-06-22,1158 Варна Чайка,В0551НТ,78970155027720980,DIESEL EKONOMY,14.73,L15,1.49,0.03,0.0,0.75,21.95,1.52,22.39,12:31:00,66307.0,3233721827 3233721827,ОП УПРАВЛЕНИЕ НА ПРОЕКТИ И ОЗЕЛ
2026-06-22,1158 Варна Чайка,В0554НТ,78970155027721012,DIESEL EKONOMY,3.32,L15,1.49,0.03,0.0,0.17,4.95,1.52,5.05,14:08:00,94492.0,3233722444 3233722444,ОП УПРАВЛЕНИЕ НА ПРОЕКТИ И ОЗЕЛ
2026-06-22,1199 Varna Car Osvoboditel,В10528,78970155027721053,DIESEL EKONOMY,47.39,L15,1.49,0.03,0.0,2.42,70.61,1.52,72.03,13:15:00,2197.0,3233729936 3233729936,ОП УПРАВЛЕНИЕ НА ПРОЕКТИ И ОЗЕЛ
2026-06-23,1146 Варна Сливница,В0549НТ,78970155027720972,DIESEL EKONOMY,5.51,L15,1.49,0.03,0.0,0.28,8.21,1.52,8.38,13:16:00,43668.0,3233748098 3233748098,ОП УПРАВЛЕНИЕ НА ПРОЕКТИ И ОЗЕЛ
2026-06-23,1146 Варна Сливница,В5134НА,78970155027720949,DIESEL EKONOMY,2.27,L15,1.49,0.03,0.0,0.12,3.38,1.52,3.45,13:40:00,187569.0,3233748802 3233748802,ОП УПРАВЛЕНИЕ НА ПРОЕКТИ И ОЗЕЛ
2026-06-23,1148 Варна пристанище,В0548НТ,78970155027720964,DIESEL EKONOMY,9.13,L15,1.49,0.03,0.0,0.47,13.6,1.52,13.88,13:14:00,36735.0,3233766480 3233766480,ОП УПРАВЛЕНИЕ НА ПРОЕКТИ И ОЗЕЛ
2026-06-23,1148 Варна пристанище,В3759РМ,78970155027720915,DIESEL EKONOMY,4.01,L15,1.49,0.03,0.0,0.2,5.97,1.52,6.1,12:49:00,85570.0,3233769094 3233769094,ОП УПРАВЛЕНИЕ НА ПРОЕКТИ И ОЗЕЛ
2026-06-23,1148 Варна пристанище,В0553НТ,78970155027721004,DIESEL EKONOMY,3.5,L15,1.49,0.03,0.0,0.18,5.22,1.52,5.32,14:18:00,73832.0,3233770283 3233770283,ОП УПРАВЛЕНИЕ НА ПРОЕКТИ И ОЗЕЛ
2026-06-23,1148 Варна пристанище,В7473ВС,78970155027721046,DIESEL EKONOMY,23.06,L15,1.49,0.03,0.0,1.18,34.36,1.52,35.05,14:09:00,103278.0,3233770740 3233770740,ОП УПРАВЛЕНИЕ НА ПРОЕКТИ И ОЗЕЛ
2026-06-23,1148 Варна пристанище,В0552НТ,78970155027720998,DIESEL EKONOMY,3.73,L15,1.49,0.03,0.0,0.19,5.56,1.52,5.67,14:14:00,83074.0,3233770892 3233770892,ОП УПРАВЛЕНИЕ НА ПРОЕКТИ И ОЗЕЛ
2026-06-23,1148 Варна пристанище,В7481ВС,78970155027721038,DIESEL EKONOMY,12.0,L15,1.49,0.03,0.0,0.61,17.88,1.52,18.24,13:51:00,77045.0,3233771151 3233771151,ОП УПРАВЛЕНИЕ НА ПРОЕКТИ И ОЗЕЛ
2026-06-23,1148 Варна пристанище,В3572ТХ,78970155027721061,DIESEL EKONOMY,11.32,L15,1.49,0.03,0.0,0.58,16.87,1.52,17.21,14:02:00,7847.0,3233771527 3233771527,ОП УПРАВЛЕНИЕ НА ПРОЕКТИ И ОЗЕЛ
2026-06-23,1148 Варна пристанище,В5136НА,78970155027720956,DIESEL EKONOMY,3.17,L15,1.49,0.03,0.0,0.16,4.72,1.52,4.82,14:13:00,188350.0,3233771858 3233771858,ОП УПРАВЛЕНИЕ НА ПРОЕКТИ И ОЗЕЛ
2026-06-23,1158 Варна Чайка,В0551НТ,78970155027720980,DIESEL EKONOMY,16.0,L15,1.49,0.03,0.0,0.82,23.84,1.52,24.32,16:45:00,66426.0,3233764661 3233764661,ОП УПРАВЛЕНИЕ НА ПРОЕКТИ И ОЗЕЛ
2026-06-23,1158 Варна Чайка,В0554НТ,78970155027721012,DIESEL EKONOMY,5.58,L15,1.49,0.03,0.0,0.28,8.31,1.52,8.48,14:08:00,94539.0,3233765649 3233765649,ОП УПРАВЛЕНИЕ НА ПРОЕКТИ И ОЗЕЛ
2026-06-24,1146 Варна Сливница,В0549НТ,78970155027720972,DIESEL EKONOMY,4.0,L15,1.48,0.03,0.0,0.2,5.92,1.51,6.04,13:33:00,43693.0,3233796159 3233796159,ОП УПРАВЛЕНИЕ НА ПРОЕКТИ И ОЗЕЛ
2026-06-24,1146 Варна Сливница,В5134НА,78970155027720949,DIESEL EKONOMY,3.22,L15,1.48,0.03,0.0,0.16,4.77,1.51,4.86,13:54:00,187587.0,3233796167 3233796167,ОП УПРАВЛЕНИЕ НА ПРОЕКТИ И ОЗЕЛ
2026-06-24,1146 Варна Сливница,0023042-2,78970155027721137,95 EKONOMY UNLEADED,4.03,L15,1.48,0.03,0.0,0.41,5.96,1.51,6.09,13:58:00,0.0,3233796169 3233796169,ОП УПРАВЛЕНИЕ НА ПРОЕКТИ И ОЗЕЛ
2026-06-24,1147 Варна Ситроен,В8084СТ,78970155027720899,DIESEL EKONOMY,50.92,L15,1.48,0.03,0.0,2.6,75.36,1.51,76.89,07:40:00,338598.0,3233804370 3233804370,ОП УПРАВЛЕНИЕ НА ПРОЕКТИ И ОЗЕЛ
2026-06-24,1148 Варна пристанище,В0552НТ,78970155027720998,DIESEL EKONOMY,4.23,L15,1.48,0.03,0.0,0.22,6.26,1.51,6.39,14:01:00,83114.0,3233811988 3233811988,ОП УПРАВЛЕНИЕ НА ПРОЕКТИ И ОЗЕЛ
2026-06-24,1148 Варна пристанище,В7473ВС,78970155027721046,DIESEL EKONOMY,28.33,L15,1.48,0.03,0.0,1.44,41.93,1.51,42.78,14:27:00,103356.0,3233814459 3233814459,ОП УПРАВЛЕНИЕ НА ПРОЕКТИ И ОЗЕЛ
2026-06-24,1148 Варна пристанище,В3759РМ,78970155027720915,DIESEL EKONOMY,7.0,L15,1.48,0.03,0.0,0.36,10.36,1.51,10.57,13:26:00,175618.0,3233814778 3233814778,ОП УПРАВЛЕНИЕ НА ПРОЕКТИ И ОЗЕЛ
2026-06-24,1148 Варна пристанище,В0548НТ,78970155027720964,DIESEL EKONOMY,5.67,L15,1.48,0.03,0.0,0.29,8.39,1.51,8.56,13:12:00,36760.0,3233815565 3233815565,ОП УПРАВЛЕНИЕ НА ПРОЕКТИ И ОЗЕЛ
2026-06-24,1148 Варна пристанище,В3752РМ,78970155027720907,DIESEL EKONOMY,5.94,L15,1.48,0.03,0.0,0.3,8.79,1.51,8.97,12:47:00,143308.0,3233815715 3233815715,ОП УПРАВЛЕНИЕ НА ПРОЕКТИ И ОЗЕЛ
2026-06-24,1148 Варна пристанище,В0551НТ,78970155027720980,DIESEL EKONOMY,11.48,L15,1.48,0.03,0.0,0.59,16.99,1.51,17.33,13:44:00,66516.0,3233815872 3233815872,ОП УПРАВЛЕНИЕ НА ПРОЕКТИ И ОЗЕЛ
2026-06-24,1148 Варна пристанище,В0553НТ,78970155027721004,DIESEL EKONOMY,11.0,L15,1.48,0.03,0.0,0.56,16.28,1.51,16.61,14:04:00,73895.0,3233815958 3233815958,ОП УПРАВЛЕНИЕ НА ПРОЕКТИ И ОЗЕЛ
2026-06-24,1148 Варна пристанище,В0555НТ,78970155027721020,DIESEL EKONOMY,6.4,L15,1.48,0.03,0.0,0.33,9.47,1.51,9.66,14:08:00,57638.0,3233816071 3233816071,ОП УПРАВЛЕНИЕ НА ПРОЕКТИ И ОЗЕЛ
2026-06-24,1148 Варна пристанище,В5136НА,78970155027720956,DIESEL EKONOMY,3.02,L15,1.48,0.03,0.0,0.15,4.47,1.51,4.56,14:02:00,188368.0,3233816873 3233816873,ОП УПРАВЛЕНИЕ НА ПРОЕКТИ И ОЗЕЛ
2026-06-24,1148 Варна пристанище,В3572ТХ,78970155027721061,DIESEL EKONOMY,7.0,L15,1.48,0.03,0.0,0.36,10.36,1.51,10.57,14:42:00,7861.0,3233818046 3233818046,ОП УПРАВЛЕНИЕ НА ПРОЕКТИ И ОЗЕЛ
2026-06-24,1148 Варна пристанище,В0554НТ,78970155027721012,DIESEL EKONOMY,7.89,L15,1.48,0.03,0.0,0.4,11.68,1.51,11.91,14:13:00,94590.0,3233818405 3233818405,ОП УПРАВЛЕНИЕ НА ПРОЕКТИ И ОЗЕЛ
2026-06-24,1148 Варна пристанище,В7481ВС,78970155027721038,DIESEL EKONOMY,18.01,L15,1.48,0.03,0.0,0.92,26.65,1.51,27.2,15:02:00,77090.0,3233818475 3233818475,ОП УПРАВЛЕНИЕ НА ПРОЕКТИ И ОЗЕЛ
2026-06-24,1199 Varna Car Osvoboditel,В10528,78970155027721053,DIESEL EKONOMY,22.36,L15,1.48,0.03,0.0,1.14,33.09,1.51,33.76,12:41:00,2201.0,3233821102 3233821102,ОП УПРАВЛЕНИЕ НА ПРОЕКТИ И ОЗЕЛ
2026-06-25,1146 Варна Сливница,ТУБА-1196025,78970155027721079,DIESEL EKONOMY,120.01,L15,1.48,0.03,0.0,6.12,177.61,1.51,181.22,11:59:00,0.0,3233832764 3233832764,ОП УПРАВЛЕНИЕ НА ПРОЕКТИ И ОЗЕЛ
2026-06-25,1146 Варна Сливница,В0549НТ,78970155027720972,DIESEL EKONOMY,3.55,L15,1.48,0.03,0.0,0.18,5.25,1.51,5.36,13:20:00,43718.0,3233832793 3233832793,ОП УПРАВЛЕНИЕ НА ПРОЕКТИ И ОЗЕЛ
2026-06-25,1146 Варна Сливница,В5134НА,78970155027720949,DIESEL EKONOMY,3.0,L15,1.48,0.03,0.0,0.15,4.44,1.51,4.53,13:39:00,187612.0,3233832798 3233832798,ОП УПРАВЛЕНИЕ НА ПРОЕКТИ И ОЗЕЛ
2026-06-25,1148 Варна пристанище,В7473ВС,78970155027721046,DIESEL EKONOMY,36.23,L15,1.48,0.03,0.0,1.85,53.62,1.51,54.71,15:09:00,103451.0,3233860584 3233860584,ОП УПРАВЛЕНИЕ НА ПРОЕКТИ И ОЗЕЛ
2026-06-25,1148 Варна пристанище,В0555НТ,78970155027721020,DIESEL EKONOMY,3.94,L15,1.48,0.03,0.0,0.2,5.83,1.51,5.95,13:49:00,57560.0,3233862656 3233862656,ОП УПРАВЛЕНИЕ НА ПРОЕКТИ И ОЗЕЛ
2026-06-25,1148 Варна пристанище,В0552НТ,78970155027720998,DIESEL EKONOMY,6.84,L15,1.48,0.03,0.0,0.35,10.12,1.51,10.33,13:40:00,83179.0,3233862743 3233862743,ОП УПРАВЛЕНИЕ НА ПРОЕКТИ И ОЗЕЛ
2026-06-25,1148 Варна пристанище,В0548НТ,78970155027720964,DIESEL EKONOMY,9.52,L15,1.48,0.03,0.0,0.49,14.09,1.51,14.38,13:28:00,36783.0,3233863018 3233863018,ОП УПРАВЛЕНИЕ НА ПРОЕКТИ И ОЗЕЛ
2026-06-25,1148 Варна пристанище,В3752РМ,78970155027720907,DIESEL EKONOMY,3.12,L15,1.48,0.03,0.0,0.16,4.62,1.51,4.71,14:01:00,143327.0,3233863173 3233863173,ОП УПРАВЛЕНИЕ НА ПРОЕКТИ И ОЗЕЛ
2026-06-25,1148 Варна пристанище,В3759РМ,78970155027720915,DIESEL EKONOMY,2.82,L15,1.48,0.03,0.0,0.14,4.17,1.51,4.26,13:01:00,175637.0,3233863302 3233863302,ОП УПРАВЛЕНИЕ НА ПРОЕКТИ И ОЗЕЛ
2026-06-25,1148 Варна пристанище,В0553НТ,78970155027721004,DIESEL EKONOMY,10.0,L15,1.48,0.03,0.0,0.51,14.8,1.51,15.1,14:15:00,73961.0,3233864818 3233864818,ОП УПРАВЛЕНИЕ НА ПРОЕКТИ И ОЗЕЛ
2026-06-25,1148 Варна пристанище,В5136НА,78970155027720956,DIESEL EKONOMY,3.83,L15,1.48,0.03,0.0,0.2,5.67,1.51,5.78,14:12:00,188396.0,3233864910 3233864910,ОП УПРАВЛЕНИЕ НА ПРОЕКТИ И ОЗЕЛ
2026-06-25,1148 Варна пристанище,В3572ТХ,78970155027721061,DIESEL EKONOMY,12.0,L15,1.48,0.03,0.0,0.61,17.76,1.51,18.12,14:38:00,7891.0,3233865406 3233865406,ОП УПРАВЛЕНИЕ НА ПРОЕКТИ И ОЗЕЛ
2026-06-25,1148 Варна пристанище,В7481ВС,78970155027721038,DIESEL EKONOMY,10.0,L15,1.48,0.03,0.0,0.51,14.8,1.51,15.1,14:59:00,77109.0,3233866008 3233866008,ОП УПРАВЛЕНИЕ НА ПРОЕКТИ И ОЗЕЛ
2026-06-25,1158 Варна Чайка,В0588ВТ,78970155027720923,E GAS LPG,32.32,L15,0.65,0.01,0.0,-11.31,21.01,0.66,21.33,13:38:00,180270.0,3233860370 3233860370,ОП УПРАВЛЕНИЕ НА ПРОЕКТИ И ОЗЕЛ
2026-06-25,1158 Варна Чайка,В0554НТ,78970155027721012,DIESEL EKONOMY,3.65,L15,1.48,0.03,0.0,0.19,5.4,1.51,5.51,14:04:00,94616.0,3233862351 3233862351,ОП УПРАВЛЕНИЕ НА ПРОЕКТИ И ОЗЕЛ
2026-06-26,1146 Варна Сливница,В0549НТ,78970155027720972,DIESEL EKONOMY,5.72,L15,1.48,0.03,0.0,0.38,8.47,1.51,8.64,13:13:00,43750.0,3233902214 3233902214,ОП УПРАВЛЕНИЕ НА ПРОЕКТИ И ОЗЕЛ
2026-06-26,1146 Варна Сливница,В5134НА,78970155027720949,DIESEL EKONOMY,2.41,L15,1.48,0.03,0.0,0.16,3.57,1.51,3.64,13:40:00,187640.0,3233902223 3233902223,ОП УПРАВЛЕНИЕ НА ПРОЕКТИ И ОЗЕЛ
2026-06-26,1148 Варна пристанище,В0554НТ,78970155027721012,DIESEL EKONOMY,6.84,L15,1.48,0.03,0.0,0.45,10.12,1.51,10.33,13:54:00,94688.0,3233825386 3233825386,ОП УПРАВЛЕНИЕ НА ПРОЕКТИ И ОЗЕЛ
2026-06-26,1148 Варна пристанище,В5136НА,78970155027720956,DIESEL EKONOMY,3.4,L15,1.48,0.03,0.0,0.22,5.03,1.51,5.13,12:30:00,188408.0,3233936065 3233936065,ОП УПРАВЛЕНИЕ НА ПРОЕКТИ И ОЗЕЛ
2026-06-26,1148 Варна пристанище,В0548НТ,78970155027720964,DIESEL EKONOMY,6.61,L15,1.48,0.03,0.0,0.44,9.78,1.51,9.98,13:02:00,36804.0,3233941964 3233941964,ОП УПРАВЛЕНИЕ НА ПРОЕКТИ И ОЗЕЛ
2026-06-26,1148 Варна пристанище,В3759РМ,78970155027720915,DIESEL EKONOMY,2.72,L15,1.48,0.03,0.0,0.18,4.03,1.51,4.11,13:23:00,175656.0,3233941980 3233941980,ОП УПРАВЛЕНИЕ НА ПРОЕКТИ И ОЗЕЛ
2026-06-26,1148 Варна пристанище,В0553НТ,78970155027721004,DIESEL EKONOMY,2.5,L15,1.48,0.03,0.0,0.17,3.7,1.51,3.78,13:17:00,73981.0,3233943246 3233943246,ОП УПРАВЛЕНИЕ НА ПРОЕКТИ И ОЗЕЛ
2026-06-26,1148 Варна пристанище,В7473ВС,78970155027721046,DIESEL EKONOMY,15.78,L15,1.48,0.03,0.0,1.04,23.35,1.51,23.83,13:21:00,103493.0,3233943725 3233943725,ОП УПРАВЛЕНИЕ НА ПРОЕКТИ И ОЗЕЛ
2026-06-26,1148 Варна пристанище,В7481ВС,78970155027721038,DIESEL EKONOMY,17.03,L15,1.48,0.03,0.0,1.12,25.2,1.51,25.72,13:45:00,77151.0,3233943830 3233943830,ОП УПРАВЛЕНИЕ НА ПРОЕКТИ И ОЗЕЛ
2026-06-26,1148 Варна пристанище,В3752РМ,78970155027720907,DIESEL EKONOMY,2.59,L15,1.48,0.03,0.0,0.17,3.83,1.51,3.91,13:42:00,143340.0,3233944225 3233944225,ОП УПРАВЛЕНИЕ НА ПРОЕКТИ И ОЗЕЛ
2026-06-26,1148 Варна пристанище,В3572ТХ,78970155027721061,DIESEL EKONOMY,12.04,L15,1.48,0.03,0.0,0.79,17.82,1.51,18.18,14:16:00,7905.0,3233945026 3233945026,ОП УПРАВЛЕНИЕ НА ПРОЕКТИ И ОЗЕЛ
2026-06-26,1148 Варна пристанище,В0552НТ,78970155027720998,DIESEL EKONOMY,3.39,L15,1.48,0.03,0.0,0.22,5.02,1.51,5.12,14:52:00,83197.0,3233945127 3233945127,ОП УПРАВЛЕНИЕ НА ПРОЕКТИ И ОЗЕЛ
2026-06-26,1158 Варна Чайка,В0551НТ,78970155027720980,DIESEL EKONOMY,14.61,L15,1.48,0.03,0.0,0.96,21.62,1.51,22.06,12:48:00,66516.0,3233931132 3233931132,ОП УПРАВЛЕНИЕ НА ПРОЕКТИ И ОЗЕЛ
2026-06-27,1148 Варна пристанище,В0548НТ,78970155027720964,DIESEL EKONOMY,6.9,L15,1.48,0.03,0.0,0.46,10.21,1.51,10.42,10:10:00,36838.0,3233959780 3233959780,ОП УПРАВЛЕНИЕ НА ПРОЕКТИ И ОЗЕЛ
2026-06-29,1146 Варна Сливница,В0549НТ,78970155027720972,DIESEL EKONOMY,5.82,L15,1.48,0.03,0.0,0.47,8.61,1.51,8.79,12:54:00,43784.0,3234037771 3234037771,ОП УПРАВЛЕНИЕ НА ПРОЕКТИ И ОЗЕЛ
2026-06-29,1146 Варна Сливница,В5134НА,78970155027720949,DIESEL EKONOMY,2.87,L15,1.48,0.03,0.0,0.23,4.25,1.51,4.33,13:30:00,187636.0,3234037785 3234037785,ОП УПРАВЛЕНИЕ НА ПРОЕКТИ И ОЗЕЛ
2026-06-29,1148 Варна пристанище,В3752РМ,78970155027720907,DIESEL EKONOMY,3.0,L15,1.48,0.03,0.0,0.24,4.44,1.51,4.53,13:03:00,143369.0,3234058534 3234058534,ОП УПРАВЛЕНИЕ НА ПРОЕКТИ И ОЗЕЛ
2026-06-29,1148 Варна пристанище,В0552НТ,78970155027720998,DIESEL EKONOMY,4.29,L15,1.48,0.03,0.0,0.35,6.35,1.51,6.48,14:06:00,83225.0,3234058582 3234058582,ОП УПРАВЛЕНИЕ НА ПРОЕКТИ И ОЗЕЛ
2026-06-29,1148 Варна пристанище,В0551НТ,78970155027720980,DIESEL EKONOMY,8.0,L15,1.48,0.03,0.0,0.65,11.84,1.51,12.08,12:55:00,66673.0,3234060262 3234060262,ОП УПРАВЛЕНИЕ НА ПРОЕКТИ И ОЗЕЛ
2026-06-29,1148 Варна пристанище,В7481ВС,78970155027721038,DIESEL EKONOMY,14.0,L15,1.48,0.03,0.0,1.13,20.72,1.51,21.14,14:23:00,77188.0,3234062898 3234062898,ОП УПРАВЛЕНИЕ НА ПРОЕКТИ И ОЗЕЛ
2026-06-29,1148 Варна пристанище,В5136НА,78970155027720956,DIESEL EKONOMY,3.25,L15,1.48,0.03,0.0,0.26,4.81,1.51,4.91,13:54:00,188440.0,3234062959 3234062959,ОП УПРАВЛЕНИЕ НА ПРОЕКТИ И ОЗЕЛ
2026-06-29,1148 Варна пристанище,В0553НТ,78970155027721004,DIESEL EKONOMY,3.0,L15,1.48,0.03,0.0,0.24,4.44,1.51,4.53,14:08:00,74015.0,3234063356 3234063356,ОП УПРАВЛЕНИЕ НА ПРОЕКТИ И ОЗЕЛ
2026-06-29,1148 Варна пристанище,0024345-5,78970155027722077,95 EKONOMY UNLEADED,10.9,L15,1.47,0.03,0.0,1.21,16.02,1.5,16.35,14:04:00,0.0,3234063808 3234063808,ОП УПРАВЛЕНИЕ НА ПРОЕКТИ И ОЗЕЛ
2026-06-29,1148 Варна пристанище,В0548НТ,78970155027720964,DIESEL EKONOMY,7.9,L15,1.48,0.03,0.0,0.64,11.69,1.51,11.93,14:57:00,36860.0,3234064041 3234064041,ОП УПРАВЛЕНИЕ НА ПРОЕКТИ И ОЗЕЛ
2026-06-29,1911 O5 Варна,В0554НТ,78970155027721012,DIESEL EKONOMY,8.89,L15,1.48,0.03,0.0,0.72,13.16,1.51,13.42,13:46:00,94749.0,3234050750 3234050750,ОП УПРАВЛЕНИЕ НА ПРОЕКТИ И ОЗЕЛ
2026-06-30,1146 Варна Сливница,В0549НТ,78970155027720972,DIESEL EKONOMY,4.62,L15,1.48,0.03,0.0,0.37,6.84,1.51,6.98,12:17:00,43809.0,3234083325 3234083325,ОП УПРАВЛЕНИЕ НА ПРОЕКТИ И ОЗЕЛ
2026-06-30,1146 Варна Сливница,В5134НА,78970155027720949,DIESEL EKONOMY,2.46,L15,1.48,0.03,0.0,0.2,3.64,1.51,3.71,13:22:00,187768.0,3234083350 3234083350,ОП УПРАВЛЕНИЕ НА ПРОЕКТИ И ОЗЕЛ
2026-06-30,1146 Варна Сливница,0023042-2,78970155027721137,95 EKONOMY UNLEADED,2.52,L15,1.47,0.03,0.0,0.28,3.7,1.5,3.78,13:24:00,0.0,3234083352 3234083352,ОП УПРАВЛЕНИЕ НА ПРОЕКТИ И ОЗЕЛ
2026-06-30,1148 Варна пристанище,В0555НТ,78970155027721020,DIESEL EKONOMY,6.8,L15,1.48,0.03,0.0,0.55,10.06,1.51,10.27,14:09:00,57717.0,3234100145 3234100145,ОП УПРАВЛЕНИЕ НА ПРОЕКТИ И ОЗЕЛ
2026-06-30,1148 Варна пристанище,В3572ТХ,78970155027721061,DIESEL EKONOMY,14.01,L15,1.48,0.03,0.0,1.13,20.73,1.51,21.16,14:05:00,7927.0,3234104257 3234104257,ОП УПРАВЛЕНИЕ НА ПРОЕКТИ И ОЗЕЛ
2026-06-30,1148 Варна пристанище,В0552НТ,78970155027720998,DIESEL EKONOMY,4.77,L15,1.48,0.03,0.0,0.39,7.06,1.51,7.2,14:05:00,83255.0,3234105897 3234105897,ОП УПРАВЛЕНИЕ НА ПРОЕКТИ И ОЗЕЛ
2026-06-30,1148 Варна пристанище,В3752РМ,78970155027720907,DIESEL EKONOMY,4.0,L15,1.48,0.03,0.0,0.32,5.92,1.51,6.04,12:30:00,143398.0,3234106017 3234106017,ОП УПРАВЛЕНИЕ НА ПРОЕКТИ И ОЗЕЛ
2026-06-30,1148 Варна пристанище,В7481ВС,78970155027721038,DIESEL EKONOMY,32.0,L15,1.48,0.03,0.0,2.59,47.36,1.51,48.32,12:52:00,77270.0,3234106124 3234106124,ОП УПРАВЛЕНИЕ НА ПРОЕКТИ И ОЗЕЛ
2026-06-30,1148 Варна пристанище,В5136НА,78970155027720956,DIESEL EKONOMY,3.18,L15,1.48,0.03,0.0,0.26,4.71,1.51,4.8,13:40:00,188463.0,3234106679 3234106679,ОП УПРАВЛЕНИЕ НА ПРОЕКТИ И ОЗЕЛ
2026-06-30,1148 Варна пристанище,В0548НТ,78970155027720964,DIESEL EKONOMY,9.21,L15,1.48,0.03,0.0,0.75,13.63,1.51,13.91,13:19:00,36902.0,3234107049 3234107049,ОП УПРАВЛЕНИЕ НА ПРОЕКТИ И ОЗЕЛ
2026-06-30,1148 Варна пристанище,В7473ВС,78970155027721046,DIESEL EKONOMY,7.14,L15,1.48,0.03,0.0,0.58,10.57,1.51,10.78,14:20:00,103505.0,3234108720 3234108720,ОП УПРАВЛЕНИЕ НА ПРОЕКТИ И ОЗЕЛ
2026-06-30,1158 Варна Чайка,ТУБА-5БЕНЗИН,78970155027721111,95 EKONOMY UNLEADED,200.0,L15,1.47,0.03,0.0,22.2,294.0,1.5,300.0,11:41:00,0.0,3234104437 3234104437,ОП УПРАВЛЕНИЕ НА ПРОЕКТИ И ОЗЕЛ
2026-06-30,1158 Варна Чайка,В0551НТ,78970155027720980,DIESEL EKONOMY,7.89,L15,1.48,0.03,0.0,0.64,11.68,1.51,11.91,13:38:00,66726.0,3234107818 3234107818,ОП УПРАВЛЕНИЕ НА ПРОЕКТИ И ОЗЕЛ
2026-06-30,1158 Варна Чайка,В0554НТ,78970155027721012,DIESEL EKONOMY,7.65,L15,1.48,0.03,0.0,0.62,11.32,1.51,11.55,13:54:00,94792.0,3234108643 3234108643,ОП УПРАВЛЕНИЕ НА ПРОЕКТИ И ОЗЕЛ
2026-06-30,1158 Варна Чайка,В0553НТ,78970155027721004,DIESEL EKONOMY,3.5,L15,1.48,0.03,0.0,0.28,5.18,1.51,5.28,13:54:00,74053.0,3234109304 3234109304,ОП УПРАВЛЕНИЕ НА ПРОЕКТИ И ОЗЕЛ
2026-06-30,1199 Varna Car Osvoboditel,В10528,78970155027721053,DIESEL EKONOMY,45.95,L15,1.48,0.03,0.0,3.72,68.01,1.51,69.38,11:20:00,2210.0,3234113423 3234113423,ОП УПРАВЛЕНИЕ НА ПРОЕКТИ И ОЗЕЛ
2026-06-30,1911 O5 Варна,В3537НВ,78970155027720931,DIESEL EKONOMY,8.58,L15,1.48,0.03,0.0,0.69,12.7,1.51,12.96,10:08:00,38579.0,3234094887 3234094887,ОП УПРАВЛЕНИЕ НА ПРОЕКТИ И ОЗЕЛ
2026-06-03,1147 Варна Ситроен,11,78970154027720249,95 EKONOMY UNLEADED,68.47,L15,1.52,0.0,0.04,2.74,104.07,1.57,107.5,08:31:00,0.0,3232800816 3232800816,ПАНТЕКС АГРО ЕООД
2026-06-05,1918 O5 Търговище,10,78970154027720231,95 EKONOMY UNLEADED,34.41,L15,1.51,0.0,0.04,1.38,51.96,1.57,54.02,07:07:00,0.0,3232908146 3232908146,ПАНТЕКС АГРО ЕООД
2026-06-09,1918 O5 Търговище,10,78970154027720231,95 EKONOMY UNLEADED,27.32,L15,1.48,0.0,0.04,1.09,40.43,1.56,42.62,09:22:00,0.0,3233098323 3233098323,ПАНТЕКС АГРО ЕООД
2026-06-10,1147 Варна Ситроен,11,78970154027720249,95 EKONOMY UNLEADED,67.93,L15,1.48,0.0,0.04,2.72,100.54,1.56,105.97,09:43:00,0.0,3233140662 3233140662,ПАНТЕКС АГРО ЕООД
2026-06-22,1103 Велико Търново изход,10,78970154027720231,95 EKONOMY UNLEADED,40.28,L15,1.43,0.0,0.04,1.61,57.6,1.5,60.42,07:22:00,0.0,3233718126 3233718126,ПАНТЕКС АГРО ЕООД
2026-06-24,1147 Варна Ситроен,11,78970154027720249,95 EKONOMY UNLEADED,53.46,L15,1.42,0.0,0.04,2.14,75.91,1.51,80.72,11:13:00,0.0,3233805635 3233805635,ПАНТЕКС АГРО ЕООД
2026-06-27,1147 Варна Ситроен,11,78970154027720249,95 EKONOMY UNLEADED,60.06,L15,1.41,0.0,0.04,2.4,84.68,1.5,90.09,10:25:00,0.0,3233938355 3233938355,ПАНТЕКС АГРО ЕООД
2026-06-29,1103 Велико Търново изход,10,78970154027720231,95 EKONOMY UNLEADED,36.91,L15,1.4,0.0,0.04,1.48,51.67,1.49,55.0,04:32:00,0.0,3234076366 3234076366,ПАНТЕКС АГРО ЕООД
2026-06-30,1147 Варна Ситроен,11,78970154027720249,95 EKONOMY UNLEADED,73.33,L15,1.4,0.0,0.04,2.93,102.66,1.5,110.0,19:03:00,0.0,3234114373 3234114373,ПАНТЕКС АГРО ЕООД
2026-06-01,1148 Варна пристанище,B12563,78970153027720191,DIESEL EKONOMY,100.0,L15,1.61,0.0,0.04,4.0,161.0,1.69,169.0,09:49:00,0.0,3232717575 3232717575,ПОДИ ЕООД
2026-06-01,1148 Варна пристанище,3,78970153027720217,E GAS LPG,31.87,L15,0.77,0.0,0.0,,24.54,0.77,24.54,12:50:00,0.0,3232720098 3232720098,ПОДИ ЕООД
2026-06-02,1172 Русе Шелф,CB6921TM,78970153027720167,DIESEL EKONOMY,120.86,L15,1.6,0.0,0.04,4.83,193.38,1.69,204.25,07:03:00,0.0,3232762044 3232762044,ПОДИ ЕООД
2026-06-03,1172 Русе Шелф,Туба2,78970153027720753,95 EKONOMY UNLEADED,19.87,L15,1.52,0.0,0.04,0.79,30.2,1.57,31.2,06:54:00,0.0,3232806666 3232806666,ПОДИ ЕООД
2026-06-03,1172 Русе Шелф,Туба2,78970153027720753,DIESEL EKONOMY,133.84,L15,1.6,0.0,0.04,5.35,214.14,1.69,226.19,07:01:00,0.0,3232809357 3232809357,ПОДИ ЕООД
2026-06-04,1148 Варна пристанище,В08283,78970153027720019,DIESEL EKONOMY,130.0,L15,1.58,0.0,0.04,5.2,205.4,1.66,215.8,15:11:00,0.0,3232860091 3232860091,ПОДИ ЕООД
2026-06-05,1148 Варна пристанище,С6524НС,78970153027720118,DIESEL EKONOMY,64.57,L15,1.58,0.0,0.04,2.58,102.02,1.66,107.19,14:27:00,0.0,3232912757 3232912757,ПОДИ ЕООД
2026-06-05,1172 Русе Шелф,Туба2,78970153027720753,DIESEL EKONOMY,76.52,L15,1.58,0.0,0.04,3.06,120.9,1.66,127.02,11:21:00,0.0,3232878869 3232878869,ПОДИ ЕООД
2026-06-05,1172 Русе Шелф,Туба2,78970153027720753,95 EKONOMY UNLEADED,9.26,L15,1.51,0.0,0.04,0.37,13.98,1.57,14.54,11:15:00,0.0,3232905481 3232905481,ПОДИ ЕООД
2026-06-06,1911 O5 Варна,В3771ТР,78970153027720076,DIESEL EKONOMY,53.34,L15,1.57,0.0,0.04,2.13,83.74,1.64,87.48,07:32:00,0.0,3232949926 3232949926,ПОДИ ЕООД
2026-06-08,1148 Варна пристанище,В8661НР,78970153027720100,DIESEL EKONOMY,36.59,L15,1.57,0.0,0.04,1.46,57.45,1.64,60.01,06:21:00,0.0,3233045721 3233045721,ПОДИ ЕООД
2026-06-08,1148 Варна пристанище,B12563,78970153027720191,DIESEL EKONOMY,100.0,L15,1.57,0.0,0.04,4.0,157.0,1.64,164.0,06:17:00,0.0,3233048309 3233048309,ПОДИ ЕООД
2026-06-09,1148 Варна пристанище,3,78970153027720217,95 EKONOMY UNLEADED,12.82,L15,1.48,0.0,0.04,0.51,18.97,1.56,20.0,13:32:00,0.0,3233100090 3233100090,ПОДИ ЕООД
2026-06-09,1148 Варна пристанище,3,78970153027720217,E GAS LPG,29.5,L15,0.72,0.0,0.0,,21.24,0.72,21.24,13:31:00,0.0,3233104644 3233104644,ПОДИ ЕООД
2026-06-09,1172 Русе Шелф,Туба2,78970153027720753,DIESEL EKONOMY,70.48,L15,1.55,0.0,0.04,2.82,109.24,1.64,115.59,07:13:00,0.0,3233092590 3233092590,ПОДИ ЕООД
2026-06-09,1172 Русе Шелф,Туба2,78970153027720753,95 EKONOMY UNLEADED,19.14,L15,1.48,0.0,0.04,0.77,28.33,1.56,29.86,07:09:00,0.0,3233098210 3233098210,ПОДИ ЕООД
2026-06-11,1147 Варна Ситроен,В08283,78970153027720019,DIESEL EKONOMY,104.12,L15,1.55,0.0,0.04,4.16,161.39,1.62,168.67,10:46:00,0.0,3233188061 3233188061,ПОДИ ЕООД
2026-06-11,1172 Русе Шелф,Туба2,78970153027720753,DIESEL EKONOMY,68.24,L15,1.55,0.0,0.04,2.73,105.77,1.62,110.55,07:13:00,0.0,3233194965 3233194965,ПОДИ ЕООД
2026-06-11,1172 Русе Шелф,Туба2,78970153027720753,95 EKONOMY UNLEADED,27.08,L15,1.48,0.0,0.04,1.08,40.08,1.56,42.24,07:16:00,0.0,3233195244 3233195244,ПОДИ ЕООД
2026-06-12,1172 Русе Шелф,CB6921TM,78970153027720167,DIESEL EKONOMY,76.9,L15,1.55,0.0,0.04,3.08,119.2,1.61,123.81,15:47:00,0.0,3233258084 3233258084,ПОДИ ЕООД
2026-06-15,1147 Варна Ситроен,В3771ТР,78970153027720076,DIESEL EKONOMY,28.14,L15,1.55,0.0,0.04,1.13,43.62,1.6,45.02,05:08:00,0.0,3233362932 3233362932,ПОДИ ЕООД
2026-06-15,1147 Варна Ситроен,Туба2,78970153027720753,DIESEL EKONOMY,63.83,L15,1.55,0.0,0.04,2.55,98.94,1.6,102.13,05:06:00,0.0,3233381673 3233381673,ПОДИ ЕООД
2026-06-16,1148 Варна пристанище,2,78970153027720209,95 EKONOMY UNLEADED,7.36,L15,1.48,0.0,0.04,0.29,10.89,1.56,11.48,15:36:00,0.0,3233442826 3233442826,ПОДИ ЕООД
2026-06-16,1172 Русе Шелф,Туба2,78970153027720753,DIESEL EKONOMY,95.44,L15,1.55,0.0,0.04,3.82,147.93,1.59,151.75,07:08:00,0.0,3233435939 3233435939,ПОДИ ЕООД
2026-06-17,1172 Русе Шелф,Туба2,78970153027720753,95 EKONOMY UNLEADED,10.87,L15,1.46,0.0,0.04,0.43,15.87,1.55,16.85,07:02:00,0.0,3233478884 3233478884,ПОДИ ЕООД
2026-06-18,1148 Варна пристанище,3,78970153027720217,E GAS LPG,32.62,L15,0.66,0.0,0.0,,21.53,0.66,21.53,11:37:00,0.0,3233530679 3233530679,ПОДИ ЕООД
2026-06-19,1172 Русе Шелф,Туба2,78970153027720753,DIESEL EKONOMY,70.16,L15,1.54,0.0,0.04,2.81,108.05,1.56,109.45,17:15:00,0.0,3233593943 3233593943,ПОДИ ЕООД
2026-06-21,1156 Добрич бул. Добруджа,1,78970153027720043,DIESEL EKONOMY,51.28,L15,1.5,0.0,0.03,1.54,76.92,1.54,78.97,11:35:00,0.0,3233690069 3233690069,ПОДИ ЕООД
2026-06-22,1147 Варна Ситроен,В08283,78970153027720019,DIESEL EKONOMY,75.75,L15,1.47,0.0,0.03,2.27,111.35,1.52,115.14,09:50:00,0.0,3233715634 3233715634,ПОДИ ЕООД
2026-06-23,1172 Русе Шелф,Туба2,78970153027720753,DIESEL EKONOMY,58.0,L15,1.47,0.0,0.03,1.74,85.26,1.52,88.16,17:22:00,0.0,3233766344 3233766344,ПОДИ ЕООД
2026-06-23,1172 Русе Шелф,Туба2,78970153027720753,DIESEL EKONOMY,91.94,L15,1.47,0.0,0.03,2.76,135.15,1.52,139.75,07:04:00,0.0,3233768195 3233768195,ПОДИ ЕООД
2026-06-23,1172 Русе Шелф,Туба2,78970153027720753,95 EKONOMY UNLEADED,10.24,L15,1.42,0.0,0.03,0.31,14.54,1.51,15.46,07:04:00,0.0,3233768195 3233768195,ПОДИ ЕООД
2026-06-24,1148 Варна пристанище,В8661НР,78970153027720100,DIESEL EKONOMY,32.9,L15,1.46,0.0,0.03,0.99,48.03,1.52,50.01,05:59:00,0.0,3233783546 3233783546,ПОДИ ЕООД
2026-06-29,1147 Варна Ситроен,Туба2,78970153027720753,DIESEL EKONOMY,50.88,L15,1.43,0.0,0.03,1.53,72.76,1.51,76.83,05:02:00,0.0,3234044436 3234044436,ПОДИ ЕООД
2026-06-29,1147 Варна Ситроен,Туба2,78970153027720753,95 EKONOMY UNLEADED,9.48,L15,1.39,0.0,0.03,0.28,13.18,1.5,14.22,05:02:00,0.0,3234044436 3234044436,ПОДИ ЕООД
2026-06-29,1195 243 Тракия Езеро,3,78970153027720217,E GAS LPG,37.11,L15,0.66,0.0,0.0,,24.49,0.66,24.49,22:00:00,0.0,3234066376 3234066376,ПОДИ ЕООД
2026-06-20,1156 Добрич бул. Добруджа,P1,78970154027720207,DIESEL EKONOMY,25.97,L15,1.51,0.0,0.04,1.04,39.21,1.54,39.99,19:47:00,0.0,3233644597 3233644597,ПОЛАРИС ЕООД
2026-06-02,1148 Варна пристанище,В8987ВР,78970155027720501,95 EKONOMY UNLEADED,10.0,L15,1.54,0.03,0.0,0.56,15.4,1.57,15.7,12:11:00,0.0,3232765472 3232765472,РАЙОН АСПАРУХОВО
2026-06-02,1148 Варна пристанище,В8987ВР,78970155027720501,E GAS LPG,17.59,L15,0.74,0.01,0.0,-4.57,13.02,0.75,13.19,12:21:00,89505.0,3232765492 3232765492,РАЙОН АСПАРУХОВО
2026-06-02,1148 Варна пристанище,В7243ВР,78970155027720519,95 EKONOMY UNLEADED,36.51,L15,1.54,0.03,0.0,2.04,56.23,1.57,57.32,14:09:00,81018.0,3232769622 3232769622,РАЙОН АСПАРУХОВО
2026-06-08,1148 Варна пристанище,В2525КН,78970155027720493,95 EKONOMY UNLEADED,46.6,L15,1.53,0.03,0.0,3.08,71.3,1.56,72.7,11:53:00,334685.0,3233053319 3233053319,РАЙОН АСПАРУХОВО
2026-06-08,1148 Варна пристанище,В8987ВР,78970155027720501,E GAS LPG,23.4,L15,0.71,0.01,0.0,-6.79,16.61,0.72,16.85,16:29:00,89693.0,3233061220 3233061220,РАЙОН АСПАРУХОВО
2026-06-09,1148 Варна пристанище,В7243ВР,78970155027720519,95 EKONOMY UNLEADED,36.64,L15,1.53,0.03,0.0,3.15,56.06,1.56,57.16,12:01:00,81380.0,3233102700 3233102700,РАЙОН АСПАРУХОВО
2026-06-12,1148 Варна пристанище,В8987ВР,78970155027720501,E GAS LPG,24.07,L15,0.67,0.01,0.0,-7.94,16.13,0.68,16.37,14:08:00,89913.0,3233256004 3233256004,РАЙОН АСПАРУХОВО
2026-06-16,1148 Варна пристанище,В2071ХК,78970155027720527,95 EKONOMY UNLEADED,44.55,L15,1.53,0.03,0.0,3.83,68.16,1.56,69.5,11:38:00,6587.0,3233404371 3233404371,РАЙОН АСПАРУХОВО
2026-06-18,1148 Варна пристанище,В8987ВР,78970155027720501,E GAS LPG,21.02,L15,0.65,0.01,0.0,-7.36,13.66,0.66,13.87,11:50:00,90124.0,3233533209 3233533209,РАЙОН АСПАРУХОВО
2026-06-18,1148 Варна пристанище,В7243ВР,78970155027720519,95 EKONOMY UNLEADED,38.06,L15,1.52,0.03,0.0,3.65,57.85,1.55,58.99,14:20:00,81739.0,3233534398 3233534398,РАЙОН АСПАРУХОВО
2026-06-23,1148 Варна пристанище,В8987ВР,78970155027720501,E GAS LPG,21.67,L15,0.65,0.01,0.0,-7.58,14.09,0.66,14.3,13:30:00,90315.0,3233770151 3233770151,РАЙОН АСПАРУХОВО
2026-06-29,1146 Варна Сливница,В8987ВР,78970155027720501,E GAS LPG,24.48,L15,0.65,0.01,0.0,-8.57,15.91,0.66,16.16,13:33:00,90526.0,3234037787 3234037787,РАЙОН АСПАРУХОВО
2026-06-29,1148 Варна пристанище,В2525КН,78970155027720493,95 EKONOMY UNLEADED,52.42,L15,1.47,0.03,0.0,5.82,77.06,1.5,78.63,14:23:00,335017.0,3234064312 3234064312,РАЙОН АСПАРУХОВО
2026-06-30,1148 Варна пристанище,В2071ХК,78970155027720527,95 EKONOMY UNLEADED,47.92,L15,1.47,0.03,0.0,5.32,70.44,1.5,71.88,11:05:00,7137.0,3234094421 3234094421,РАЙОН АСПАРУХОВО
2026-06-02,1147 Варна Ситроен,В5786КН,78970155027720741,95 EKONOMY UNLEADED,39.07,L15,1.54,0.03,0.0,2.19,60.17,1.57,61.34,11:33:00,306860.0,3232758909 3232758909,РАЙОН ВЛАДИСЛАВ ВАРНЕНЧИК - ОБЩ
2026-06-03,1147 Варна Ситроен,В0843ТМ,78970155027720758,E GAS LPG,19.73,L15,0.73,0.01,0.0,-5.33,14.4,0.74,14.6,09:30:00,116930.0,3232803659 3232803659,РАЙОН ВЛАДИСЛАВ ВАРНЕНЧИК - ОБЩ
2026-06-03,1147 Варна Ситроен,В8990ВР,78970155027720766,E GAS LPG,34.09,L15,0.73,0.01,0.0,-9.2,24.89,0.74,25.23,10:50:00,115115.0,3232805360 3232805360,РАЙОН ВЛАДИСЛАВ ВАРНЕНЧИК - ОБЩ
2026-06-03,1147 Варна Ситроен,В8990ВР,78970155027720766,EKO RACING 100,10.0,L15,1.78,0.04,0.0,0.52,17.8,1.82,18.2,10:50:00,115115.0,3232805360 3232805360,РАЙОН ВЛАДИСЛАВ ВАРНЕНЧИК - ОБЩ
2026-06-08,1147 Варна Ситроен,В8990ВР,78970155027720766,E GAS LPG,28.43,L15,0.71,0.01,0.0,-8.24,20.19,0.72,20.47,14:16:00,115350.0,3233012984 3233012984,РАЙОН ВЛАДИСЛАВ ВАРНЕНЧИК - ОБЩ
2026-06-11,1147 Варна Ситроен,В8990ВР,78970155027720766,E GAS LPG,22.7,L15,0.68,0.01,0.0,-7.26,15.44,0.69,15.66,11:47:00,115550.0,3233170869 3233170869,РАЙОН ВЛАДИСЛАВ ВАРНЕНЧИК - ОБЩ
2026-06-11,1147 Варна Ситроен,В0843ТМ,78970155027720758,E GAS LPG,25.0,L15,0.68,0.01,0.0,-8.0,17.0,0.69,17.25,07:19:00,117165.0,3233187910 3233187910,РАЙОН ВЛАДИСЛАВ ВАРНЕНЧИК - ОБЩ
2026-06-16,1147 Варна Ситроен,В0843ТМ,78970155027720758,E GAS LPG,37.48,L15,0.66,0.01,0.0,-12.74,24.74,0.67,25.11,14:57:00,117320.0,3233422581 3233422581,РАЙОН ВЛАДИСЛАВ ВАРНЕНЧИК - ОБЩ
2026-06-16,1147 Варна Ситроен,В8990ВР,78970155027720766,E GAS LPG,31.07,L15,0.66,0.01,0.0,-10.56,20.51,0.67,20.82,15:37:00,115760.0,3233438645 3233438645,РАЙОН ВЛАДИСЛАВ ВАРНЕНЧИК - ОБЩ
2026-06-16,1199 Varna Car Osvoboditel,В5786КН,78970155027720741,95 EKONOMY UNLEADED,21.48,L15,1.53,0.03,0.0,1.85,32.86,1.56,33.51,11:53:00,307113.0,3233444849 3233444849,РАЙОН ВЛАДИСЛАВ ВАРНЕНЧИК - ОБЩ
2026-06-19,1147 Варна Ситроен,В8990ВР,78970155027720766,E GAS LPG,13.36,L15,0.65,0.01,0.0,-4.68,8.68,0.66,8.82,13:56:00,115920.0,3233576746 3233576746,РАЙОН ВЛАДИСЛАВ ВАРНЕНЧИК - ОБЩ
2026-06-22,1147 Варна Ситроен,В0843ТМ,78970155027720758,E GAS LPG,28.67,L15,0.65,0.01,0.0,-10.03,18.64,0.66,18.92,14:41:00,117520.0,3233695723 3233695723,РАЙОН ВЛАДИСЛАВ ВАРНЕНЧИК - ОБЩ
2026-06-24,1147 Варна Ситроен,В5786КН,78970155027720741,95 EKONOMY UNLEADED,42.63,L15,1.48,0.03,0.0,4.31,63.09,1.51,64.37,10:23:00,307370.0,3233805247 3233805247,РАЙОН ВЛАДИСЛАВ ВАРНЕНЧИК - ОБЩ
2026-06-24,1147 Варна Ситроен,В0843ТМ,78970155027720758,E GAS LPG,25.35,L15,0.65,0.01,0.0,-8.87,16.48,0.66,16.73,12:40:00,114700.0,3233806162 3233806162,РАЙОН ВЛАДИСЛАВ ВАРНЕНЧИК - ОБЩ
2026-06-26,1199 Varna Car Osvoboditel,В8990ВР,78970155027720766,E GAS LPG,28.88,L15,0.65,0.01,0.0,-10.11,18.77,0.66,19.06,10:39:00,116120.0,3233953100 3233953100,РАЙОН ВЛАДИСЛАВ ВАРНЕНЧИК - ОБЩ
2026-06-29,1147 Варна Ситроен,В0843ТМ,78970155027720758,E GAS LPG,37.08,L15,0.65,0.01,0.0,-12.98,24.1,0.66,24.47,21:54:00,117940.0,3234067920 3234067920,РАЙОН ВЛАДИСЛАВ ВАРНЕНЧИК - ОБЩ
2026-06-30,1147 Варна Ситроен,В8990ВР,78970155027720766,E GAS LPG,26.77,L15,0.65,0.01,0.0,-9.37,17.4,0.66,17.67,13:55:00,116250.0,3234098555 3234098555,РАЙОН ВЛАДИСЛАВ ВАРНЕНЧИК - ОБЩ
2026-06-01,1147 Варна Ситроен,В0235РС,78970155027720543,95 EKONOMY UNLEADED,20.0,L15,1.54,0.03,0.0,1.12,30.8,1.57,31.4,10:35:00,0.0,3232698161 3232698161,РАЙОН МЛАДОСТ - ОБЩИНА ВАРНА
2026-06-01,1147 Варна Ситроен,В8894ХВ,78970155027720576,DIESEL EKONOMY,83.57,L15,1.66,0.03,0.0,7.6,138.73,1.69,141.23,08:36:00,0.0,3232711032 3232711032,РАЙОН МЛАДОСТ - ОБЩИНА ВАРНА
2026-06-03,1147 Варна Ситроен,В7240ВР,78970155027720568,E GAS LPG,30.77,L15,0.73,0.01,0.0,-8.31,22.46,0.74,22.77,12:28:00,0.0,3232804745 3232804745,РАЙОН МЛАДОСТ - ОБЩИНА ВАРНА
2026-06-05,1146 Варна Сливница,В8992ВР,78970155027720550,E GAS LPG,27.08,L15,0.73,0.01,0.0,-7.31,19.77,0.74,20.04,11:14:00,0.0,3232880684 3232880684,РАЙОН МЛАДОСТ - ОБЩИНА ВАРНА
2026-06-08,1147 Варна Ситроен,В7240ВР,78970155027720568,E GAS LPG,25.83,L15,0.71,0.01,0.0,-7.49,18.34,0.72,18.6,09:08:00,0.0,3233019092 3233019092,РАЙОН МЛАДОСТ - ОБЩИНА ВАРНА
2026-06-11,1147 Варна Ситроен,В7240ВР,78970155027720568,E GAS LPG,28.58,L15,0.68,0.01,0.0,-9.15,19.43,0.69,19.72,12:38:00,0.0,3233187084 3233187084,РАЙОН МЛАДОСТ - ОБЩИНА ВАРНА
2026-06-11,1147 Варна Ситроен,В7240ВР,78970155027720568,95 EKONOMY UNLEADED,10.0,L15,1.53,0.03,0.0,0.86,15.3,1.56,15.6,12:44:00,0.0,3233190769 3233190769,РАЙОН МЛАДОСТ - ОБЩИНА ВАРНА
2026-06-12,1146 Варна Сливница,В0235РС,78970155027720543,95 EKONOMY UNLEADED,20.0,L15,1.53,0.03,0.0,1.72,30.6,1.56,31.2,13:50:00,0.0,3233238687 3233238687,РАЙОН МЛАДОСТ - ОБЩИНА ВАРНА
2026-06-18,1147 Варна Ситроен,В7240ВР,78970155027720568,E GAS LPG,30.8,L15,0.65,0.01,0.0,-10.78,20.02,0.66,20.33,08:25:00,0.0,3233502650 3233502650,РАЙОН МЛАДОСТ - ОБЩИНА ВАРНА
2026-06-23,1146 Варна Сливница,В0235РС,78970155027720543,95 EKONOMY UNLEADED,20.0,L15,1.48,0.03,0.0,1.82,29.6,1.51,30.2,09:07:00,0.0,3233748023 3233748023,РАЙОН МЛАДОСТ - ОБЩИНА ВАРНА
2026-06-24,1147 Варна Ситроен,В7240ВР,78970155027720568,E GAS LPG,37.58,L15,0.65,0.01,0.0,-13.15,24.43,0.66,24.8,08:33:00,0.0,3233800671 3233800671,РАЙОН МЛАДОСТ - ОБЩИНА ВАРНА
2026-06-24,1147 Варна Ситроен,В0233РС,78970155027720535,95 EKONOMY UNLEADED,35.0,L15,1.48,0.03,0.0,3.53,51.8,1.51,52.85,12:12:00,0.0,3233805379 3233805379,РАЙОН МЛАДОСТ - ОБЩИНА ВАРНА
2026-06-25,1146 Варна Сливница,В0235РС,78970155027720543,95 EKONOMY UNLEADED,20.0,L15,1.48,0.03,0.0,2.02,29.6,1.51,30.2,14:29:00,0.0,3233836528 3233836528,РАЙОН МЛАДОСТ - ОБЩИНА ВАРНА
2026-06-30,1147 Варна Ситроен,В0235РС,78970155027720543,95 EKONOMY UNLEADED,25.0,L15,1.47,0.03,0.0,2.77,36.75,1.5,37.5,13:00:00,0.0,3234096957 3234096957,РАЙОН МЛАДОСТ - ОБЩИНА ВАРНА
2026-06-30,1147 Варна Ситроен,В7240ВР,78970155027720568,E GAS LPG,37.04,L15,0.65,0.01,0.0,-12.96,24.08,0.66,24.45,14:15:00,0.0,3234099136 3234099136,РАЙОН МЛАДОСТ - ОБЩИНА ВАРНА
2026-06-01,1148 Варна пристанище,B0593BT,78970155027722036,E GAS LPG,23.68,L15,0.76,0.01,0.0,-5.68,18.0,0.77,18.23,15:31:00,58385.0,3232718986 3232718986,РАЙОН ОДЕСОС
2026-06-05,1148 Варна пристанище,B8984BP,78970155027722051,E GAS LPG,26.7,L15,0.73,0.01,0.0,-7.21,19.49,0.74,19.76,17:56:00,64381.0,3232920178 3232920178,РАЙОН ОДЕСОС
2026-06-09,1148 Варна пристанище,B0593BT,78970155027722036,E GAS LPG,24.08,L15,0.71,0.01,0.0,-6.98,17.1,0.72,17.34,11:46:00,58578.0,3233097988 3233097988,РАЙОН ОДЕСОС
2026-06-12,1148 Варна пристанище,B8984BP,78970155027722051,E GAS LPG,26.29,L15,0.67,0.01,0.0,-8.68,17.61,0.68,17.88,09:32:00,64533.0,3233247187 3233247187,РАЙОН ОДЕСОС
2026-06-12,1148 Варна пристанище,B7235BP,78970155027722044,E GAS LPG,26.07,L15,0.67,0.01,0.0,-8.6,17.47,0.68,17.73,11:56:00,45480.0,3233252543 3233252543,РАЙОН ОДЕСОС
2026-06-19,1148 Варна пристанище,B8984BP,78970155027722051,E GAS LPG,23.73,L15,0.65,0.01,0.0,-8.31,15.42,0.66,15.66,11:40:00,64720.0,3233534044 3233534044,РАЙОН ОДЕСОС
2026-06-19,1148 Варна пристанище,B7235BP,78970155027722044,E GAS LPG,11.08,L15,0.65,0.01,0.0,-3.88,7.2,0.66,7.31,08:51:00,45549.0,3233582762 3233582762,РАЙОН ОДЕСОС
2026-06-22,1148 Варна пристанище,B0593BT,78970155027722036,E GAS LPG,11.42,L15,0.65,0.01,0.0,-4.0,7.42,0.66,7.54,13:55:00,58778.0,3233713798 3233713798,РАЙОН ОДЕСОС
2026-06-26,1148 Варна пристанище,B0593BT,78970155027722036,E GAS LPG,23.53,L15,0.65,0.01,0.0,-8.24,15.29,0.66,15.53,09:05:00,58815.0,3233938012 3233938012,РАЙОН ОДЕСОС
2026-06-26,1148 Варна пристанище,B8984BP,78970155027722051,E GAS LPG,25.83,L15,0.65,0.01,0.0,-9.04,16.79,0.66,17.05,16:44:00,64894.0,3233948610 3233948610,РАЙОН ОДЕСОС
2026-06-30,1148 Варна пристанище,B8984BP,78970155027722051,E GAS LPG,22.77,L15,0.65,0.01,0.0,-7.97,14.8,0.66,15.03,08:56:00,65022.0,3234097275 3234097275,РАЙОН ОДЕСОС
2026-06-04,1158 Варна Чайка,В5782КН,78970155027721376,95 EKONOMY UNLEADED,40.0,L15,1.54,0.03,0.0,2.64,61.6,1.57,62.8,09:15:00,279360.0,3232852570 3232852570,РАЙОН ПРИМОРСКИ – ОБЩИНА ВАРНА
2026-06-08,1158 Варна Чайка,В5782КН,78970155027721376,95 EKONOMY UNLEADED,42.0,L15,1.53,0.03,0.0,2.77,64.26,1.56,65.52,15:02:00,279530.0,3233053206 3233053206,РАЙОН ПРИМОРСКИ – ОБЩИНА ВАРНА
2026-06-11,1158 Варна Чайка,В7241ВР,78970155027721400,E GAS LPG,32.0,L15,0.68,0.01,0.0,-10.24,21.76,0.69,22.08,09:42:00,55289.0,3233193226 3233193226,РАЙОН ПРИМОРСКИ – ОБЩИНА ВАРНА
2026-06-11,1911 O5 Варна,В8981ВР,78970155027721392,E GAS LPG,29.97,L15,0.68,0.01,0.0,-9.59,20.38,0.69,20.68,16:14:00,81560.0,3233195810 3233195810,РАЙОН ПРИМОРСКИ – ОБЩИНА ВАРНА
2026-06-15,1158 Варна Чайка,В5782КН,78970155027721376,95 EKONOMY UNLEADED,39.0,L15,1.53,0.03,0.0,3.35,59.67,1.56,60.84,12:12:00,279830.0,3233390925 3233390925,РАЙОН ПРИМОРСКИ – ОБЩИНА ВАРНА
2026-06-17,1158 Варна Чайка,В8981ВР,78970155027721392,E GAS LPG,30.48,L15,0.66,0.01,0.0,-10.36,20.12,0.67,20.42,14:25:00,81820.0,3233481380 3233481380,РАЙОН ПРИМОРСКИ – ОБЩИНА ВАРНА
2026-06-22,1158 Варна Чайка,В5782КН,78970155027721376,95 EKONOMY UNLEADED,39.0,L15,1.48,0.03,0.0,3.55,57.72,1.51,58.89,09:13:00,280142.0,3233718742 3233718742,РАЙОН ПРИМОРСКИ – ОБЩИНА ВАРНА
2026-06-24,1158 Варна Чайка,В8981ВР,78970155027721392,E GAS LPG,27.45,L15,0.65,0.01,0.0,-9.61,17.84,0.66,18.12,13:49:00,82000.0,3233811670 3233811670,РАЙОН ПРИМОРСКИ – ОБЩИНА ВАРНА
2026-06-24,1158 Варна Чайка,В8981ВР,78970155027721392,95 EKONOMY UNLEADED,10.0,L15,1.48,0.03,0.0,1.01,14.8,1.51,15.1,13:53:00,82000.0,3233812739 3233812739,РАЙОН ПРИМОРСКИ – ОБЩИНА ВАРНА
2026-06-24,1158 Варна Чайка,В7241ВР,78970155027721400,E GAS LPG,35.73,L15,0.65,0.01,0.0,-12.51,23.22,0.66,23.58,15:33:00,0.0,3233815626 3233815626,РАЙОН ПРИМОРСКИ – ОБЩИНА ВАРНА
2026-06-24,1158 Варна Чайка,В7241ВР,78970155027721400,95 EKONOMY UNLEADED,12.0,L15,1.48,0.03,0.0,1.21,17.76,1.51,18.12,15:30:00,55540.0,3233815818 3233815818,РАЙОН ПРИМОРСКИ – ОБЩИНА ВАРНА
2026-06-30,1158 Варна Чайка,В8981ВР,78970155027721392,E GAS LPG,30.54,L15,0.65,0.01,0.0,-10.69,19.85,0.66,20.16,10:48:00,82251.0,3234104016 3234104016,РАЙОН ПРИМОРСКИ – ОБЩИНА ВАРНА
2026-06-26,1147 Варна Ситроен,ТХ4583АР,78970153027721470,DIESEL EKONOMY,285.38,L15,1.42,0.0,0.01,2.85,405.24,1.51,430.92,02:58:00,0.0,3233917311 3233917311,СИЙД ЕКСПРЕС ЕООД
2026-06-27,1147 Варна Ситроен,В2525НХ,78970153027721504,DIESEL EKONOMY,47.3,L15,1.42,0.0,0.01,0.47,67.17,1.51,71.42,19:07:00,0.0,3233962690 3233962690,СИЙД ЕКСПРЕС ЕООД
2026-06-30,1147 Варна Ситроен,ТХ4583АР,78970153027721470,DIESEL EKONOMY,279.28,L15,1.41,0.0,0.01,2.79,393.78,1.51,421.71,03:12:00,0.0,3234078028 3234078028,СИЙД ЕКСПРЕС ЕООД
2026-06-30,1147 Варна Ситроен,StefanSЕ,78970153027721447,DIESEL EKONOMY,45.77,L15,1.41,0.0,0.01,0.46,64.54,1.51,69.11,15:22:00,0.0,3234103112 3234103112,СИЙД ЕКСПРЕС ЕООД
2026-06-04,1158 Варна Чайка,1S,78970153027720720,DIESEL EKONOMY,66.73,L15,1.58,0.0,0.04,2.67,105.43,1.66,110.77,18:49:00,0.0,3232866641 3232866641,СКАЛА 13 - СТОЙЧО СТОЕВ ЕТ
2026-06-14,1922 Kardzhali Belomorski,2S,78970153027720738,DIESEL EKONOMY,33.25,L15,1.55,0.0,0.04,1.33,51.54,1.59,52.87,16:39:00,0.0,3233354656 3233354656,СКАЛА 13 - СТОЙЧО СТОЕВ ЕТ
2026-06-21,"1909 О5, Хасково",2S,78970153027720738,DIESEL EKONOMY,40.0,L15,1.51,0.0,0.04,1.6,60.4,1.54,61.6,12:15:00,0.0,3233686738 3233686738,СКАЛА 13 - СТОЙЧО СТОЕВ ЕТ
2026-06-22,1147 Варна Ситроен,1S,78970153027720720,DIESEL EKONOMY,58.04,L15,1.48,0.0,0.04,2.32,85.9,1.52,88.22,09:04:00,0.0,3233715526 3233715526,СКАЛА 13 - СТОЙЧО СТОЕВ ЕТ
2026-06-28,1158 Варна Чайка,1S,78970153027720720,DIESEL EKONOMY,66.49,L15,1.45,0.0,0.04,2.66,96.41,1.51,100.4,17:19:00,0.0,3234015040 3234015040,СКАЛА 13 - СТОЙЧО СТОЕВ ЕТ
2026-06-03,1101 София Ихтиман,СВ8630СК,78970153027721132,95 EKONOMY UNLEADED,28.53,L15,1.51,0.0,0.03,0.86,43.08,1.58,45.08,12:37:00,0.0,3232804209 3232804209,СКИМПРОТ ООД % ГРУПА 1
2026-06-03,1171 Кулата,СВ6794ХС,78970153027721165,95 EKONOMY UNLEADED,21.97,L15,1.51,0.0,0.03,0.66,33.17,1.58,34.71,14:45:00,72100.0,3232818901 3232818901,СКИМПРОТ ООД % ГРУПА 1
2026-06-06,"1901 София, Младост 4-ти км",СВ8220ХР,78970153027721116,95 EKONOMY UNLEADED,33.22,L15,1.49,0.0,0.03,1.0,49.5,1.56,51.82,09:36:00,0.0,3232933990 3232933990,СКИМПРОТ ООД % ГРУПА 1
2026-06-10,"1902 София, О5 Малинова Долина",СВ3774ТТ,78970153027721157,DIESEL DOUBLE FILTERED,59.49,L15,1.8,0.0,0.09,5.35,107.08,1.9,113.03,11:50:00,0.0,3233135559 3233135559,СКИМПРОТ ООД % ГРУПА 1
2026-06-11,1101 София Ихтиман,СВ8630СК,78970153027721132,95 EKONOMY UNLEADED,24.66,L15,1.47,0.0,0.03,0.74,36.25,1.57,38.72,11:19:00,0.0,3233189819 3233189819,СКИМПРОТ ООД % ГРУПА 1
2026-06-11,1184 София Дружба2,СВ5349ММ,78970153027721140,95 EKONOMY UNLEADED,31.47,L15,1.47,0.0,0.03,0.94,46.26,1.56,49.09,20:28:00,0.0,3233206106 3233206106,СКИМПРОТ ООД % ГРУПА 1
2026-06-12,"1901 София, Младост 4-ти км",СВ1514СТ,78970153027721124,95 EKONOMY UNLEADED,33.85,L15,1.47,0.0,0.03,1.02,49.76,1.56,52.81,17:08:00,0.0,3233246743 3233246743,СКИМПРОТ ООД % ГРУПА 1
2026-06-16,"1901 София, Младост 4-ти км",СВ1514СТ,78970153027721124,95 EKONOMY UNLEADED,34.12,L15,1.47,0.0,0.03,1.02,50.16,1.56,53.23,16:28:00,0.0,3233433471 3233433471,СКИМПРОТ ООД % ГРУПА 1
2026-06-17,1157 Пловдив Тракия,СВ8220ХР,78970153027721116,95 EKONOMY UNLEADED,19.25,L15,1.45,0.0,0.03,0.58,27.91,1.56,30.03,09:43:00,0.0,3233481230 3233481230,СКИМПРОТ ООД % ГРУПА 1
2026-06-19,1101 София Ихтиман,РА7887КМ,78970153027721173,95 EKONOMY UNLEADED,14.95,L15,1.45,0.0,0.03,0.45,21.68,1.55,23.17,15:07:00,0.0,3233578333 3233578333,СКИМПРОТ ООД % ГРУПА 1
2026-06-19,1101 София Ихтиман,РА7887КМ,78970153027721173,E GAS LPG,27.3,L15,0.66,0.0,0.0,,18.02,0.66,18.02,15:07:00,0.0,3233578333 3233578333,СКИМПРОТ ООД % ГРУПА 1
2026-06-19,"1902 София, О5 Малинова Долина",СВ8630СК,78970153027721132,95 EKONOMY UNLEADED,24.0,L15,1.45,0.0,0.03,0.72,34.8,1.54,36.96,11:40:00,0.0,3233574367 3233574367,СКИМПРОТ ООД % ГРУПА 1
2026-06-26,"1901 София, Младост 4-ти км",СВ8220ХР,78970153027721116,95 EKONOMY UNLEADED,29.11,L15,1.4,0.0,0.03,0.87,40.75,1.5,43.66,19:42:00,0.0,3233910794 3233910794,СКИМПРОТ ООД % ГРУПА 1
2026-06-01,1101 София Ихтиман,СВ9234ВН,78970153027721215,DIESEL EKONOMY,34.8,L15,1.61,0.0,0.04,1.39,56.03,1.72,59.86,09:12:00,0.0,3232711044 3232711044,СКИМПРОТ ООД % ГРУПА 2
2026-06-01,1101 София Ихтиман,СВ6217СТ,78970153027721058,E GAS LPG,44.74,L15,0.78,0.0,0.0,,34.9,0.78,34.9,09:59:00,0.0,3232711821 3232711821,СКИМПРОТ ООД % ГРУПА 2
2026-06-01,1103 Велико Търново изход,СВ5410ХА,78970153027721066,E GAS LPG,31.44,L15,0.77,0.0,0.0,,24.21,0.77,24.21,14:29:00,0.0,3232722446 3232722446,СКИМПРОТ ООД % ГРУПА 2
2026-06-02,1101 София Ихтиман,СВ0495СО,78970152027720136,DIESEL EKONOMY,35.1,L15,1.6,0.0,0.04,1.4,56.16,1.72,60.37,06:39:00,0.0,3232756518 3232756518,СКИМПРОТ ООД % ГРУПА 2
2026-06-03,1184 София Дружба2,СВ0495СО,78970152027720136,DIESEL EKONOMY,46.98,L15,1.6,0.0,0.04,1.88,75.17,1.69,79.4,17:05:00,0.0,3232810192 3232810192,СКИМПРОТ ООД % ГРУПА 2
2026-06-03,1918 O5 Търговище,СВ5410ХА,78970153027721066,E GAS LPG,35.82,L15,0.74,0.0,0.0,,26.51,0.74,26.51,09:01:00,0.0,3232778970 3232778970,СКИМПРОТ ООД % ГРУПА 2
2026-06-04,1101 София Ихтиман,СВ5416КХ,78970153027721207,DIESEL EKONOMY,38.33,L15,1.58,0.0,0.04,1.53,60.56,1.72,65.93,07:37:00,0.0,3232829033 3232829033,СКИМПРОТ ООД % ГРУПА 2
2026-06-04,1152 Бургас езеро,СВ5410ХА,78970153027721066,E GAS LPG,29.49,L15,0.74,0.0,0.0,,21.82,0.74,21.82,10:23:00,0.0,3232854744 3232854744,СКИМПРОТ ООД % ГРУПА 2
2026-06-08,1184 София Дружба2,СВ5410ХА,78970153027721066,95 EKONOMY UNLEADED,37.18,L15,1.49,0.0,0.03,1.12,55.4,1.56,58.0,13:38:00,0.0,3233022860 3233022860,СКИМПРОТ ООД % ГРУПА 2
2026-06-08,1184 София Дружба2,СВ5410ХА,78970153027721066,E GAS LPG,43.96,L15,0.72,0.0,0.0,,31.65,0.72,31.65,13:38:00,0.0,3233022860 3233022860,СКИМПРОТ ООД % ГРУПА 2
2026-06-10,1101 София Ихтиман,СА1823СМ,78970155027722770,DIESEL EKONOMY,13.12,L15,1.55,0.0,0.04,0.52,20.34,1.66,21.78,10:10:00,0.0,3233139366 3233139366,СКИМПРОТ ООД % ГРУПА 2
2026-06-11,1101 София Ихтиман,СВ0495СО,78970152027720136,DIESEL EKONOMY,41.28,L15,1.55,0.0,0.04,1.65,63.98,1.65,68.11,09:30:00,0.0,3233147229 3233147229,СКИМПРОТ ООД % ГРУПА 2
2026-06-12,"1901 София, Младост 4-ти км",СВ5410ХА,78970153027721066,E GAS LPG,42.23,L15,0.68,0.0,0.0,,28.72,0.68,28.72,15:04:00,0.0,3233220537 3233220537,СКИМПРОТ ООД % ГРУПА 2
2026-06-14,1101 София Ихтиман,СВ5413КХ,78970153027721199,DIESEL EKONOMY,43.69,L15,1.55,0.0,0.04,1.75,67.72,1.63,71.21,07:02:00,208030.0,3233336063 3233336063,СКИМПРОТ ООД % ГРУПА 2
2026-06-15,1195 243 Тракия Езеро,СВ5410ХА,78970153027721066,E GAS LPG,26.97,L15,0.68,0.0,0.0,,18.34,0.68,18.34,15:26:00,0.0,3233392533 3233392533,СКИМПРОТ ООД % ГРУПА 2
2026-06-17,1101 София Ихтиман,СВ5416КХ,78970153027721207,DIESEL EKONOMY,40.36,L15,1.54,0.0,0.04,1.61,62.15,1.63,65.79,07:43:00,0.0,3233456086 3233456086,СКИМПРОТ ООД % ГРУПА 2
2026-06-17,1101 София Ихтиман,СВ0495СО,78970152027720136,DIESEL EKONOMY,35.34,L15,1.54,0.0,0.04,1.41,54.42,1.63,57.6,09:48:00,0.0,3233477135 3233477135,СКИМПРОТ ООД % ГРУПА 2
2026-06-17,1101 София Ихтиман,СВ5410ХА,78970153027721066,E GAS LPG,46.85,L15,0.68,0.0,0.0,,31.86,0.68,31.86,10:26:00,0.0,3233477807 3233477807,СКИМПРОТ ООД % ГРУПА 2
2026-06-19,1101 София Ихтиман,СВ6217СТ,78970153027721058,E GAS LPG,53.0,L15,0.66,0.0,0.0,,34.98,0.66,34.98,09:53:00,0.0,3233574620 3233574620,СКИМПРОТ ООД % ГРУПА 2
2026-06-23,1101 София Ихтиман,СВ6217СТ,78970153027721058,E GAS LPG,52.85,L15,0.66,0.0,0.0,,34.88,0.66,34.88,09:53:00,0.0,3233755889 3233755889,СКИМПРОТ ООД % ГРУПА 2
2026-06-25,1101 София Ихтиман,СВ6217СТ,78970153027721058,E GAS LPG,41.74,L15,0.66,0.0,0.0,,27.55,0.66,27.55,09:07:00,0.0,3233830982 3233830982,СКИМПРОТ ООД % ГРУПА 2
2026-06-25,1101 София Ихтиман,СВ9234ВН,78970153027721215,DIESEL EKONOMY,39.82,L15,1.46,0.0,0.03,1.19,58.14,1.54,61.32,09:11:00,0.0,3233831896 3233831896,СКИМПРОТ ООД % ГРУПА 2
2026-06-25,"1901 София, Младост 4-ти км",СВ5410ХА,78970153027721066,E GAS LPG,40.77,L15,0.66,0.0,0.0,,26.91,0.66,26.91,15:38:00,0.0,3233856820 3233856820,СКИМПРОТ ООД % ГРУПА 2
2026-06-26,"1905 София, О5 Люлин",СВ6217СТ,78970153027721058,E GAS LPG,27.58,L15,0.66,0.0,0.0,,18.2,0.66,18.2,16:23:00,0.0,3233935264 3233935264,СКИМПРОТ ООД % ГРУПА 2
2026-06-29,1101 София Ихтиман,СВ6217СТ,78970153027721058,95 EKONOMY UNLEADED,30.13,L15,1.39,0.0,0.03,0.9,41.88,1.51,45.5,10:21:00,0.0,3234046965 3234046965,СКИМПРОТ ООД % ГРУПА 2
2026-06-29,1101 София Ихтиман,СВ6217СТ,78970153027721058,E GAS LPG,52.2,L15,0.66,0.0,0.0,,34.45,0.66,34.45,10:21:00,0.0,3234046965 3234046965,СКИМПРОТ ООД % ГРУПА 2
2026-06-30,1101 София Ихтиман,СВ5413КХ,78970153027721199,DIESEL EKONOMY,43.7,L15,1.43,0.0,0.03,1.31,62.49,1.54,67.3,07:03:00,208860.0,3234081895 3234081895,СКИМПРОТ ООД % ГРУПА 2
2026-06-30,1101 София Ихтиман,СВ5416КХ,78970153027721207,DIESEL EKONOMY,39.5,L15,1.43,0.0,0.03,1.18,56.48,1.54,60.83,07:44:00,0.0,3234095509 3234095509,СКИМПРОТ ООД % ГРУПА 2
2026-06-01,1147 Варна Ситроен,В9704РР,78970153027720472,DIESEL EKONOMY,40.0,L15,1.6,0.0,0.03,1.2,64.0,1.69,67.6,09:04:00,0.0,3232680865 3232680865,СПЕДСТРОЙ ООД
2026-06-01,1147 Варна Ситроен,22СС,78970153027720555,DIESEL EKONOMY,250.0,L15,1.6,0.0,0.03,7.5,400.0,1.69,422.5,09:46:00,0.0,3232680881 3232680881,СПЕДСТРОЙ ООД
2026-06-01,1147 Варна Ситроен,В3106НР,78970153027720373,DIESEL EKONOMY,255.0,L15,1.6,0.0,0.03,7.65,408.0,1.69,430.95,11:25:00,0.0,3232691061 3232691061,СПЕДСТРОЙ ООД
2026-06-01,1147 Варна Ситроен,22СС,78970153027720555,DIESEL EKONOMY,300.0,L15,1.6,0.0,0.03,9.0,480.0,1.69,507.0,08:48:00,0.0,3232706994 3232706994,СПЕДСТРОЙ ООД
2026-06-01,1147 Варна Ситроен,В3104НР,78970153027720365,DIESEL EKONOMY,250.0,L15,1.6,0.0,0.03,7.5,400.0,1.69,422.5,08:43:00,192880.0,3232710358 3232710358,СПЕДСТРОЙ ООД
2026-06-02,1146 Варна Сливница,21СС,78970153027720613,DIESEL EKONOMY,60.51,L15,1.59,0.0,0.03,1.82,96.21,1.69,102.26,16:34:00,0.0,3232750027 3232750027,СПЕДСТРОЙ ООД
2026-06-02,1147 Варна Ситроен,В1019ХВ,78970153027720290,DIESEL EKONOMY,175.0,L15,1.59,0.0,0.03,5.25,278.25,1.69,295.75,09:01:00,154495.0,3232755864 3232755864,СПЕДСТРОЙ ООД
2026-06-02,1147 Варна Ситроен,22СС,78970153027720555,DIESEL EKONOMY,300.0,L15,1.59,0.0,0.03,9.0,477.0,1.69,507.0,10:26:00,0.0,3232757412 3232757412,СПЕДСТРОЙ ООД
2026-06-02,1147 Варна Ситроен,22СС,78970153027720555,DIESEL EKONOMY,200.03,L15,1.59,0.0,0.03,6.0,318.05,1.69,338.05,14:55:00,0.0,3232763230 3232763230,СПЕДСТРОЙ ООД
2026-06-02,1158 Варна Чайка,В2370ТК,78970153027720548,DIESEL EKONOMY,57.22,L15,1.59,0.0,0.03,1.72,90.98,1.69,96.7,14:20:00,0.0,3232764032 3232764032,СПЕДСТРОЙ ООД
2026-06-03,1103 Велико Търново изход,19СС,78970153027720597,DIESEL DOUBLE FILTERED,37.62,L15,1.84,0.0,0.09,3.39,69.22,1.94,72.98,10:15:00,0.0,3232802979 3232802979,СПЕДСТРОЙ ООД
2026-06-03,1146 Варна Сливница,В4428ТХ,78970153027720530,DIESEL EKONOMY,41.85,L15,1.59,0.0,0.03,1.26,66.54,1.69,70.73,11:29:00,0.0,3232785741 3232785741,СПЕДСТРОЙ ООД
2026-06-03,1147 Варна Ситроен,22СС,78970153027720555,DIESEL EKONOMY,250.0,L15,1.59,0.0,0.03,7.5,397.5,1.69,422.5,11:46:00,0.0,3232806740 3232806740,СПЕДСТРОЙ ООД
2026-06-03,1147 Варна Ситроен,В8661КК,78970153027720464,95 EKONOMY UNLEADED,33.88,L15,1.51,0.0,0.03,1.02,51.16,1.57,53.19,15:52:00,331975.0,3232809683 3232809683,СПЕДСТРОЙ ООД
2026-06-03,1186 Севлиево,19СС,78970153027720597,DIESEL DOUBLE FILTERED,20.98,L15,1.84,0.0,0.09,1.89,38.6,1.94,40.7,17:50:00,0.0,3232822016 3232822016,СПЕДСТРОЙ ООД
2026-06-03,1911 O5 Варна,20СС,78970153027720605,EKO RACING 100,54.44,L15,1.8,0.0,0.07,3.81,97.99,1.82,99.08,15:42:00,0.0,3232807103 3232807103,СПЕДСТРОЙ ООД
2026-06-04,1147 Варна Ситроен,22СС,78970153027720555,DIESEL EKONOMY,130.0,L15,1.57,0.0,0.03,3.9,204.1,1.66,215.8,08:29:00,0.0,3232829796 3232829796,СПЕДСТРОЙ ООД
2026-06-04,1911 O5 Варна,23СС,78970153027720563,95 EKONOMY UNLEADED,26.66,L15,1.5,0.0,0.03,0.8,39.99,1.57,41.86,21:23:00,0.0,3232859851 3232859851,СПЕДСТРОЙ ООД
2026-06-05,1147 Варна Ситроен,22СС,78970153027720555,DIESEL EKONOMY,250.0,L15,1.57,0.0,0.03,7.5,392.5,1.66,415.0,13:34:00,0.0,3232872399 3232872399,СПЕДСТРОЙ ООД
2026-06-05,1147 Варна Ситроен,В0129НА,78970153027720316,DIESEL EKONOMY,60.25,L15,1.57,0.0,0.03,1.81,94.59,1.66,100.02,13:04:00,0.0,3232873666 3232873666,СПЕДСТРОЙ ООД
2026-06-05,1913 О5 Шумен 2,В8661КК,78970153027720464,95 EKONOMY UNLEADED,41.38,L15,1.5,0.0,0.03,1.24,62.07,1.57,64.97,16:59:00,0.0,3232924407 3232924407,СПЕДСТРОЙ ООД
2026-06-06,1147 Варна Ситроен,22СС,78970153027720555,DIESEL EKONOMY,300.0,L15,1.56,0.0,0.03,9.0,468.0,1.64,492.0,09:00:00,0.0,3232947532 3232947532,СПЕДСТРОЙ ООД
2026-06-08,1147 Варна Ситроен,22СС,78970153027720555,DIESEL EKONOMY,60.01,L15,1.56,0.0,0.03,1.8,93.62,1.64,98.42,10:50:00,0.0,3233042765 3233042765,СПЕДСТРОЙ ООД
2026-06-08,1147 Варна Ситроен,22СС,78970153027720555,DIESEL EKONOMY,20.0,L15,1.56,0.0,0.03,0.6,31.2,1.64,32.8,10:53:00,0.0,3233043717 3233043717,СПЕДСТРОЙ ООД
2026-06-08,1147 Варна Ситроен,22СС,78970153027720555,DIESEL EKONOMY,20.0,L15,1.56,0.0,0.03,0.6,31.2,1.64,32.8,10:55:00,0.0,3233043857 3233043857,СПЕДСТРОЙ ООД
2026-06-08,1147 Варна Ситроен,22СС,78970153027720555,DIESEL EKONOMY,40.0,L15,1.56,0.0,0.03,1.2,62.4,1.64,65.6,10:09:00,0.0,3233044117 3233044117,СПЕДСТРОЙ ООД
2026-06-09,1103 Велико Търново изход,19СС,78970153027720597,EKO RACING 100,32.7,L15,1.78,0.0,0.07,2.29,58.21,1.81,59.19,16:09:00,0.0,3233100899 3233100899,СПЕДСТРОЙ ООД
2026-06-09,1146 Варна Сливница,В3675НМ,78970153027720480,DIESEL EKONOMY,50.05,L15,1.54,0.0,0.03,1.5,77.08,1.64,82.08,15:47:00,0.0,3233081011 3233081011,СПЕДСТРОЙ ООД
2026-06-09,1147 Варна Ситроен,В4303РА,78970153027720449,DIESEL EKONOMY,63.0,L15,1.54,0.0,0.03,1.89,97.02,1.64,103.32,11:54:00,498404.0,3233068684 3233068684,СПЕДСТРОЙ ООД
2026-06-09,1913 О5 Шумен 2,В8661КК,78970153027720464,95 EKONOMY UNLEADED,38.64,L15,1.47,0.0,0.03,1.16,56.8,1.56,60.28,17:20:00,0.0,3233111243 3233111243,СПЕДСТРОЙ ООД
2026-06-10,1147 Варна Ситроен,24СС,78970153027720571,DIESEL EKONOMY,37.22,L15,1.54,0.0,0.03,1.12,57.32,1.63,60.67,09:10:00,0.0,3233140132 3233140132,СПЕДСТРОЙ ООД
2026-06-11,1147 Варна Ситроен,22СС,78970153027720555,DIESEL EKONOMY,300.0,L15,1.54,0.0,0.03,9.0,462.0,1.62,486.0,08:21:00,0.0,3233185659 3233185659,СПЕДСТРОЙ ООД
2026-06-11,1158 Варна Чайка,В2370ТК,78970153027720548,DIESEL EKONOMY,61.07,L15,1.54,0.0,0.03,1.83,94.05,1.62,98.93,10:00:00,0.0,3233194219 3233194219,СПЕДСТРОЙ ООД
2026-06-11,1911 O5 Варна,20СС,78970153027720605,DIESEL EKONOMY,53.54,L15,1.54,0.0,0.03,1.61,82.45,1.62,86.73,09:35:00,0.0,3233159889 3233159889,СПЕДСТРОЙ ООД
2026-06-12,1147 Варна Ситроен,В8661КК,78970153027720464,95 EKONOMY UNLEADED,34.27,L15,1.47,0.0,0.03,1.03,50.38,1.56,53.46,15:03:00,333585.0,3233247504 3233247504,СПЕДСТРОЙ ООД
2026-06-12,1148 Варна пристанище,В2806РА,78970153027720423,DIESEL EKONOMY,190.0,L15,1.54,0.0,0.03,5.7,292.6,1.61,305.9,11:41:00,139560.0,3233247761 3233247761,СПЕДСТРОЙ ООД
2026-06-12,1148 Варна пристанище,В1019ХВ,78970153027720290,DIESEL EKONOMY,20.0,L15,1.54,0.0,0.03,0.6,30.8,1.61,32.2,17:17:00,0.0,3233261130 3233261130,СПЕДСТРОЙ ООД
2026-06-12,1186 Севлиево,23СС,78970153027720563,95 EKONOMY UNLEADED,27.89,L15,1.47,0.0,0.03,0.84,41.0,1.56,43.51,15:57:00,0.0,3233261500 3233261500,СПЕДСТРОЙ ООД
2026-06-13,1147 Варна Ситроен,22СС,78970153027720555,DIESEL EKONOMY,300.0,L15,1.54,0.0,0.03,9.0,462.0,1.6,480.0,11:14:00,0.0,3233292993 3233292993,СПЕДСТРОЙ ООД
2026-06-13,1147 Варна Ситроен,24СС,78970153027720571,DIESEL EKONOMY,49.33,L15,1.54,0.0,0.03,1.48,75.97,1.6,78.93,16:41:00,0.0,3233300079 3233300079,СПЕДСТРОЙ ООД
2026-06-15,"1192 София, Младост Ал. Малинов",19СС,78970153027720597,EKO RACING 100,35.02,L15,1.78,0.0,0.07,2.45,62.34,1.8,63.04,10:37:00,0.0,3233385633 3233385633,СПЕДСТРОЙ ООД
2026-06-15,1918 O5 Търговище,19СС,78970153027720597,95 EKONOMY UNLEADED,16.39,L15,1.47,0.0,0.03,0.49,24.09,1.56,25.57,15:26:00,0.0,3233396997 3233396997,СПЕДСТРОЙ ООД
2026-06-16,1913 О5 Шумен 2,В8661КК,78970153027720464,95 EKONOMY UNLEADED,40.49,L15,1.47,0.0,0.03,1.21,59.52,1.56,63.16,17:36:00,0.0,3233443640 3233443640,СПЕДСТРОЙ ООД
2026-06-17,1147 Варна Ситроен,22СС,78970153027720555,95 EKONOMY UNLEADED,2.0,L15,1.45,0.0,0.03,0.06,2.9,1.55,3.1,13:54:00,0.0,3233480716 3233480716,СПЕДСТРОЙ ООД
2026-06-18,1147 Варна Ситроен,22СС,78970153027720555,DIESEL EKONOMY,300.01,L15,1.53,0.0,0.03,9.0,459.02,1.58,474.02,10:07:00,0.0,3233477954 3233477954,СПЕДСТРОЙ ООД
2026-06-19,1146 Варна Сливница,В4428ТХ,78970153027720530,DIESEL EKONOMY,40.14,L15,1.53,0.0,0.03,1.2,61.41,1.56,62.62,11:46:00,113200.0,3233566284 3233566284,СПЕДСТРОЙ ООД
2026-06-19,1147 Варна Ситроен,В8661КК,78970153027720464,95 EKONOMY UNLEADED,32.47,L15,1.45,0.0,0.03,0.97,47.08,1.54,50.0,10:51:00,0.0,3233575615 3233575615,СПЕДСТРОЙ ООД
2026-06-19,1158 Варна Чайка,22СС,78970153027720555,DIESEL EKONOMY,60.0,L15,1.53,0.0,0.03,1.8,91.8,1.56,93.6,10:49:00,0.0,3233582101 3233582101,СПЕДСТРОЙ ООД
2026-06-19,1918 O5 Търговище,24СС,78970153027720571,DIESEL DOUBLE FILTERED,49.19,L15,1.79,0.0,0.09,4.43,88.05,1.82,89.53,15:58:00,0.0,3233593252 3233593252,СПЕДСТРОЙ ООД
2026-06-20,1147 Варна Ситроен,22СС,78970153027720555,DIESEL EKONOMY,300.0,L15,1.49,0.0,0.02,6.0,447.0,1.54,462.0,10:08:00,0.0,3233629943 3233629943,СПЕДСТРОЙ ООД
2026-06-20,1152 Бургас езеро,20СС,78970153027720605,DIESEL EKONOMY,67.33,L15,1.49,0.0,0.02,1.35,100.32,1.54,103.69,17:05:00,0.0,3233641882 3233641882,СПЕДСТРОЙ ООД
2026-06-22,1147 Варна Ситроен,22СС,78970153027720555,DIESEL EKONOMY,150.0,L15,1.46,0.0,0.02,3.0,219.0,1.52,228.0,08:37:00,0.0,3233694072 3233694072,СПЕДСТРОЙ ООД
2026-06-22,1158 Варна Чайка,В9037ВВ,78970153027720506,DIESEL EKONOMY,70.75,L15,1.46,0.0,0.02,1.42,103.3,1.52,107.54,11:03:00,242890.0,3233720507 3233720507,СПЕДСТРОЙ ООД
2026-06-23,1147 Варна Ситроен,22СС,78970153027720555,DIESEL EKONOMY,300.0,L15,1.46,0.0,0.02,6.0,438.0,1.52,456.0,08:09:00,0.0,3233705250 3233705250,СПЕДСТРОЙ ООД
2026-06-23,1147 Варна Ситроен,В0452ВК,78970153027720498,DIESEL EKONOMY,77.24,L15,1.46,0.0,0.02,1.54,112.77,1.52,117.4,11:34:00,0.0,3233739682 3233739682,СПЕДСТРОЙ ООД
2026-06-23,1147 Варна Ситроен,В0859ВМ,78970153027720357,DIESEL EKONOMY,150.0,L15,1.46,0.0,0.02,3.0,219.0,1.52,228.0,08:25:00,0.0,3233758571 3233758571,СПЕДСТРОЙ ООД
2026-06-23,1147 Варна Ситроен,В3106НР,78970153027720373,DIESEL EKONOMY,150.0,L15,1.46,0.0,0.02,3.0,219.0,1.52,228.0,08:23:00,0.0,3233759407 3233759407,СПЕДСТРОЙ ООД
2026-06-24,1147 Варна Ситроен,В2370ТК,78970153027720548,DIESEL EKONOMY,60.01,L15,1.45,0.0,0.02,1.2,87.01,1.51,90.62,12:05:00,0.0,3233804568 3233804568,СПЕДСТРОЙ ООД
2026-06-24,1158 Варна Чайка,21СС,78970153027720613,DIESEL EKONOMY,64.31,L15,1.45,0.0,0.02,1.29,93.25,1.52,97.75,08:29:00,0.0,3233784465 3233784465,СПЕДСТРОЙ ООД
2026-06-24,1158 Варна Чайка,В4303РА,78970153027720449,DIESEL EKONOMY,59.05,L15,1.45,0.0,0.02,1.18,85.62,1.51,89.17,10:45:00,0.0,3233805093 3233805093,СПЕДСТРОЙ ООД
2026-06-24,1199 Varna Car Osvoboditel,В3675НМ,78970153027720480,DIESEL EKONOMY,70.0,L15,1.45,0.0,0.02,1.4,101.5,1.51,105.7,14:20:00,231863.0,3233822356 3233822356,СПЕДСТРОЙ ООД
2026-06-24,1913 О5 Шумен 2,В8661КК,78970153027720464,95 EKONOMY UNLEADED,37.73,L15,1.4,0.0,0.02,0.75,52.82,1.51,56.97,08:00:00,0.0,3233824358 3233824358,СПЕДСТРОЙ ООД
2026-06-26,1147 Варна Ситроен,22СС,78970153027720555,DIESEL EKONOMY,300.01,L15,1.43,0.0,0.02,6.0,429.01,1.51,453.02,10:49:00,0.0,3233918969 3233918969,СПЕДСТРОЙ ООД
2026-06-26,1147 Варна Ситроен,В0357НТ,78970153027720522,DIESEL EKONOMY,30.0,L15,1.43,0.0,0.02,0.6,42.9,1.51,45.3,10:02:00,0.0,3233919328 3233919328,СПЕДСТРОЙ ООД
2026-06-26,1158 Варна Чайка,24СС,78970153027720571,DIESEL EKONOMY,42.91,L15,1.43,0.0,0.02,0.86,61.36,1.51,64.79,13:04:00,0.0,3233930790 3233930790,СПЕДСТРОЙ ООД
2026-06-29,1147 Варна Ситроен,В3675НМ,78970153027720480,DIESEL EKONOMY,250.0,L15,1.42,0.0,0.02,5.0,355.0,1.51,377.5,08:57:00,0.0,3234042680 3234042680,СПЕДСТРОЙ ООД
2026-06-29,1147 Варна Ситроен,В0859ВМ,78970153027720357,DIESEL EKONOMY,280.02,L15,1.42,0.0,0.02,5.6,397.63,1.51,422.83,11:28:00,0.0,3234048811 3234048811,СПЕДСТРОЙ ООД
2026-06-29,1147 Варна Ситроен,22СС,78970153027720555,DIESEL EKONOMY,30.0,L15,1.42,0.0,0.02,0.6,42.6,1.51,45.3,13:54:00,0.0,3234051291 3234051291,СПЕДСТРОЙ ООД
2026-06-29,1147 Варна Ситроен,В3188ТХ,78970153027720415,DIESEL EKONOMY,183.46,L15,1.42,0.0,0.02,3.67,260.51,1.51,277.02,15:23:00,99148.0,3234053969 3234053969,СПЕДСТРОЙ ООД
2026-06-30,1146 Варна Сливница,В4428ТХ,78970153027720530,DIESEL EKONOMY,44.03,L15,1.42,0.0,0.02,0.88,62.52,1.51,66.49,13:13:00,113900.0,3234083347 3234083347,СПЕДСТРОЙ ООД
2026-06-30,1147 Варна Ситроен,В3675НМ,78970153027720480,DIESEL EKONOMY,100.0,L15,1.42,0.0,0.02,2.0,142.0,1.51,151.0,08:44:00,0.0,3234087767 3234087767,СПЕДСТРОЙ ООД
2026-06-30,1147 Варна Ситроен,В3104НР,78970153027720365,DIESEL EKONOMY,165.0,L15,1.42,0.0,0.02,3.3,234.3,1.51,249.15,11:33:00,193230.0,3234096567 3234096567,СПЕДСТРОЙ ООД
2026-06-02,1147 Варна Ситроен,В1835СА,78970155027720220,DIESEL EKONOMY,48.04,L15,1.6,0.0,0.04,1.92,76.86,1.69,81.19,08:27:00,427701.0,3232738939 3232738939,ФРОЗЕН ФУУДС ЕООД
2026-06-09,1148 Варна пристанище,В6899ТХ,78970155027720196,DIESEL EKONOMY,37.18,L15,1.55,0.0,0.04,1.49,57.63,1.64,60.98,15:10:00,176966.0,3233106377 3233106377,ФРОЗЕН ФУУДС ЕООД
2026-06-09,1199 Varna Car Osvoboditel,В2436ВВ,78970155027720204,DIESEL EKONOMY,40.95,L15,1.55,0.0,0.04,1.64,63.47,1.64,67.16,11:32:00,507878.0,3233106007 3233106007,ФРОЗЕН ФУУДС ЕООД
2026-06-16,1147 Варна Ситроен,В2436ВВ,78970155027720204,DIESEL EKONOMY,74.65,L15,1.55,0.0,0.04,2.99,115.71,1.59,118.69,12:47:00,508299.0,3233432764 3233432764,ФРОЗЕН ФУУДС ЕООД
2026-06-18,1199 Varna Car Osvoboditel,В2436ВВ,78970155027720204,DIESEL EKONOMY,49.67,L15,1.54,0.0,0.04,1.99,76.49,1.58,78.48,10:28:00,508594.0,3233539429 3233539429,ФРОЗЕН ФУУДС ЕООД
2026-06-23,1199 Varna Car Osvoboditel,В2436ВВ,78970155027720204,DIESEL EKONOMY,69.64,L15,1.47,0.0,0.03,2.09,102.37,1.52,105.85,15:17:00,508991.0,3233776648 3233776648,ФРОЗЕН ФУУДС ЕООД
2026-06-23,1199 Varna Car Osvoboditel,В6899ТХ,78970155027720196,DIESEL EKONOMY,36.65,L15,1.47,0.0,0.03,1.1,53.88,1.52,55.71,16:43:00,177557.0,3233777388 3233777388,ФРОЗЕН ФУУДС ЕООД
2026-06-01,1147 Варна Ситроен,B3018XK,78970153027721439,DIESEL EKONOMY,337.25,L15,1.61,0.0,0.04,13.49,542.97,1.69,569.95,09:42:00,826879.0,3232711053 3232711053,ФУУДС ТРЕЙД ЕООД
2026-06-01,1199 Varna Car Osvoboditel,В8028НН,78970155027720154,DIESEL EKONOMY,53.35,L15,1.61,0.0,0.04,2.13,85.89,1.69,90.16,09:18:00,419677.0,3232689365 3232689365,ФУУДС ТРЕЙД ЕООД
2026-06-01,1199 Varna Car Osvoboditel,В1052НН,78970155027720121,DIESEL EKONOMY,41.38,L15,1.61,0.0,0.04,1.66,66.62,1.69,69.93,14:57:00,229206.0,3232725357 3232725357,ФУУДС ТРЕЙД ЕООД
2026-06-01,1199 Varna Car Osvoboditel,В5649НТ,78970155027720097,DIESEL EKONOMY,62.69,L15,1.61,0.0,0.04,2.51,100.93,1.69,105.95,15:26:00,239810.0,3232725785 3232725785,ФУУДС ТРЕЙД ЕООД
2026-06-01,1199 Varna Car Osvoboditel,В5941ТН,78970155027720030,DIESEL EKONOMY,25.72,L15,1.61,0.0,0.04,1.03,41.41,1.69,43.47,15:36:00,71189.0,3232728520 3232728520,ФУУДС ТРЕЙД ЕООД
2026-06-01,1199 Varna Car Osvoboditel,B5938TH,78970155027720014,DIESEL EKONOMY,18.42,L15,1.61,0.0,0.04,0.74,29.66,1.69,31.13,15:36:00,60455.0,3232728918 3232728918,ФУУДС ТРЕЙД ЕООД
2026-06-02,1119 Асеновград,В9702ТА,78970155027720113,DIESEL EKONOMY,81.78,L15,1.6,0.0,0.04,3.27,130.85,1.69,138.21,11:48:00,211308.0,3232769126 3232769126,ФУУДС ТРЕЙД ЕООД
2026-06-02,1153 Банско,СВ5723НB,78970152027720144,DIESEL EKONOMY,77.45,L15,1.6,0.0,0.04,3.1,123.92,1.69,130.89,13:35:00,242437.0,3232755780 3232755780,ФУУДС ТРЕЙД ЕООД
2026-06-02,1915 O5 Сливен,B3018XK,78970153027721439,DIESEL EKONOMY,247.17,L15,1.6,0.0,0.04,9.89,395.47,1.69,417.72,16:39:00,827796.0,3232772260 3232772260,ФУУДС ТРЕЙД ЕООД
2026-06-03,1147 Варна Ситроен,В8028НН,78970155027720154,DIESEL EKONOMY,60.89,L15,1.6,0.0,0.04,2.44,97.42,1.69,102.9,09:56:00,420050.0,3232805205 3232805205,ФУУДС ТРЕЙД ЕООД
2026-06-03,1156 Добрич бул. Добруджа,В5038НТ,78970155027720022,DIESEL EKONOMY,61.27,L15,1.6,0.0,0.04,2.45,98.03,1.69,103.55,04:39:00,315595.0,3232814047 3232814047,ФУУДС ТРЕЙД ЕООД
2026-06-03,1196 Пазарджик Царица Йоанна,В9702ТА,78970155027720113,DIESEL EKONOMY,78.28,L15,1.6,0.0,0.04,3.13,125.25,1.69,132.29,15:23:00,212076.0,3232811054 3232811054,ФУУДС ТРЕЙД ЕООД
2026-06-04,1146 Варна Сливница,В6364ТЕ,78970155027720055,DIESEL EKONOMY,71.32,L15,1.58,0.0,0.04,2.85,112.69,1.66,118.39,10:51:00,25164.0,3232831576 3232831576,ФУУДС ТРЕЙД ЕООД
2026-06-04,1147 Варна Ситроен,B3018XK,78970153027721439,DIESEL EKONOMY,244.61,L15,1.58,0.0,0.04,9.78,386.48,1.66,406.05,08:59:00,828425.0,3232829988 3232829988,ФУУДС ТРЕЙД ЕООД
2026-06-04,1147 Варна Ситроен,В9046НР,78970155027720048,DIESEL EKONOMY,18.07,L15,1.58,0.0,0.04,0.72,28.55,1.66,30.0,13:07:00,676718.0,3232851470 3232851470,ФУУДС ТРЕЙД ЕООД
2026-06-04,1156 Добрич бул. Добруджа,В5038НТ,78970155027720022,DIESEL EKONOMY,51.48,L15,1.58,0.0,0.04,2.06,81.34,1.66,85.46,12:05:00,316037.0,3232866106 3232866106,ФУУДС ТРЕЙД ЕООД
2026-06-04,"1902 София, О5 Малинова Долина",В5982XK,78970156027720822,95 EKONOMY UNLEADED,60.52,L15,1.51,0.0,0.04,2.42,91.39,1.57,95.02,17:18:00,0.0,3232853956 3232853956,ФУУДС ТРЕЙД ЕООД
2026-06-04,1915 O5 Сливен,В5091ТС,78970155027720105,DIESEL EKONOMY,307.51,L15,1.58,0.0,0.04,12.3,485.87,1.66,510.47,10:29:00,0.0,3232859850 3232859850,ФУУДС ТРЕЙД ЕООД
2026-06-05,1146 Варна Сливница,В4288ХА,78970155027720162,95 EKONOMY UNLEADED,27.53,L15,1.51,0.0,0.04,1.1,41.57,1.57,43.22,12:15:00,0.0,3232882906 3232882906,ФУУДС ТРЕЙД ЕООД
2026-06-05,1147 Варна Ситроен,В8028НН,78970155027720154,DIESEL EKONOMY,61.13,L15,1.58,0.0,0.04,2.45,96.59,1.66,101.48,13:21:00,420428.0,3232897988 3232897988,ФУУДС ТРЕЙД ЕООД
2026-06-05,1194 Дунавци,B3018XK,78970153027721439,DIESEL EKONOMY,216.0,L15,1.58,0.0,0.04,8.64,341.28,1.66,358.56,13:49:00,829137.0,3232916834 3232916834,ФУУДС ТРЕЙД ЕООД
2026-06-05,"1906 София, О5 Орион",В2573ХЕ,78970151027720583,95 EKONOMY UNLEADED,32.56,L15,1.51,0.0,0.04,1.3,49.17,1.57,51.12,14:02:00,223072.0,3232909512 3232909512,ФУУДС ТРЕЙД ЕООД
2026-06-08,1118 Сливен Била,В5982XK,78970156027720822,95 EKONOMY UNLEADED,48.71,L15,1.5,0.0,0.04,1.95,73.06,1.56,75.99,13:56:00,0.0,3233058905 3233058905,ФУУДС ТРЕЙД ЕООД
2026-06-08,1139 София Ломско шосе,В6957НТ,78970155027720089,DIESEL EKONOMY,73.13,L15,1.57,0.0,0.04,2.93,114.81,1.64,119.93,10:52:00,203526.0,3233052331 3233052331,ФУУДС ТРЕЙД ЕООД
2026-06-08,1157 Пловдив Тракия,В9702ТА,78970155027720113,DIESEL EKONOMY,80.34,L15,1.57,0.0,0.04,3.21,126.13,1.67,134.17,11:22:00,212919.0,3233050758 3233050758,ФУУДС ТРЕЙД ЕООД
2026-06-08,1199 Varna Car Osvoboditel,В7430ТМ,78970155027720147,DIESEL EKONOMY,75.56,L15,1.57,0.0,0.04,3.02,118.63,1.64,123.92,12:31:00,187938.0,3233060025 3233060025,ФУУДС ТРЕЙД ЕООД
2026-06-09,1112 София Резбарска,СВ5723НB,78970152027720144,DIESEL EKONOMY,63.61,L15,1.55,0.0,0.04,2.54,98.6,1.64,104.32,09:40:00,242987.0,3233091277 3233091277,ФУУДС ТРЕЙД ЕООД
2026-06-09,1147 Варна Ситроен,В9046НР,78970155027720048,DIESEL EKONOMY,70.66,L15,1.55,0.0,0.04,2.83,109.52,1.64,115.88,08:54:00,676735.0,3233059173 3233059173,ФУУДС ТРЕЙД ЕООД
2026-06-09,1147 Варна Ситроен,B3018XK,78970153027721439,DIESEL EKONOMY,236.3,L15,1.55,0.0,0.04,9.45,366.27,1.64,387.53,07:57:00,829952.0,3233091117 3233091117,ФУУДС ТРЕЙД ЕООД
2026-06-09,1156 Добрич бул. Добруджа,В5038НТ,78970155027720022,DIESEL EKONOMY,67.79,L15,1.55,0.0,0.04,2.71,105.07,1.64,111.18,04:32:00,316779.0,3233104403 3233104403,ФУУДС ТРЕЙД ЕООД
2026-06-09,1196 Пазарджик Царица Йоанна,В9702ТА,78970155027720113,DIESEL EKONOMY,72.22,L15,1.55,0.0,0.04,2.89,111.94,1.64,118.44,06:39:00,213562.0,3233092070 3233092070,ФУУДС ТРЕЙД ЕООД
2026-06-09,1911 O5 Варна,В5941ТН,78970155027720030,DIESEL EKONOMY,71.12,L15,1.55,0.0,0.04,2.84,110.24,1.64,116.64,14:47:00,0.0,3233093612 3233093612,ФУУДС ТРЕЙД ЕООД
2026-06-09,1915 O5 Сливен,В5091ТС,78970155027720105,DIESEL EKONOMY,329.37,L15,1.55,0.0,0.04,13.17,510.52,1.64,540.17,10:31:00,7890.0,3233097748 3233097748,ФУУДС ТРЕЙД ЕООД
2026-06-10,1147 Варна Ситроен,В5649НТ,78970155027720097,DIESEL EKONOMY,41.46,L15,1.55,0.0,0.04,1.66,64.26,1.63,67.58,08:57:00,240205.0,3233140607 3233140607,ФУУДС ТРЕЙД ЕООД
2026-06-10,1167 В. Търново вход,B3018XK,78970153027721439,DIESEL EKONOMY,254.82,L15,1.55,0.0,0.04,10.19,394.97,1.63,415.36,16:47:00,830776.0,3233156655 3233156655,ФУУДС ТРЕЙД ЕООД
2026-06-10,1196 Пазарджик Царица Йоанна,В9702ТА,78970155027720113,DIESEL EKONOMY,60.76,L15,1.55,0.0,0.04,2.43,94.18,1.63,99.04,06:18:00,214126.0,3233144008 3233144008,ФУУДС ТРЕЙД ЕООД
2026-06-11,1112 София Резбарска,В0509ХА,78970155027720063,95 EKONOMY UNLEADED,38.33,L15,1.48,0.0,0.04,1.53,56.73,1.56,59.79,10:09:00,228366.0,3233190560 3233190560,ФУУДС ТРЕЙД ЕООД
2026-06-11,1112 София Резбарска,В0509ХА,78970155027720063,E GAS LPG,24.49,L15,0.69,0.0,0.0,,16.9,0.69,16.9,10:09:00,228366.0,3233190560 3233190560,ФУУДС ТРЕЙД ЕООД
2026-06-11,1139 София Ломско шосе,В9702ТА,78970155027720113,DIESEL EKONOMY,61.12,L15,1.55,0.0,0.04,2.44,94.74,1.62,99.01,09:54:00,214742.0,3233197590 3233197590,ФУУДС ТРЕЙД ЕООД
2026-06-11,1139 София Ломско шосе,СВ5723НB,78970152027720144,DIESEL EKONOMY,72.54,L15,1.55,0.0,0.04,2.9,112.44,1.62,117.51,15:14:00,243573.0,3233204544 3233204544,ФУУДС ТРЕЙД ЕООД
2026-06-11,1146 Варна Сливница,В4288ХА,78970155027720162,95 EKONOMY UNLEADED,23.48,L15,1.48,0.0,0.04,0.94,34.75,1.56,36.63,09:30:00,129597.0,3233178667 3233178667,ФУУДС ТРЕЙД ЕООД
2026-06-11,1146 Варна Сливница,B5938TH,78970155027720014,DIESEL EKONOMY,63.22,L15,1.55,0.0,0.04,2.53,97.99,1.62,102.42,11:06:00,60917.0,3233178696 3233178696,ФУУДС ТРЕЙД ЕООД
2026-06-11,1147 Варна Ситроен,В5649НТ,78970155027720097,DIESEL EKONOMY,61.26,L15,1.55,0.0,0.04,2.45,94.95,1.62,99.24,11:04:00,240761.0,3233184994 3233184994,ФУУДС ТРЕЙД ЕООД
2026-06-11,1156 Добрич бул. Добруджа,В5038НТ,78970155027720022,DIESEL EKONOMY,63.89,L15,1.55,0.0,0.04,2.56,99.03,1.62,103.5,11:47:00,317346.0,3233207338 3233207338,ФУУДС ТРЕЙД ЕООД
2026-06-11,1199 Varna Car Osvoboditel,В1052НН,78970155027720121,DIESEL EKONOMY,64.47,L15,1.55,0.0,0.04,2.58,99.93,1.62,104.44,13:12:00,229651.0,3233205872 3233205872,ФУУДС ТРЕЙД ЕООД
2026-06-12,1139 София Ломско шосе,В6957НТ,78970155027720089,DIESEL EKONOMY,73.35,L15,1.55,0.0,0.04,2.93,113.69,1.61,118.09,09:11:00,204175.0,3233252137 3233252137,ФУУДС ТРЕЙД ЕООД
2026-06-12,1147 Варна Ситроен,В0841НК,78970151027720567,DIESEL EKONOMY,69.07,L15,1.55,0.0,0.04,2.76,107.06,1.61,111.2,09:36:00,365807.0,3233240900 3233240900,ФУУДС ТРЕЙД ЕООД
2026-06-12,1149 Кюстендил Николичевски път,В9702ТА,78970155027720113,DIESEL EKONOMY,62.23,L15,1.55,0.0,0.04,2.49,96.46,1.61,100.19,12:20:00,215370.0,3233257987 3233257987,ФУУДС ТРЕЙД ЕООД
2026-06-12,1915 O5 Сливен,B3018XK,78970153027721439,DIESEL EKONOMY,296.66,L15,1.55,0.0,0.04,11.87,459.82,1.61,477.62,13:13:00,831774.0,3233252669 3233252669,ФУУДС ТРЕЙД ЕООД
2026-06-12,"1925 HW Trakia, 243 km. Sofia direc",В6957НТ,78970155027720089,DIESEL EKONOMY,74.43,L15,1.55,0.0,0.04,2.98,115.37,1.63,121.32,15:58:00,204710.0,3233260564 3233260564,ФУУДС ТРЕЙД ЕООД
2026-06-15,1112 София Резбарска,В0509ХА,78970155027720063,95 EKONOMY UNLEADED,10.63,L15,1.48,0.0,0.04,0.43,15.73,1.56,16.58,17:26:00,228553.0,3233384411 3233384411,ФУУДС ТРЕЙД ЕООД
2026-06-15,1112 София Резбарска,В0509ХА,78970155027720063,E GAS LPG,8.88,L15,0.68,0.0,0.0,,6.04,0.68,6.04,17:26:00,228553.0,3233384411 3233384411,ФУУДС ТРЕЙД ЕООД
2026-06-15,1112 София Резбарска,СВ5723НB,78970152027720144,DIESEL EKONOMY,16.4,L15,1.55,0.0,0.04,0.66,25.42,1.6,26.24,14:42:00,243681.0,3233392235 3233392235,ФУУДС ТРЕЙД ЕООД
2026-06-15,1112 София Резбарска,В2573ХЕ,78970151027720583,95 EKONOMY UNLEADED,15.25,L15,1.48,0.0,0.04,0.61,22.57,1.56,23.79,17:22:00,237739.0,3233395663 3233395663,ФУУДС ТРЕЙД ЕООД
2026-06-15,1112 София Резбарска,В2573ХЕ,78970151027720583,E GAS LPG,0.46,L15,0.68,0.0,0.0,,0.31,0.68,0.31,17:22:00,237739.0,3233395663 3233395663,ФУУДС ТРЕЙД ЕООД
2026-06-15,1112 София Резбарска,В6957НТ,78970155027720089,DIESEL EKONOMY,40.25,L15,1.55,0.0,0.04,1.61,62.39,1.6,64.4,17:47:00,25016.0,3233398226 3233398226,ФУУДС ТРЕЙД ЕООД
2026-06-15,1142 Пазарджик Север,В9702ТА,78970155027720113,DIESEL EKONOMY,33.75,L15,1.55,0.0,0.04,1.35,52.31,1.6,54.0,06:45:00,215740.0,3233344469 3233344469,ФУУДС ТРЕЙД ЕООД
2026-06-15,1147 Варна Ситроен,В5649НТ,78970155027720097,DIESEL EKONOMY,52.79,L15,1.55,0.0,0.04,2.11,81.82,1.6,84.46,12:21:00,241252.0,3233385569 3233385569,ФУУДС ТРЕЙД ЕООД
2026-06-15,1156 Добрич бул. Добруджа,В5038НТ,78970155027720022,DIESEL EKONOMY,59.44,L15,1.55,0.0,0.04,2.38,92.13,1.6,95.1,14:41:00,317870.0,3233399822 3233399822,ФУУДС ТРЕЙД ЕООД
2026-06-15,1199 Varna Car Osvoboditel,В7430ТМ,78970155027720147,DIESEL EKONOMY,67.61,L15,1.55,0.0,0.04,2.7,104.8,1.6,108.18,12:04:00,188309.0,3233398066 3233398066,ФУУДС ТРЕЙД ЕООД
2026-06-15,1199 Varna Car Osvoboditel,В4288ХА,78970155027720162,95 EKONOMY UNLEADED,25.51,L15,1.48,0.0,0.04,1.02,37.75,1.56,39.8,16:04:00,129900.0,3233399823 3233399823,ФУУДС ТРЕЙД ЕООД
2026-06-15,1199 Varna Car Osvoboditel,В1052НН,78970155027720121,DIESEL EKONOMY,21.61,L15,1.55,0.0,0.04,0.86,33.5,1.6,34.58,14:36:00,2290814.0,3233400487 3233400487,ФУУДС ТРЕЙД ЕООД
2026-06-15,1911 O5 Варна,В0841НК,78970151027720567,DIESEL EKONOMY,17.63,L15,1.55,0.0,0.04,0.71,27.33,1.6,28.21,15:04:00,365991.0,3233388626 3233388626,ФУУДС ТРЕЙД ЕООД
2026-06-16,1157 Пловдив Тракия,1,78970155027720170,DIESEL DOUBLE FILTERED,58.52,L15,1.88,0.0,0.0,,110.02,1.88,110.02,14:43:00,0.0,3233442540 3233442540,ФУУДС ТРЕЙД ЕООД
2026-06-16,1196 Пазарджик Царица Йоанна,В9702ТА,78970155027720113,DIESEL EKONOMY,50.32,L15,1.55,0.0,0.04,2.01,78.0,1.59,80.01,06:34:00,216217.0,3233432901 3233432901,ФУУДС ТРЕЙД ЕООД
2026-06-16,1915 O5 Сливен,B3018XK,78970153027721439,DIESEL EKONOMY,334.68,L15,1.55,0.0,0.04,13.39,518.75,1.59,532.14,15:19:00,0.0,3233446444 3233446444,ФУУДС ТРЕЙД ЕООД
2026-06-17,1142 Пазарджик Север,СВ5723НB,78970152027720144,DIESEL EKONOMY,74.45,L15,1.54,0.0,0.04,2.98,114.65,1.59,118.38,16:04:00,244240.0,3233476196 3233476196,ФУУДС ТРЕЙД ЕООД
2026-06-17,1142 Пазарджик Север,В9702ТА,78970155027720113,DIESEL EKONOMY,18.86,L15,1.54,0.0,0.04,0.75,29.04,1.59,29.99,15:48:00,217007.0,3233481730 3233481730,ФУУДС ТРЕЙД ЕООД
2026-06-17,1148 Варна пристанище,В5649НТ,78970155027720097,DIESEL EKONOMY,67.29,L15,1.54,0.0,0.04,2.69,103.63,1.59,106.99,12:52:00,241836.0,3233486430 3233486430,ФУУДС ТРЕЙД ЕООД
2026-06-17,1911 O5 Варна,В5941ТН,78970155027720030,DIESEL EKONOMY,78.95,L15,1.54,0.0,0.04,3.16,121.58,1.59,125.53,14:15:00,78858.0,3233479802 3233479802,ФУУДС ТРЕЙД ЕООД
2026-06-18,1103 Велико Търново изход,В5091ТС,78970155027720105,DIESEL EKONOMY,358.4,L15,1.54,0.0,0.04,14.34,551.94,1.58,566.27,14:07:00,8997.0,3233535838 3233535838,ФУУДС ТРЕЙД ЕООД
2026-06-18,1156 Добрич бул. Добруджа,В5038НТ,78970155027720022,DIESEL EKONOMY,59.38,L15,1.54,0.0,0.04,2.38,91.45,1.58,93.82,11:04:00,318418.0,3233532285 3233532285,ФУУДС ТРЕЙД ЕООД
2026-06-18,1173 Ямбол,B3018XK,78970153027721439,DIESEL EKONOMY,300.0,L15,1.54,0.0,0.04,12.0,462.0,1.57,471.0,13:18:00,833593.0,3233537268 3233537268,ФУУДС ТРЕЙД ЕООД
2026-06-19,1147 Варна Ситроен,В9046НР,78970155027720048,DIESEL EKONOMY,59.38,L15,1.54,0.0,0.04,2.38,91.45,1.56,92.63,10:28:00,677082.0,3233521084 3233521084,ФУУДС ТРЕЙД ЕООД
2026-06-20,1915 O5 Сливен,B3018XK,78970153027721439,DIESEL EKONOMY,265.08,L15,1.5,0.0,0.03,7.95,397.62,1.54,408.22,10:11:00,0.0,3233641726 3233641726,ФУУДС ТРЕЙД ЕООД
2026-06-22,1112 София Резбарска,В5982XK,78970156027720822,95 EKONOMY UNLEADED,59.6,L15,1.42,0.0,0.03,1.79,84.63,1.51,90.0,18:03:00,0.0,3233654574 3233654574,ФУУДС ТРЕЙД ЕООД
2026-06-22,1146 Варна Сливница,B5938TH,78970155027720014,DIESEL EKONOMY,72.89,L15,1.47,0.0,0.03,2.19,107.15,1.52,110.79,10:49:00,61420.0,3233710351 3233710351,ФУУДС ТРЕЙД ЕООД
2026-06-22,1147 Варна Ситроен,В4288ХА,78970155027720162,95 EKONOMY UNLEADED,32.11,L15,1.42,0.0,0.03,0.96,45.6,1.51,48.49,07:45:00,130215.0,3233709334 3233709334,ФУУДС ТРЕЙД ЕООД
2026-06-22,1147 Варна Ситроен,В6359ТЕ,78970155027720139,DIESEL EKONOMY,41.47,L15,1.47,0.0,0.03,1.24,60.96,1.52,63.03,07:35:00,95362.0,3233715409 3233715409,ФУУДС ТРЕЙД ЕООД
2026-06-22,1199 Varna Car Osvoboditel,2,78970155027720188,DIESEL EKONOMY,57.49,L15,1.47,0.0,0.03,1.72,84.51,1.52,87.38,13:16:00,0.0,3233724291 3233724291,ФУУДС ТРЕЙД ЕООД
2026-06-22,1199 Varna Car Osvoboditel,В1052НН,78970155027720121,DIESEL EKONOMY,58.75,L15,1.47,0.0,0.03,1.76,86.36,1.52,89.3,15:13:00,230213.0,3233733412 3233733412,ФУУДС ТРЕЙД ЕООД
2026-06-23,1112 София Резбарска,В9702ТА,78970155027720113,DIESEL EKONOMY,80.36,L15,1.47,0.0,0.03,2.41,118.13,1.52,122.15,09:25:00,217140.0,3233761918 3233761918,ФУУДС ТРЕЙД ЕООД
2026-06-23,1112 София Резбарска,СВ5723НB,78970152027720144,DIESEL EKONOMY,56.48,L15,1.47,0.0,0.03,1.69,83.03,1.52,85.85,10:12:00,244683.0,3233762725 3233762725,ФУУДС ТРЕЙД ЕООД
2026-06-23,1147 Варна Ситроен,В9046НР,78970155027720048,DIESEL EKONOMY,68.87,L15,1.47,0.0,0.03,2.07,101.24,1.52,104.68,10:57:00,677517.0,3233693592 3233693592,ФУУДС ТРЕЙД ЕООД
2026-06-23,1147 Варна Ситроен,В7430ТМ,78970155027720147,DIESEL EKONOMY,77.99,L15,1.47,0.0,0.03,2.34,114.65,1.52,118.54,09:27:00,188768.0,3233705288 3233705288,ФУУДС ТРЕЙД ЕООД
2026-06-23,1156 Добрич бул. Добруджа,В5038НТ,78970155027720022,DIESEL EKONOMY,67.62,L15,1.47,0.0,0.03,2.03,99.4,1.52,102.78,05:16:00,319020.0,3233759947 3233759947,ФУУДС ТРЕЙД ЕООД
2026-06-23,1164 София Д. Богров,В6957НТ,78970155027720089,DIESEL DOUBLE FILTERED,85.15,L15,1.78,0.0,0.0,,151.57,1.78,151.57,16:32:00,205792.0,3233769892 3233769892,ФУУДС ТРЕЙД ЕООД
2026-06-23,1915 O5 Сливен,B3018XK,78970153027721439,DIESEL EKONOMY,325.15,L15,1.47,0.0,0.03,9.75,477.97,1.52,494.23,14:47:00,0.0,3233774110 3233774110,ФУУДС ТРЕЙД ЕООД
2026-06-24,1112 София Резбарска,СВ5723НB,78970152027720144,DIESEL EKONOMY,72.78,L15,1.46,0.0,0.03,2.18,106.26,1.51,109.9,12:42:00,245230.0,3233786253 3233786253,ФУУДС ТРЕЙД ЕООД
2026-06-24,1146 Варна Сливница,1,78970155027720170,DIESEL DOUBLE FILTERED,52.35,L15,1.77,0.0,0.0,,92.66,1.77,92.66,09:45:00,0.0,3233795397 3233795397,ФУУДС ТРЕЙД ЕООД
2026-06-24,1147 Варна Ситроен,В9046НР,78970155027720048,DIESEL EKONOMY,40.11,L15,1.46,0.0,0.03,1.2,58.56,1.51,60.57,07:54:00,677764.0,3233800383 3233800383,ФУУДС ТРЕЙД ЕООД
2026-06-24,1196 Пазарджик Царица Йоанна,В9702ТА,78970155027720113,DIESEL EKONOMY,79.65,L15,1.46,0.0,0.03,2.39,116.29,1.51,120.27,06:57:00,217880.0,3233810326 3233810326,ФУУДС ТРЕЙД ЕООД
2026-06-24,1199 Varna Car Osvoboditel,В5941ТН,78970155027720030,DIESEL EKONOMY,75.91,L15,1.46,0.0,0.03,2.28,110.83,1.51,114.62,15:52:00,0.0,3233823459 3233823459,ФУУДС ТРЕЙД ЕООД
2026-06-24,1199 Varna Car Osvoboditel,В6364ТЕ,78970155027720055,DIESEL EKONOMY,66.03,L15,1.46,0.0,0.03,1.98,96.4,1.51,99.71,16:12:00,25739.0,3233824631 3233824631,ФУУДС ТРЕЙД ЕООД
2026-06-24,1915 O5 Сливен,В6359ТЕ,78970155027720139,DIESEL EKONOMY,64.9,L15,1.46,0.0,0.03,1.95,94.75,1.51,98.0,15:05:00,95930.0,3233817782 3233817782,ФУУДС ТРЕЙД ЕООД
2026-06-24,1916 О5 Ахелой,В5982XK,78970156027720822,95 EKONOMY UNLEADED,54.84,L15,1.41,0.0,0.03,1.65,77.32,1.51,82.81,09:54:00,0.0,3233821122 3233821122,ФУУДС ТРЕЙД ЕООД
2026-06-25,1101 София Ихтиман,В9702ТА,78970155027720113,DIESEL EKONOMY,74.68,L15,1.46,0.0,0.03,2.24,109.03,1.54,115.01,10:15:00,218606.0,3233842876 3233842876,ФУУДС ТРЕЙД ЕООД
2026-06-25,1147 Варна Ситроен,В6359ТЕ,78970155027720139,DIESEL EKONOMY,18.94,L15,1.46,0.0,0.03,0.57,27.65,1.51,28.6,08:09:00,96155.0,3233826591 3233826591,ФУУДС ТРЕЙД ЕООД
2026-06-25,1156 Добрич бул. Добруджа,В5038НТ,78970155027720022,DIESEL EKONOMY,47.67,L15,1.46,0.0,0.03,1.43,69.6,1.51,71.98,04:53:00,319463.0,3233864138 3233864138,ФУУДС ТРЕЙД ЕООД
2026-06-25,1158 Варна Чайка,В4288ХА,78970155027720162,95 EKONOMY UNLEADED,27.34,L15,1.41,0.0,0.03,0.82,38.55,1.51,41.28,13:14:00,0.0,3233860172 3233860172,ФУУДС ТРЕЙД ЕООД
2026-06-25,1158 Варна Чайка,В5649НТ,78970155027720097,DIESEL EKONOMY,57.51,L15,1.46,0.0,0.03,1.73,83.96,1.51,86.84,14:36:00,242318.0,3233863522 3233863522,ФУУДС ТРЕЙД ЕООД
2026-06-25,1199 Varna Car Osvoboditel,В8028НН,78970155027720154,DIESEL EKONOMY,28.99,L15,1.46,0.0,0.03,0.87,42.33,1.51,43.77,09:40:00,420594.0,3233860274 3233860274,ФУУДС ТРЕЙД ЕООД
2026-06-25,"1912 O5, Шумен 1",В5982XK,78970156027720822,95 EKONOMY UNLEADED,25.46,L15,1.41,0.0,0.03,0.76,35.9,1.51,38.44,14:33:00,0.0,3233830277 3233830277,ФУУДС ТРЕЙД ЕООД
2026-06-25,1918 O5 Търговище,B3018XK,78970153027721439,DIESEL EKONOMY,329.64,L15,1.46,0.0,0.03,9.89,481.27,1.51,497.76,18:24:00,0.0,3233870319 3233870319,ФУУДС ТРЕЙД ЕООД
2026-06-26,1112 София Резбарска,В6957НТ,78970155027720089,DIESEL EKONOMY,73.02,L15,1.44,0.0,0.03,2.19,105.15,1.51,110.26,15:48:00,206473.0,3233932060 3233932060,ФУУДС ТРЕЙД ЕООД
2026-06-26,1139 София Ломско шосе,СВ5723НB,78970152027720144,DIESEL EKONOMY,60.85,L15,1.44,0.0,0.03,1.83,87.62,1.51,91.88,10:00:00,245720.0,3233940282 3233940282,ФУУДС ТРЕЙД ЕООД
2026-06-26,1147 Варна Ситроен,В9046НР,78970155027720048,DIESEL EKONOMY,66.76,L15,1.44,0.0,0.03,2.0,96.13,1.51,100.81,09:37:00,678228.0,3233883171 3233883171,ФУУДС ТРЕЙД ЕООД
2026-06-29,1120 Пловдив Радиново,В9702ТА,78970155027720113,DIESEL EKONOMY,83.42,L15,1.43,0.0,0.03,2.5,119.29,1.54,128.47,13:43:00,219460.0,3234054570 3234054570,ФУУДС ТРЕЙД ЕООД
2026-06-29,1139 София Ломско шосе,СВ5723НB,78970152027720144,DIESEL EKONOMY,40.52,L15,1.43,0.0,0.03,1.22,57.94,1.51,61.19,09:53:00,245954.0,3234060106 3234060106,ФУУДС ТРЕЙД ЕООД
2026-06-29,1147 Варна Ситроен,В6359ТЕ,78970155027720139,DIESEL EKONOMY,57.9,L15,1.43,0.0,0.03,1.74,82.8,1.51,87.43,12:59:00,96762.0,3234050522 3234050522,ФУУДС ТРЕЙД ЕООД
2026-06-29,1156 Добрич бул. Добруджа,В5038НТ,78970155027720022,DIESEL EKONOMY,51.47,L15,1.43,0.0,0.03,1.54,73.6,1.51,77.72,04:48:00,319890.0,3234063109 3234063109,ФУУДС ТРЕЙД ЕООД
2026-06-30,1101 София Ихтиман,B3018XK,78970153027721439,DIESEL EKONOMY,270.8,L15,1.43,0.0,0.03,8.12,387.24,1.54,417.03,09:10:00,837288.0,3234087797 3234087797,ФУУДС ТРЕЙД ЕООД
2026-06-30,1112 София Резбарска,В5982XK,78970156027720822,95 EKONOMY UNLEADED,53.33,L15,1.39,0.0,0.03,1.6,74.13,1.5,80.0,11:16:00,0.0,3234097897 3234097897,ФУУДС ТРЕЙД ЕООД
2026-06-30,1112 София Резбарска,В6957НТ,78970155027720089,DIESEL EKONOMY,20.59,L15,1.43,0.0,0.03,0.62,29.44,1.51,31.09,11:37:00,206682.0,3234099237 3234099237,ФУУДС ТРЕЙД ЕООД
2026-06-30,1112 София Резбарска,В0509ХА,78970155027720063,95 EKONOMY UNLEADED,30.58,L15,1.39,0.0,0.03,0.92,42.51,1.5,45.87,16:36:00,229030.0,3234109717 3234109717,ФУУДС ТРЕЙД ЕООД
2026-06-30,1112 София Резбарска,В0509ХА,78970155027720063,E GAS LPG,28.61,L15,0.66,0.0,0.0,,18.88,0.66,18.88,16:36:00,229030.0,3234109717 3234109717,ФУУДС ТРЕЙД ЕООД
2026-06-30,1112 София Резбарска,В2573ХЕ,78970151027720583,95 EKONOMY UNLEADED,10.54,L15,1.39,0.0,0.03,0.32,14.65,1.5,15.81,16:51:00,257372.0,3234110307 3234110307,ФУУДС ТРЕЙД ЕООД
2026-06-30,1139 София Ломско шосе,СВ5723НB,78970152027720144,DIESEL EKONOMY,49.22,L15,1.43,0.0,0.03,1.48,70.38,1.51,74.32,09:40:00,246328.0,3234100685 3234100685,ФУУДС ТРЕЙД ЕООД
2026-06-30,1139 София Ломско шосе,СВ5723НB,78970152027720144,DIESEL EKONOMY,50.01,L15,1.43,0.0,0.03,1.5,71.51,1.51,75.52,16:06:00,2467825.0,3234107966 3234107966,ФУУДС ТРЕЙД ЕООД
2026-06-30,1146 Варна Сливница,В4288ХА,78970155027720162,95 EKONOMY UNLEADED,21.76,L15,1.39,0.0,0.03,0.65,30.25,1.5,32.64,16:22:00,130629.0,3234081968 3234081968,ФУУДС ТРЕЙД ЕООД
2026-06-30,1146 Варна Сливница,B5938TH,78970155027720014,DIESEL EKONOMY,65.19,L15,1.43,0.0,0.03,1.96,93.22,1.51,98.44,10:04:00,61871.0,3234082083 3234082083,ФУУДС ТРЕЙД ЕООД
2026-06-30,1147 Варна Ситроен,В8028НН,78970155027720154,DIESEL EKONOMY,58.41,L15,1.43,0.0,0.03,1.75,83.53,1.51,88.2,08:35:00,420935.0,3234078420 3234078420,ФУУДС ТРЕЙД ЕООД
2026-06-30,1147 Варна Ситроен,В9046НР,78970155027720048,DIESEL EKONOMY,59.82,L15,1.43,0.0,0.03,1.79,85.54,1.51,90.33,16:05:00,678664.0,3234098835 3234098835,ФУУДС ТРЕЙД ЕООД
2026-06-30,1152 Бургас езеро,В5091ТС,78970155027720105,DIESEL EKONOMY,361.6,L15,1.43,0.0,0.03,10.85,517.09,1.51,546.02,15:59:00,10088.0,3234097494 3234097494,ФУУДС ТРЕЙД ЕООД
2026-06-30,1156 Добрич бул. Добруджа,В7430ТМ,78970155027720147,DIESEL EKONOMY,78.24,L15,1.43,0.0,0.03,2.35,111.88,1.51,118.14,13:25:00,189206.0,3234114632 3234114632,ФУУДС ТРЕЙД ЕООД
2026-06-30,1196 Пазарджик Царица Йоанна,В9702ТА,78970155027720113,DIESEL EKONOMY,59.26,L15,1.43,0.0,0.03,1.78,84.74,1.51,89.48,16:38:00,220070.0,3234112355 3234112355,ФУУДС ТРЕЙД ЕООД
2026-06-30,1199 Varna Car Osvoboditel,В1052НН,78970155027720121,DIESEL EKONOMY,57.88,L15,1.43,0.0,0.03,1.74,82.77,1.51,87.4,14:12:00,230619.0,3234113922 3234113922,ФУУДС ТРЕЙД ЕООД
2026-06-30,1911 O5 Варна,В5649НТ,78970155027720097,DIESEL EKONOMY,41.47,L15,1.43,0.0,0.03,1.24,59.3,1.51,62.62,13:22:00,242587.0,3234077868 3234077868,ФУУДС ТРЕЙД ЕООД
2026-06-04,1156 Добрич бул. Добруджа,В3992ВВ,78970156027720426,DIESEL EKONOMY,50.87,L15,1.58,0.0,0.04,2.03,80.37,1.66,84.44,18:11:00,426650.0,3232870621 3232870621,ХРАНИНВЕСТ ЕООД % ДОСТАВКИ
2026-06-05,1199 Varna Car Osvoboditel,В7860ХА,78970156027720475,DIESEL EKONOMY,45.18,L15,1.58,0.0,0.04,1.81,71.38,1.66,75.0,07:54:00,0.0,3232915937 3232915937,ХРАНИНВЕСТ ЕООД % ДОСТАВКИ
2026-06-06,1147 Варна Ситроен,В9752ВР,78970156027720442,DIESEL EKONOMY,67.29,L15,1.57,0.0,0.04,2.69,105.65,1.64,110.36,08:21:00,0.0,3232950418 3232950418,ХРАНИНВЕСТ ЕООД % ДОСТАВКИ
2026-06-10,1156 Добрич бул. Добруджа,В7860ХА,78970156027720475,DIESEL EKONOMY,39.08,L15,1.55,0.0,0.04,1.56,60.57,1.63,63.7,11:24:00,0.0,3233138889 3233138889,ХРАНИНВЕСТ ЕООД % ДОСТАВКИ
2026-06-15,1147 Варна Ситроен,В7860ХА,78970156027720475,DIESEL EKONOMY,38.47,L15,1.55,0.0,0.04,1.54,59.63,1.6,61.55,00:12:00,0.0,3233354268 3233354268,ХРАНИНВЕСТ ЕООД % ДОСТАВКИ
2026-06-20,1147 Варна Ситроен,В7860ХА,78970156027720475,DIESEL EKONOMY,41.84,L15,1.5,0.0,0.03,1.26,62.76,1.54,64.43,08:38:00,0.0,3233628719 3233628719,ХРАНИНВЕСТ ЕООД % ДОСТАВКИ
2026-06-22,1147 Варна Ситроен,В9752ВР,78970156027720442,DIESEL EKONOMY,64.07,L15,1.47,0.0,0.03,1.92,94.18,1.52,97.39,06:13:00,0.0,3233697265 3233697265,ХРАНИНВЕСТ ЕООД % ДОСТАВКИ
2026-06-25,1156 Добрич бул. Добруджа,В3992ВВ,78970156027720426,DIESEL EKONOMY,49.94,L15,1.46,0.0,0.03,1.5,72.91,1.51,75.41,16:33:00,427300.0,3233870029 3233870029,ХРАНИНВЕСТ ЕООД % ДОСТАВКИ
2026-06-27,1147 Варна Ситроен,В7860ХА,78970156027720475,DIESEL EKONOMY,47.06,L15,1.44,0.0,0.03,1.41,67.77,1.51,71.06,08:25:00,0.0,3233933878 3233933878,ХРАНИНВЕСТ ЕООД % ДОСТАВКИ
2026-06-01,1101 София Ихтиман,B2127TX,78970156027720137,DIESEL EKONOMY,49.51,L15,1.61,0.0,0.04,1.98,79.71,1.72,85.16,11:47:00,0.0,3232709596 3232709596,ХРАНИНВЕСТ ЕООД % ПРОДАЖБИ
2026-06-02,1147 Варна Ситроен,B8986TE,78970156027720046,DIESEL EKONOMY,49.56,L15,1.6,0.0,0.04,1.98,79.3,1.69,83.76,14:48:00,301565.0,3232732789 3232732789,ХРАНИНВЕСТ ЕООД % ПРОДАЖБИ
2026-06-02,1158 Варна Чайка,C,78970156027720244,DIESEL DOUBLE FILTERED,77.03,L15,1.84,0.0,0.09,6.93,141.74,1.94,149.44,10:02:00,0.0,3232759918 3232759918,ХРАНИНВЕСТ ЕООД % ПРОДАЖБИ
2026-06-02,1911 O5 Варна,B8959TE,78970156027720053,DIESEL DOUBLE FILTERED,42.43,L15,1.84,0.0,0.09,3.82,78.07,1.94,82.31,10:51:00,336306.0,3232735744 3232735744,ХРАНИНВЕСТ ЕООД % ПРОДАЖБИ
2026-06-03,1139 София Ломско шосе,B2127TX,78970156027720137,DIESEL EKONOMY,54.7,L15,1.6,0.0,0.04,2.19,87.52,1.69,92.44,16:35:00,0.0,3232815892 3232815892,ХРАНИНВЕСТ ЕООД % ПРОДАЖБИ
2026-06-03,1142 Пазарджик Север,B7087BP,78970156027720095,DIESEL EKONOMY,101.65,L15,1.6,0.0,0.04,4.07,162.64,1.69,171.79,05:40:00,114738.0,3232781096 3232781096,ХРАНИНВЕСТ ЕООД % ПРОДАЖБИ
2026-06-03,1147 Варна Ситроен,B9231XE,78970156027720483,DIESEL EKONOMY,51.86,L15,1.6,0.0,0.04,2.07,82.98,1.69,87.64,13:23:00,363057.0,3232809132 3232809132,ХРАНИНВЕСТ ЕООД % ПРОДАЖБИ
2026-06-04,1148 Варна пристанище,B0038XB,78970156027720830,EKO RACING 100,80.09,L15,1.8,0.0,0.07,5.61,144.16,1.82,145.76,21:29:00,0.0,3232867649 3232867649,ХРАНИНВЕСТ ЕООД % ПРОДАЖБИ
2026-06-04,1173 Ямбол,B6349TT,78970156027720186,DIESEL EKONOMY,26.05,L15,1.58,0.0,0.04,1.04,41.16,1.65,42.98,18:46:00,0.0,3232867667 3232867667,ХРАНИНВЕСТ ЕООД % ПРОДАЖБИ
2026-06-04,"1904 София, О5 Княжево",B7411HP,78970156027720111,DIESEL EKONOMY,64.93,L15,1.58,0.0,0.04,2.6,102.59,1.66,107.78,09:09:00,0.0,3232830398 3232830398,ХРАНИНВЕСТ ЕООД % ПРОДАЖБИ
2026-06-04,1911 O5 Варна,S,78970156027720228,EKO RACING 100,86.85,L15,1.8,0.0,0.07,6.08,156.33,1.82,158.07,12:08:00,0.0,3232848855 3232848855,ХРАНИНВЕСТ ЕООД % ПРОДАЖБИ
2026-06-04,1918 O5 Търговище,B7087BP,78970156027720095,DIESEL EKONOMY,120.94,L15,1.58,0.0,0.04,4.84,191.09,1.66,200.76,06:10:00,115336.0,3232855227 3232855227,ХРАНИНВЕСТ ЕООД % ПРОДАЖБИ
2026-06-04,1922 Kardzhali Belomorski,B6349TT,78970156027720186,DIESEL EKONOMY,47.78,L15,1.58,0.0,0.04,1.91,75.49,1.66,79.31,15:12:00,373485.0,3232866617 3232866617,ХРАНИНВЕСТ ЕООД % ПРОДАЖБИ
2026-06-04,"1925 HW Trakia, 243 km. Sofia direc",B6349TT,78970156027720186,DIESEL EKONOMY,27.99,L15,1.58,0.0,0.04,1.12,44.22,1.68,47.02,06:57:00,0.0,3232860659 3232860659,ХРАНИНВЕСТ ЕООД % ПРОДАЖБИ
2026-06-05,1147 Варна Ситроен,B4348BM,78970156027720152,DIESEL DOUBLE FILTERED,50.03,L15,1.82,0.0,0.09,4.5,91.05,1.91,95.56,07:27:00,0.0,3232875961 3232875961,ХРАНИНВЕСТ ЕООД % ПРОДАЖБИ
2026-06-05,1147 Варна Ситроен,B8986TE,78970156027720046,DIESEL EKONOMY,35.62,L15,1.58,0.0,0.04,1.42,56.28,1.66,59.13,14:00:00,301920.0,3232900619 3232900619,ХРАНИНВЕСТ ЕООД % ПРОДАЖБИ
2026-06-05,1911 O5 Варна,B8959TE,78970156027720053,DIESEL EKONOMY,61.96,L15,1.58,0.0,0.04,2.48,97.9,1.66,102.85,10:37:00,336560.0,3232868150 3232868150,ХРАНИНВЕСТ ЕООД % ПРОДАЖБИ
2026-06-06,1148 Варна пристанище,B0038XB,78970156027720830,EKO RACING 100,25.73,L15,1.8,0.0,0.07,1.8,46.31,1.81,46.57,13:26:00,0.0,3232964469 3232964469,ХРАНИНВЕСТ ЕООД % ПРОДАЖБИ
2026-06-07,1131 София Бояна,B0038XB,78970156027720830,EKO RACING 100,73.26,L15,1.8,0.0,0.07,5.13,131.87,1.81,132.6,12:32:00,0.0,3232997035 3232997035,ХРАНИНВЕСТ ЕООД % ПРОДАЖБИ
2026-06-08,1101 София Ихтиман,B0038XB,78970156027720830,EKO RACING 100,36.7,L15,1.8,0.0,0.07,2.57,66.06,1.82,66.79,16:07:00,0.0,3233047882 3233047882,ХРАНИНВЕСТ ЕООД % ПРОДАЖБИ
2026-06-08,1918 O5 Търговище,B8986TE,78970156027720046,DIESEL EKONOMY,17.51,L15,1.57,0.0,0.04,0.7,27.49,1.64,28.72,11:42:00,302368.0,3233053037 3233053037,ХРАНИНВЕСТ ЕООД % ПРОДАЖБИ
2026-06-09,1147 Варна Ситроен,B7320TH,78970156027720020,DIESEL EKONOMY,37.17,L15,1.55,0.0,0.04,1.49,57.61,1.64,60.96,10:15:00,408097.0,3233091723 3233091723,ХРАНИНВЕСТ ЕООД % ПРОДАЖБИ
2026-06-09,1148 Варна пристанище,C,78970156027720244,DIESEL DOUBLE FILTERED,78.61,L15,1.8,0.0,0.09,7.07,141.5,1.89,148.57,09:47:00,0.0,3233099220 3233099220,ХРАНИНВЕСТ ЕООД % ПРОДАЖБИ
2026-06-09,1152 Бургас езеро,B6349TT,78970156027720186,DIESEL EKONOMY,46.4,L15,1.55,0.0,0.04,1.86,71.92,1.65,76.56,12:17:00,0.0,3233092770 3233092770,ХРАНИНВЕСТ ЕООД % ПРОДАЖБИ
2026-06-09,1158 Варна Чайка,B9632TM,78970156027720038,DIESEL DOUBLE FILTERED,50.0,L15,1.8,0.0,0.09,4.5,90.0,1.89,94.5,15:29:00,296669.0,3233100633 3233100633,ХРАНИНВЕСТ ЕООД % ПРОДАЖБИ
2026-06-09,"1904 София, О5 Княжево",B7411HP,78970156027720111,DIESEL EKONOMY,78.06,L15,1.55,0.0,0.04,3.12,120.99,1.64,128.02,10:10:00,0.0,3233093712 3233093712,ХРАНИНВЕСТ ЕООД % ПРОДАЖБИ
2026-06-09,1911 O5 Варна,B8959TE,78970156027720053,DIESEL EKONOMY,29.05,L15,1.55,0.0,0.04,1.16,45.03,1.64,47.64,09:52:00,337105.0,3233091063 3233091063,ХРАНИНВЕСТ ЕООД % ПРОДАЖБИ
2026-06-09,"1925 HW Trakia, 243 km. Sofia direc",B7087BP,78970156027720095,DIESEL EKONOMY,134.22,L15,1.55,0.0,0.04,5.37,208.04,1.66,222.81,08:32:00,0.0,3233102246 3233102246,ХРАНИНВЕСТ ЕООД % ПРОДАЖБИ
2026-06-10,1139 София Ломско шосе,B2127TX,78970156027720137,DIESEL EKONOMY,47.71,L15,1.55,0.0,0.04,1.91,73.95,1.63,77.77,16:02:00,0.0,3233156514 3233156514,ХРАНИНВЕСТ ЕООД % ПРОДАЖБИ
2026-06-10,1146 Варна Сливница,B0038XB,78970156027720830,EKO RACING 100,79.8,L15,1.78,0.0,0.07,5.59,142.04,1.81,144.44,09:34:00,0.0,3233124175 3233124175,ХРАНИНВЕСТ ЕООД % ПРОДАЖБИ
2026-06-10,1147 Варна Ситроен,B8986TE,78970156027720046,DIESEL EKONOMY,40.55,L15,1.55,0.0,0.04,1.62,62.85,1.63,66.1,13:14:00,302785.0,3233144768 3233144768,ХРАНИНВЕСТ ЕООД % ПРОДАЖБИ
2026-06-10,1199 Varna Car Osvoboditel,B9231XE,78970156027720483,DIESEL EKONOMY,58.85,L15,1.55,0.0,0.04,2.35,91.22,1.63,95.93,12:26:00,363367.0,3233157402 3233157402,ХРАНИНВЕСТ ЕООД % ПРОДАЖБИ
2026-06-10,"1912 O5, Шумен 1",B6349TT,78970156027720186,DIESEL EKONOMY,36.04,L15,1.55,0.0,0.04,1.44,55.86,1.63,58.75,08:22:00,374843.0,3233149683 3233149683,ХРАНИНВЕСТ ЕООД % ПРОДАЖБИ
2026-06-11,1160 София бул. България,B7411HP,78970156027720111,DIESEL EKONOMY,82.84,L15,1.55,0.0,0.04,3.31,128.4,1.64,135.86,10:44:00,0.0,3233190100 3233190100,ХРАНИНВЕСТ ЕООД % ПРОДАЖБИ
2026-06-11,1918 O5 Търговище,B7033TA,78970156027720160,DIESEL EKONOMY,63.02,L15,1.55,0.0,0.04,2.52,97.68,1.62,102.09,05:44:00,0.0,3233193478 3233193478,ХРАНИНВЕСТ ЕООД % ПРОДАЖБИ
2026-06-12,1124 Плевен Христо Ботев,B7033TA,78970156027720160,DIESEL EKONOMY,77.03,L15,1.55,0.0,0.04,3.08,119.4,1.61,124.02,06:10:00,868904.0,3233242328 3233242328,ХРАНИНВЕСТ ЕООД % ПРОДАЖБИ
2026-06-12,"1902 София, О5 Малинова Долина",B2127TX,78970156027720137,DIESEL EKONOMY,47.29,L15,1.55,0.0,0.04,1.89,73.3,1.63,77.08,12:32:00,0.0,3233219041 3233219041,ХРАНИНВЕСТ ЕООД % ПРОДАЖБИ
2026-06-12,"1902 София, О5 Малинова Долина",B2127TX,78970156027720137,2L SUMMER SCREEN WASH LIQUID,2.0,PC,4.99,0.0,0.0,,9.98,4.99,9.98,12:32:00,0.0,3233219041 3233219041,ХРАНИНВЕСТ ЕООД % ПРОДАЖБИ
2026-06-12,1911 O5 Варна,S,78970156027720228,EKO RACING 100,91.2,L15,1.78,0.0,0.07,6.38,162.34,1.81,165.07,09:28:00,0.0,3233240972 3233240972,ХРАНИНВЕСТ ЕООД % ПРОДАЖБИ
2026-06-12,1911 O5 Варна,B8959TE,78970156027720053,DIESEL EKONOMY,65.38,L15,1.55,0.0,0.04,2.62,101.34,1.61,105.26,12:51:00,337675.0,3233245445 3233245445,ХРАНИНВЕСТ ЕООД % ПРОДАЖБИ
2026-06-12,1918 O5 Търговище,B7033TA,78970156027720160,DIESEL EKONOMY,44.49,L15,1.55,0.0,0.04,1.78,68.96,1.61,71.63,11:03:00,0.0,3233251486 3233251486,ХРАНИНВЕСТ ЕООД % ПРОДАЖБИ
2026-06-12,1918 O5 Търговище,B7033TA,78970156027720160,ADBLUE 1L,8.48,L15,1.22,0.0,0.0,,10.35,1.22,10.35,11:03:00,0.0,3233252040 3233252040,ХРАНИНВЕСТ ЕООД % ПРОДАЖБИ
2026-06-12,1922 Kardzhali Belomorski,B6349TT,78970156027720186,DIESEL EKONOMY,44.07,L15,1.55,0.0,0.04,1.76,68.31,1.6,70.51,05:04:00,0.0,3233251429 3233251429,ХРАНИНВЕСТ ЕООД % ПРОДАЖБИ
2026-06-14,1148 Варна пристанище,B2909XA,78970156027720194,DIESEL EKONOMY,63.38,L15,1.55,0.0,0.04,2.54,98.24,1.6,101.41,15:54:00,306940.0,3233355901 3233355901,ХРАНИНВЕСТ ЕООД % ПРОДАЖБИ
2026-06-15,1147 Варна Ситроен,B4348BM,78970156027720152,DIESEL DOUBLE FILTERED,43.55,L15,1.8,0.0,0.09,3.92,78.39,1.85,80.57,07:29:00,0.0,3233364399 3233364399,ХРАНИНВЕСТ ЕООД % ПРОДАЖБИ
2026-06-16,1152 Бургас езеро,B6349TT,78970156027720186,DIESEL EKONOMY,39.03,L15,1.55,0.0,0.04,1.56,60.5,1.59,62.06,11:44:00,376654.0,3233433732 3233433732,ХРАНИНВЕСТ ЕООД % ПРОДАЖБИ
2026-06-16,1158 Варна Чайка,C,78970156027720244,DIESEL DOUBLE FILTERED,46.57,L15,1.8,0.0,0.09,4.19,83.83,1.85,86.15,10:26:00,0.0,3233433282 3233433282,ХРАНИНВЕСТ ЕООД % ПРОДАЖБИ
2026-06-16,1158 Варна Чайка,B8959TE,78970156027720053,DIESEL EKONOMY,34.67,L15,1.55,0.0,0.04,1.39,53.74,1.59,55.13,15:45:00,337972.0,3233439284 3233439284,ХРАНИНВЕСТ ЕООД % ПРОДАЖБИ
2026-06-16,"1925 HW Trakia, 243 km. Sofia direc",B7033TA,78970156027720160,DIESEL EKONOMY,50.32,L15,1.55,0.0,0.04,2.01,78.0,1.61,81.02,08:31:00,0.0,3233442427 3233442427,ХРАНИНВЕСТ ЕООД % ПРОДАЖБИ
2026-06-17,1142 Пазарджик Север,B7033TA,78970156027720160,DIESEL EKONOMY,69.94,L15,1.54,0.0,0.04,2.8,107.71,1.59,111.2,05:56:00,869999.0,3233473423 3233473423,ХРАНИНВЕСТ ЕООД % ПРОДАЖБИ
2026-06-17,1147 Варна Ситроен,B8986TE,78970156027720046,DIESEL EKONOMY,40.52,L15,1.54,0.0,0.04,1.62,62.4,1.59,64.43,15:02:00,303690.0,3233478992 3233478992,ХРАНИНВЕСТ ЕООД % ПРОДАЖБИ
2026-06-17,1148 Варна пристанище,V,78970153027720795,DIESEL DOUBLE FILTERED,70.01,L15,1.79,0.0,0.09,6.3,125.32,1.85,129.52,19:14:00,0.0,3233495558 3233495558,ХРАНИНВЕСТ ЕООД % ПРОДАЖБИ
2026-06-17,1158 Варна Чайка,B9632TM,78970156027720038,DIESEL DOUBLE FILTERED,40.0,L15,1.79,0.0,0.09,3.6,71.6,1.85,74.0,14:59:00,297087.0,3233486829 3233486829,ХРАНИНВЕСТ ЕООД % ПРОДАЖБИ
2026-06-17,1199 Varna Car Osvoboditel,B9231XE,78970156027720483,DIESEL DOUBLE FILTERED,62.03,L15,1.79,0.0,0.09,5.58,111.03,1.85,114.76,13:35:00,363754.0,3233493622 3233493622,ХРАНИНВЕСТ ЕООД % ПРОДАЖБИ
2026-06-17,1911 O5 Варна,B0038XB,78970156027720830,EKO RACING 100,72.25,L15,1.77,0.0,0.07,5.06,127.88,1.81,130.77,21:42:00,0.0,3233488994 3233488994,ХРАНИНВЕСТ ЕООД % ПРОДАЖБИ
2026-06-17,1926 Ботевград,B2127TX,78970156027720137,DIESEL EKONOMY,42.2,L15,1.54,0.0,0.04,1.69,64.99,1.59,67.1,08:35:00,0.0,3233478124 3233478124,ХРАНИНВЕСТ ЕООД % ПРОДАЖБИ
2026-06-18,1918 O5 Търговище,B7033TA,78970156027720160,DIESEL EKONOMY,49.47,L15,1.54,0.0,0.04,1.98,76.18,1.58,78.16,06:03:00,0.0,3233528513 3233528513,ХРАНИНВЕСТ ЕООД % ПРОДАЖБИ
2026-06-18,1918 O5 Търговище,B7033TA,78970156027720160,ADBLUE 1L,7.85,L15,1.22,0.0,0.0,,9.58,1.22,9.58,06:03:00,0.0,3233528513 3233528513,ХРАНИНВЕСТ ЕООД % ПРОДАЖБИ
2026-06-18,"1925 HW Trakia, 243 km. Sofia direc",B6349TT,78970156027720186,DIESEL EKONOMY,30.72,L15,1.54,0.0,0.04,1.23,47.31,1.6,49.15,06:06:00,377142.0,3233532973 3233532973,ХРАНИНВЕСТ ЕООД % ПРОДАЖБИ
2026-06-19,1147 Варна Ситроен,B8986TE,78970156027720046,DIESEL EKONOMY,26.77,L15,1.54,0.0,0.04,1.07,41.23,1.56,41.76,14:35:00,303958.0,3233578257 3233578257,ХРАНИНВЕСТ ЕООД % ПРОДАЖБИ
2026-06-19,1158 Варна Чайка,B8959TE,78970156027720053,DIESEL EKONOMY,61.31,L15,1.54,0.0,0.04,2.45,94.42,1.56,95.64,08:36:00,338513.0,3233577941 3233577941,ХРАНИНВЕСТ ЕООД % ПРОДАЖБИ
2026-06-19,1158 Варна Чайка,C,78970156027720244,DIESEL DOUBLE FILTERED,70.76,L15,1.79,0.0,0.09,6.37,126.66,1.82,128.78,18:14:00,0.0,3233593803 3233593803,ХРАНИНВЕСТ ЕООД % ПРОДАЖБИ
2026-06-19,1922 Kardzhali Belomorski,B6349TT,78970156027720186,DIESEL EKONOMY,29.22,L15,1.54,0.0,0.04,1.17,45.0,1.56,45.58,12:15:00,377547.0,3233590142 3233590142,ХРАНИНВЕСТ ЕООД % ПРОДАЖБИ
2026-06-22,1147 Варна Ситроен,B4348BM,78970156027720152,DIESEL DOUBLE FILTERED,47.55,L15,1.74,0.0,0.08,3.8,82.74,1.78,84.64,07:31:00,0.0,3233715407 3233715407,ХРАНИНВЕСТ ЕООД % ПРОДАЖБИ
2026-06-22,"1178 Русе, бул. България",B6349TT,78970156027720186,DIESEL EKONOMY,46.67,L15,1.47,0.0,0.03,1.4,68.6,1.52,70.94,10:12:00,378169.0,3233723252 3233723252,ХРАНИНВЕСТ ЕООД % ПРОДАЖБИ
2026-06-22,1911 O5 Варна,S,78970156027720228,EKO RACING 100,91.08,L15,1.72,0.0,0.06,5.46,156.66,1.77,161.21,13:49:00,0.0,3233717504 3233717504,ХРАНИНВЕСТ ЕООД % ПРОДАЖБИ
2026-06-22,1918 O5 Търговище,B7320TH,78970156027720020,DIESEL EKONOMY,29.01,L15,1.47,0.0,0.03,0.87,42.64,1.52,44.1,08:59:00,0.0,3233713955 3233713955,ХРАНИНВЕСТ ЕООД % ПРОДАЖБИ
2026-06-22,1918 O5 Търговище,B7320TH,78970156027720020,DIESEL EKONOMY,25.42,L15,1.47,0.0,0.03,0.76,37.37,1.52,38.64,12:55:00,0.0,3233724258 3233724258,ХРАНИНВЕСТ ЕООД % ПРОДАЖБИ
2026-06-23,1147 Варна Ситроен,B7087BP,78970156027720095,DIESEL EKONOMY,140.6,L15,1.47,0.0,0.03,4.22,206.68,1.52,213.71,03:40:00,117663.0,3233750948 3233750948,ХРАНИНВЕСТ ЕООД % ПРОДАЖБИ
2026-06-23,1152 Бургас езеро,B7320TH,78970156027720020,DIESEL EKONOMY,55.44,L15,1.47,0.0,0.03,1.66,81.5,1.52,84.27,10:12:00,0.0,3233761203 3233761203,ХРАНИНВЕСТ ЕООД % ПРОДАЖБИ
2026-06-23,1158 Варна Чайка,C,78970156027720244,DIESEL DOUBLE FILTERED,43.29,L15,1.74,0.0,0.08,3.46,75.32,1.78,77.06,14:31:00,0.0,3233767011 3233767011,ХРАНИНВЕСТ ЕООД % ПРОДАЖБИ
2026-06-23,"1179 Русе, Липник",B0038XB,78970156027720830,EKO RACING 100,54.32,L15,1.72,0.0,0.06,3.26,93.43,1.77,96.15,21:01:00,0.0,3233777944 3233777944,ХРАНИНВЕСТ ЕООД % ПРОДАЖБИ
2026-06-23,1199 Varna Car Osvoboditel,B9231XE,78970156027720483,DIESEL DOUBLE FILTERED,50.39,L15,1.74,0.0,0.08,4.03,87.68,1.78,89.69,14:05:00,364035.0,3233777705 3233777705,ХРАНИНВЕСТ ЕООД % ПРОДАЖБИ
2026-06-23,1911 O5 Варна,B8959TE,78970156027720053,DIESEL EKONOMY,35.52,L15,1.47,0.0,0.03,1.07,52.21,1.52,53.99,10:18:00,338800.0,3233760209 3233760209,ХРАНИНВЕСТ ЕООД % ПРОДАЖБИ
2026-06-24,1147 Варна Ситроен,B7320TH,78970156027720020,DIESEL EKONOMY,25.08,L15,1.46,0.0,0.03,0.75,36.62,1.51,37.87,06:14:00,0.0,3233787619 3233787619,ХРАНИНВЕСТ ЕООД % ПРОДАЖБИ
2026-06-24,1157 Пловдив Тракия,B7087BP,78970156027720095,DIESEL EKONOMY,127.84,L15,1.46,0.0,0.03,3.84,186.65,1.54,196.87,08:24:00,0.0,3233807853 3233807853,ХРАНИНВЕСТ ЕООД % ПРОДАЖБИ
2026-06-24,"1903 София, О5 Царско село",B7411HP,78970156027720111,DIESEL EKONOMY,64.17,L15,1.46,0.0,0.03,1.93,93.69,1.53,98.18,08:33:00,0.0,3233771883 3233771883,ХРАНИНВЕСТ ЕООД % ПРОДАЖБИ
2026-06-24,"1912 O5, Шумен 1",B6349TT,78970156027720186,DIESEL EKONOMY,47.16,L15,1.46,0.0,0.03,1.41,68.85,1.51,71.21,11:00:00,378493.0,3233816070 3233816070,ХРАНИНВЕСТ ЕООД % ПРОДАЖБИ
2026-06-25,1147 Варна Ситроен,B8986TE,78970156027720046,DIESEL EKONOMY,51.77,L15,1.46,0.0,0.03,1.55,75.58,1.51,78.17,15:27:00,304416.0,3233854172 3233854172,ХРАНИНВЕСТ ЕООД % ПРОДАЖБИ
2026-06-25,1161 София Шипченски проход,B7411HP,78970156027720111,DIESEL EKONOMY,77.36,L15,1.46,0.0,0.03,2.32,112.95,1.5,116.04,14:11:00,0.0,3233855751 3233855751,ХРАНИНВЕСТ ЕООД % ПРОДАЖБИ
2026-06-25,1918 O5 Търговище,B7087BP,78970156027720095,DIESEL EKONOMY,117.75,L15,1.46,0.0,0.03,3.53,171.92,1.51,177.8,06:07:00,118805.0,3233856087 3233856087,ХРАНИНВЕСТ ЕООД % ПРОДАЖБИ
2026-06-25,"1925 HW Trakia, 243 km. Sofia direc",B6349TT,78970156027720186,DIESEL EKONOMY,29.9,L15,1.46,0.0,0.03,0.9,43.65,1.54,46.05,06:15:00,378893.0,3233861015 3233861015,ХРАНИНВЕСТ ЕООД % ПРОДАЖБИ
2026-06-26,1131 София Бояна,B2127TX,78970156027720137,DIESEL EKONOMY,57.12,L15,1.44,0.0,0.03,1.71,82.25,1.53,87.39,12:05:00,0.0,3233920705 3233920705,ХРАНИНВЕСТ ЕООД % ПРОДАЖБИ
2026-06-26,1146 Варна Сливница,S,78970156027720228,95 EKONOMY UNLEADED,89.19,L15,1.4,0.0,0.03,2.68,124.87,1.5,133.78,20:35:00,0.0,3233902467 3233902467,ХРАНИНВЕСТ ЕООД % ПРОДАЖБИ
2026-06-26,1158 Варна Чайка,B9632TM,78970156027720038,DIESEL DOUBLE FILTERED,50.0,L15,1.7,0.0,0.08,4.0,85.0,1.77,88.5,15:56:00,297590.0,3233935208 3233935208,ХРАНИНВЕСТ ЕООД % ПРОДАЖБИ
2026-06-26,1158 Варна Чайка,B1973XB,78970156027720087,95 EKONOMY UNLEADED,40.9,L15,1.4,0.0,0.03,1.23,57.26,1.5,61.35,18:20:00,15583.0,3233937723 3233937723,ХРАНИНВЕСТ ЕООД % ПРОДАЖБИ
2026-06-26,1911 O5 Варна,B8959TE,78970156027720053,DIESEL EKONOMY,58.02,L15,1.44,0.0,0.03,1.74,83.55,1.51,87.61,11:14:00,339280.0,3233919612 3233919612,ХРАНИНВЕСТ ЕООД % ПРОДАЖБИ
2026-06-28,1148 Варна пристанище,B0038XB,78970156027720830,EKO RACING 100,57.22,L15,1.71,0.0,0.06,3.43,97.85,1.76,100.71,22:38:00,0.0,3234024616 3234024616,ХРАНИНВЕСТ ЕООД % ПРОДАЖБИ
2026-06-29,1147 Варна Ситроен,B4348BM,78970156027720152,DIESEL DOUBLE FILTERED,47.97,L15,1.7,0.0,0.08,3.84,81.55,1.77,84.91,07:33:00,0.0,3234046219 3234046219,ХРАНИНВЕСТ ЕООД % ПРОДАЖБИ
2026-06-29,1147 Варна Ситроен,B8986TE,78970156027720046,DIESEL EKONOMY,25.32,L15,1.43,0.0,0.03,0.76,36.21,1.51,38.23,14:27:00,304640.0,3234053519 3234053519,ХРАНИНВЕСТ ЕООД % ПРОДАЖБИ
2026-06-29,1158 Варна Чайка,C,78970156027720244,DIESEL DOUBLE FILTERED,78.25,L15,1.7,0.0,0.08,6.26,133.02,1.77,138.5,09:55:00,0.0,3234050938 3234050938,ХРАНИНВЕСТ ЕООД % ПРОДАЖБИ
2026-06-30,1139 София Ломско шосе,B2127TX,78970156027720137,DIESEL EKONOMY,57.75,L15,1.43,0.0,0.03,1.73,82.58,1.51,87.2,16:11:00,0.0,3234115812 3234115812,ХРАНИНВЕСТ ЕООД % ПРОДАЖБИ
2026-06-30,1173 Ямбол,B7087BP,78970156027720095,DIESEL DOUBLE FILTERED,151.24,L15,1.7,0.0,0.08,12.1,257.11,1.76,266.18,08:41:00,0.0,3234114040 3234114040,ХРАНИНВЕСТ ЕООД % ПРОДАЖБИ
2026-06-30,1199 Varna Car Osvoboditel,B9231XE,78970156027720483,DIESEL DOUBLE FILTERED,62.94,L15,1.7,0.0,0.08,5.04,107.0,1.77,111.4,10:33:00,364420.0,3234102399 3234102399,ХРАНИНВЕСТ ЕООД % ПРОДАЖБИ
2026-06-08,1199 Varna Car Osvoboditel,B6469TH,78970156027720269,95 EKONOMY UNLEADED,38.95,L15,1.49,0.0,0.03,1.17,58.04,1.56,60.76,16:55:00,0.0,3233063743 3233063743,ХРАНИНВЕСТ ЕООД % ТЪРГОВЦИ
2026-06-11,1162 София Люлин П. Владигеров,B9325TM,78970156027720251,95 EKONOMY UNLEADED,28.89,L15,1.47,0.0,0.03,0.87,42.47,1.56,45.07,13:18:00,0.0,3233202229 3233202229,ХРАНИНВЕСТ ЕООД % ТЪРГОВЦИ
2026-06-20,1918 O5 Търговище,B6802BX,78970156027720277,95 EKONOMY UNLEADED,33.67,L15,1.43,0.0,0.03,1.01,48.15,1.53,51.52,07:52:00,0.0,3233632581 3233632581,ХРАНИНВЕСТ ЕООД % ТЪРГОВЦИ
2026-06-23,1158 Варна Чайка,B6802BX,78970156027720277,95 EKONOMY UNLEADED,37.71,L15,1.42,0.0,0.03,1.13,53.55,1.51,56.94,19:57:00,0.0,3233774964 3233774964,ХРАНИНВЕСТ ЕООД % ТЪРГОВЦИ
